payment_id,transaction_id,payment_type,payment_status,failure_reason,settlement_amount,currency
PAY0000000001,T000000001262,direct_debit,completed,,66.33,GBP
PAY0000000002,T000000003167,faster_payment,completed,insufficient_funds,34.08,GBP
PAY0000000003,T000000000001,international,completed,beneficiary_invalid,31.04,GBP
PAY0000000004,T000000000038,faster_payment,completed,insufficient_funds,170.08,USD
PAY0000000005,T000000002935,faster_payment,completed,insufficient_funds,4.46,GBP
PAY0000000006,T000000002462,international,completed,,48.73,GBP
PAY0000000007,T000000003125,faster_payment,completed,beneficiary_invalid,19.33,GBP
PAY0000000008,T000000000112,direct_debit,completed,,52.46,GBP
PAY0000000009,T000000001283,card,completed,insufficient_funds,13.17,GBP
PAY0000000010,T000000004191,card,completed,insufficient_funds,6.29,GBP
PAY0000000011,T000000004048,card,completed,,27.8,EUR
PAY0000000012,T000000004493,faster_payment,completed,fraud_hold,10.36,GBP
PAY0000000013,T000000000708,faster_payment,completed,insufficient_funds,12.1,GBP
PAY0000000014,T000000001557,faster_payment,completed,technical_error,15.81,GBP
PAY0000000015,T000000001984,card,completed,,27.58,GBP
PAY0000000016,T000000001472,faster_payment,completed,insufficient_funds,22.34,GBP
PAY0000000017,T000000004304,direct_debit,completed,,12.45,EUR
PAY0000000018,T000000003890,international,failed,technical_error,5.0,GBP
PAY0000000019,T000000004900,card,completed,timeout,7.23,GBP
PAY0000000020,T000000004536,direct_debit,completed,,140.86,EUR
PAY0000000021,T000000003056,international,completed,technical_error,35.94,GBP
PAY0000000022,T000000001453,faster_payment,completed,fraud_hold,16.75,GBP
PAY0000000023,T000000002975,faster_payment,completed,,91.39,GBP
PAY0000000024,T000000003862,direct_debit,completed,,34.04,GBP
PAY0000000025,T000000004261,direct_debit,completed,timeout,48.78,GBP
PAY0000000026,T000000004877,card,completed,,159.67,GBP
PAY0000000027,T000000004283,faster_payment,completed,insufficient_funds,7.97,GBP
PAY0000000028,T000000002716,international,completed,,109.75,GBP
PAY0000000029,T000000003207,card,completed,insufficient_funds,6.62,GBP
PAY0000000030,T000000001257,card,completed,,18.25,GBP
PAY0000000031,T000000000075,direct_debit,returned,insufficient_funds,158.12,GBP
PAY0000000032,T000000003175,faster_payment,completed,,46.69,GBP
PAY0000000033,T000000004752,direct_debit,returned,technical_error,67.71,GBP
PAY0000000034,T000000000020,direct_debit,completed,,18.87,GBP
PAY0000000035,T000000000112,direct_debit,completed,,136.67,GBP
PAY0000000036,T000000000149,faster_payment,completed,,21.82,GBP
PAY0000000037,T000000001582,faster_payment,completed,insufficient_funds,10.34,GBP
PAY0000000038,T000000000186,faster_payment,completed,,19.84,GBP
PAY0000000039,T000000002610,faster_payment,completed,,60.0,GBP
PAY0000000040,T000000000953,faster_payment,completed,insufficient_funds,8.39,GBP
PAY0000000041,T000000004216,faster_payment,pending,,4.1,GBP
PAY0000000042,T000000004750,faster_payment,pending,,9.86,USD
PAY0000000043,T000000001014,card,completed,insufficient_funds,36.39,GBP
PAY0000000044,T000000003312,direct_debit,completed,,54.5,GBP
PAY0000000045,T000000002870,faster_payment,completed,,56.34,GBP
PAY0000000046,T000000003783,international,completed,beneficiary_invalid,24.56,GBP
PAY0000000047,T000000000223,direct_debit,completed,timeout,59.43,GBP
PAY0000000048,T000000000765,faster_payment,completed,beneficiary_invalid,22.29,GBP
PAY0000000049,T000000003106,card,completed,beneficiary_invalid,73.4,GBP
PAY0000000050,T000000001126,faster_payment,completed,insufficient_funds,15.62,USD
PAY0000000051,T000000002495,card,completed,,159.52,GBP
PAY0000000052,T000000000260,direct_debit,returned,,22.86,GBP
PAY0000000053,T000000002771,international,pending,,45.49,GBP
PAY0000000054,T000000000833,faster_payment,returned,,15.26,GBP
PAY0000000055,T000000004616,faster_payment,completed,technical_error,27.9,EUR
PAY0000000056,T000000000297,faster_payment,completed,,54.95,GBP
PAY0000000057,T000000001739,card,completed,,35.62,GBP
PAY0000000058,T000000003906,faster_payment,completed,,22.13,EUR
PAY0000000059,T000000000793,faster_payment,completed,,14.44,GBP
PAY0000000060,T000000003087,international,completed,,3.96,GBP
PAY0000000061,T000000000190,direct_debit,completed,insufficient_funds,107.25,GBP
PAY0000000062,T000000003617,card,returned,,30.72,GBP
PAY0000000063,T000000002794,card,completed,insufficient_funds,12.13,GBP
PAY0000000064,T000000001926,card,returned,technical_error,64.44,GBP
PAY0000000065,T000000003542,card,completed,technical_error,48.13,EUR
PAY0000000066,T000000000334,international,completed,,59.81,GBP
PAY0000000067,T000000000037,faster_payment,completed,insufficient_funds,30.24,GBP
PAY0000000068,T000000000371,faster_payment,completed,fraud_hold,16.14,GBP
PAY0000000069,T000000001286,international,completed,insufficient_funds,184.54,USD
PAY0000000070,T000000000536,faster_payment,completed,beneficiary_invalid,71.04,GBP
PAY0000000071,T000000004189,international,completed,,191.91,GBP
PAY0000000072,T000000001345,direct_debit,completed,beneficiary_invalid,31.28,USD
PAY0000000073,T000000003733,card,completed,,43.43,GBP
PAY0000000074,T000000000748,faster_payment,completed,timeout,30.35,GBP
PAY0000000075,T000000004990,card,failed,timeout,26.62,GBP
PAY0000000076,T000000002271,card,completed,,28.05,GBP
PAY0000000077,T000000000408,card,completed,,8.78,EUR
PAY0000000078,T000000000147,faster_payment,completed,,189.97,EUR
PAY0000000079,T000000004093,faster_payment,completed,,49.29,GBP
PAY0000000080,T000000004666,faster_payment,completed,timeout,10.77,USD
PAY0000000081,T000000003053,card,completed,insufficient_funds,382.78,GBP
PAY0000000082,T000000000962,card,completed,technical_error,54.98,GBP
PAY0000000083,T000000002668,card,completed,insufficient_funds,22.9,GBP
PAY0000000084,T000000004118,faster_payment,completed,technical_error,8.2,GBP
PAY0000000085,T000000001775,international,completed,,4.44,GBP
PAY0000000086,T000000001795,faster_payment,completed,,27.65,GBP
PAY0000000087,T000000000905,faster_payment,completed,insufficient_funds,16.49,GBP
PAY0000000088,T000000003215,international,completed,,22.74,GBP
PAY0000000089,T000000003535,card,completed,,59.64,GBP
PAY0000000090,T000000001718,direct_debit,completed,,21.57,GBP
PAY0000000091,T000000001060,faster_payment,completed,beneficiary_invalid,27.59,EUR
PAY0000000092,T000000000479,international,completed,beneficiary_invalid,49.2,GBP
PAY0000000093,T000000003400,faster_payment,completed,insufficient_funds,57.09,EUR
PAY0000000094,T000000004530,faster_payment,completed,,5.5,GBP
PAY0000000095,T000000004186,direct_debit,completed,beneficiary_invalid,15.27,GBP
PAY0000000096,T000000000445,faster_payment,completed,insufficient_funds,9.58,GBP
PAY0000000097,T000000001239,card,completed,,25.11,GBP
PAY0000000098,T000000000092,card,completed,insufficient_funds,19.4,EUR
PAY0000000099,T000000000482,faster_payment,failed,fraud_hold,149.17,GBP
PAY0000000100,T000000004142,faster_payment,completed,,41.11,GBP
PAY0000000101,T000000001912,direct_debit,completed,,26.46,GBP
PAY0000000102,T000000003280,card,completed,,106.87,GBP
PAY0000000103,T000000000519,faster_payment,completed,technical_error,19.07,EUR
PAY0000000104,T000000000556,faster_payment,completed,insufficient_funds,3.9,GBP
PAY0000000105,T000000004151,card,completed,fraud_hold,91.46,EUR
PAY0000000106,T000000002480,card,completed,beneficiary_invalid,20.42,GBP
PAY0000000107,T000000002052,direct_debit,completed,technical_error,20.57,GBP
PAY0000000108,T000000000593,faster_payment,completed,insufficient_funds,49.2,USD
PAY0000000109,T000000001420,direct_debit,completed,,9.7,GBP
PAY0000000110,T000000003880,faster_payment,completed,,12.26,GBP
PAY0000000111,T000000004530,international,completed,,96.68,GBP
PAY0000000112,T000000000152,card,completed,,97.21,EUR
PAY0000000113,T000000001740,faster_payment,completed,beneficiary_invalid,132.59,GBP
PAY0000000114,T000000004123,card,completed,,31.13,EUR
PAY0000000115,T000000000630,international,completed,,50.99,GBP
PAY0000000116,T000000003160,card,completed,insufficient_funds,14.27,GBP
PAY0000000117,T000000004789,faster_payment,completed,,56.87,GBP
PAY0000000118,T000000001662,faster_payment,completed,,16.89,EUR
PAY0000000119,T000000003322,international,completed,beneficiary_invalid,102.13,GBP
PAY0000000120,T000000004317,direct_debit,completed,,12.76,GBP
PAY0000000121,T000000002060,direct_debit,failed,insufficient_funds,11.51,GBP
PAY0000000122,T000000000383,card,completed,,72.18,GBP
PAY0000000123,T000000001832,faster_payment,completed,,17.63,GBP
PAY0000000124,T000000001637,card,completed,,3.76,GBP
PAY0000000125,T000000003027,card,completed,fraud_hold,18.73,EUR
PAY0000000126,T000000002041,card,completed,,175.54,GBP
PAY0000000127,T000000002959,faster_payment,completed,,16.1,GBP
PAY0000000128,T000000003375,card,completed,,39.79,GBP
PAY0000000129,T000000004571,card,completed,,1.15,GBP
PAY0000000130,T000000003774,faster_payment,completed,fraud_hold,51.02,GBP
PAY0000000131,T000000001154,faster_payment,completed,,39.77,GBP
PAY0000000132,T000000001377,faster_payment,completed,,26.97,GBP
PAY0000000133,T000000001919,card,completed,insufficient_funds,38.82,GBP
PAY0000000134,T000000000154,card,pending,,15.28,USD
PAY0000000135,T000000001235,card,completed,,131.21,GBP
PAY0000000136,T000000001372,faster_payment,completed,technical_error,9.23,EUR
PAY0000000137,T000000003709,faster_payment,completed,technical_error,160.48,GBP
PAY0000000138,T000000002509,card,completed,,91.83,GBP
PAY0000000139,T000000002823,card,completed,,27.07,EUR
PAY0000000140,T000000003225,card,completed,,153.41,GBP
PAY0000000141,T000000003665,international,completed,,50.98,GBP
PAY0000000142,T000000004774,faster_payment,completed,,9.11,GBP
PAY0000000143,T000000002129,card,completed,,17.48,GBP
PAY0000000144,T000000003463,card,completed,technical_error,31.43,GBP
PAY0000000145,T000000003220,international,completed,fraud_hold,77.74,GBP
PAY0000000146,T000000001325,direct_debit,completed,insufficient_funds,8.0,GBP
PAY0000000147,T000000000150,faster_payment,completed,,31.96,GBP
PAY0000000148,T000000002106,card,completed,,6.26,GBP
PAY0000000149,T000000000667,card,completed,beneficiary_invalid,10.11,GBP
PAY0000000150,T000000004908,direct_debit,completed,technical_error,12.06,GBP
PAY0000000151,T000000001545,faster_payment,completed,,17.65,GBP
PAY0000000152,T000000000704,direct_debit,completed,beneficiary_invalid,87.15,USD
PAY0000000153,T000000000741,faster_payment,completed,,95.94,GBP
PAY0000000154,T000000000778,faster_payment,completed,,76.87,GBP
PAY0000000155,T000000000815,direct_debit,completed,,21.24,GBP
PAY0000000156,T000000000852,faster_payment,completed,,27.34,GBP
PAY0000000157,T000000001190,direct_debit,completed,,297.74,GBP
PAY0000000158,T000000003557,card,completed,technical_error,16.17,EUR
PAY0000000159,T000000002302,card,completed,,11.84,GBP
PAY0000000160,T000000002016,faster_payment,completed,,40.84,GBP
PAY0000000161,T000000003041,faster_payment,completed,,76.2,EUR
PAY0000000162,T000000002770,faster_payment,completed,fraud_hold,50.04,GBP
PAY0000000163,T000000004741,international,completed,,118.47,EUR
PAY0000000164,T000000004946,international,completed,insufficient_funds,45.33,GBP
PAY0000000165,T000000000417,card,completed,,156.89,EUR
PAY0000000166,T000000002863,direct_debit,completed,timeout,9.79,GBP
PAY0000000167,T000000000889,direct_debit,completed,,68.61,EUR
PAY0000000168,T000000003354,faster_payment,completed,,37.48,GBP
PAY0000000169,T000000002313,faster_payment,completed,,14.68,GBP
PAY0000000170,T000000003545,card,completed,,61.11,GBP
PAY0000000171,T000000000926,direct_debit,completed,,81.69,GBP
PAY0000000172,T000000000862,faster_payment,pending,insufficient_funds,86.95,USD
PAY0000000173,T000000000400,faster_payment,completed,,14.89,GBP
PAY0000000174,T000000003703,faster_payment,completed,,29.21,GBP
PAY0000000175,T000000001969,direct_debit,completed,,7.6,GBP
PAY0000000176,T000000003417,international,completed,insufficient_funds,69.71,GBP
PAY0000000177,T000000003477,card,completed,,21.75,GBP
PAY0000000178,T000000004726,faster_payment,completed,technical_error,425.92,EUR
PAY0000000179,T000000000783,international,completed,,39.61,USD
PAY0000000180,T000000002941,faster_payment,completed,technical_error,63.53,GBP
PAY0000000181,T000000001499,faster_payment,completed,,38.15,EUR
PAY0000000182,T000000004212,faster_payment,completed,,14.9,USD
PAY0000000183,T000000002364,card,completed,,5.88,EUR
PAY0000000184,T000000000451,faster_payment,completed,insufficient_funds,136.39,GBP
PAY0000000185,T000000004031,faster_payment,completed,fraud_hold,60.56,GBP
PAY0000000186,T000000000162,international,completed,insufficient_funds,89.77,GBP
PAY0000000187,T000000004329,faster_payment,completed,technical_error,48.48,GBP
PAY0000000188,T000000000239,direct_debit,completed,beneficiary_invalid,51.56,USD
PAY0000000189,T000000002306,card,completed,insufficient_funds,14.22,USD
PAY0000000190,T000000004962,faster_payment,failed,,31.53,GBP
PAY0000000191,T000000002322,card,completed,,15.14,EUR
PAY0000000192,T000000000963,direct_debit,pending,beneficiary_invalid,58.09,GBP
PAY0000000193,T000000000938,faster_payment,completed,beneficiary_invalid,6.6,GBP
PAY0000000194,T000000002334,direct_debit,completed,fraud_hold,101.73,GBP
PAY0000000195,T000000001105,faster_payment,completed,timeout,5.92,EUR
PAY0000000196,T000000004547,direct_debit,completed,beneficiary_invalid,131.75,GBP
PAY0000000197,T000000001000,international,completed,beneficiary_invalid,14.44,GBP
PAY0000000198,T000000002749,faster_payment,completed,timeout,10.04,GBP
PAY0000000199,T000000001037,direct_debit,completed,,181.65,GBP
PAY0000000200,T000000004187,card,completed,,20.12,GBP
PAY0000000201,T000000004392,faster_payment,completed,insufficient_funds,41.01,GBP
PAY0000000202,T000000002669,faster_payment,completed,,55.59,EUR
PAY0000000203,T000000003683,card,completed,,13.23,GBP
PAY0000000204,T000000002894,card,completed,,126.92,GBP
PAY0000000205,T000000004539,direct_debit,completed,technical_error,14.88,GBP
PAY0000000206,T000000004765,card,completed,,162.47,GBP
PAY0000000207,T000000001794,card,completed,timeout,18.43,EUR
PAY0000000208,T000000001418,faster_payment,completed,,8.96,GBP
PAY0000000209,T000000001074,direct_debit,completed,fraud_hold,31.91,GBP
PAY0000000210,T000000001660,international,completed,,86.7,GBP
PAY0000000211,T000000001111,card,returned,,38.9,EUR
PAY0000000212,T000000001023,faster_payment,completed,,10.6,EUR
PAY0000000213,T000000003507,card,completed,beneficiary_invalid,28.12,GBP
PAY0000000214,T000000001073,direct_debit,completed,technical_error,31.54,USD
PAY0000000215,T000000003965,card,completed,,8.64,GBP
PAY0000000216,T000000000307,faster_payment,completed,fraud_hold,35.15,GBP
PAY0000000217,T000000003828,faster_payment,completed,technical_error,15.69,GBP
PAY0000000218,T000000002961,faster_payment,completed,insufficient_funds,41.45,GBP
PAY0000000219,T000000002261,faster_payment,completed,,15.98,GBP
PAY0000000220,T000000004169,faster_payment,completed,,85.2,EUR
PAY0000000221,T000000002529,direct_debit,returned,fraud_hold,84.28,GBP
PAY0000000222,T000000002136,faster_payment,completed,beneficiary_invalid,24.26,GBP
PAY0000000223,T000000003014,faster_payment,completed,fraud_hold,7.89,GBP
PAY0000000224,T000000003795,card,completed,,24.75,GBP
PAY0000000225,T000000002657,faster_payment,completed,,17.27,GBP
PAY0000000226,T000000004806,faster_payment,completed,technical_error,118.59,GBP
PAY0000000227,T000000002072,faster_payment,completed,,71.97,GBP
PAY0000000228,T000000001148,direct_debit,completed,,135.7,USD
PAY0000000229,T000000003599,faster_payment,completed,,46.69,GBP
PAY0000000230,T000000001185,faster_payment,completed,,9.89,GBP
PAY0000000231,T000000002940,card,failed,,54.84,USD
PAY0000000232,T000000001222,faster_payment,failed,fraud_hold,17.21,GBP
PAY0000000233,T000000001259,card,completed,insufficient_funds,15.17,GBP
PAY0000000234,T000000001679,faster_payment,completed,,189.52,GBP
PAY0000000235,T000000002600,card,completed,beneficiary_invalid,33.79,USD
PAY0000000236,T000000001173,card,completed,insufficient_funds,55.95,EUR
PAY0000000237,T000000001343,faster_payment,completed,,146.09,GBP
PAY0000000238,T000000001722,card,completed,fraud_hold,23.99,GBP
PAY0000000239,T000000001065,faster_payment,completed,insufficient_funds,7.78,GBP
PAY0000000240,T000000004747,international,completed,,31.4,GBP
PAY0000000241,T000000001296,faster_payment,completed,technical_error,33.89,USD
PAY0000000242,T000000001333,faster_payment,pending,beneficiary_invalid,19.19,GBP
PAY0000000243,T000000004101,international,completed,,59.37,EUR
PAY0000000244,T000000003661,faster_payment,completed,timeout,10.4,EUR
PAY0000000245,T000000004344,card,completed,,42.77,GBP
PAY0000000246,T000000001370,card,completed,,3.95,USD
PAY0000000247,T000000004376,faster_payment,completed,beneficiary_invalid,65.94,GBP
PAY0000000248,T000000000142,international,completed,insufficient_funds,92.98,EUR
PAY0000000249,T000000004993,direct_debit,completed,,10.7,GBP
PAY0000000250,T000000000744,faster_payment,completed,,64.41,GBP
PAY0000000251,T000000001407,direct_debit,completed,,20.64,EUR
PAY0000000252,T000000001088,international,completed,,790.03,GBP
PAY0000000253,T000000002769,international,completed,,7.88,GBP
PAY0000000254,T000000001483,direct_debit,returned,fraud_hold,31.3,GBP
PAY0000000255,T000000004991,faster_payment,completed,insufficient_funds,35.59,GBP
PAY0000000256,T000000001444,international,returned,,16.88,GBP
PAY0000000257,T000000001838,faster_payment,completed,insufficient_funds,25.46,GBP
PAY0000000258,T000000001481,faster_payment,completed,,51.16,GBP
PAY0000000259,T000000002223,faster_payment,completed,insufficient_funds,227.63,GBP
PAY0000000260,T000000004356,faster_payment,completed,insufficient_funds,17.66,EUR
PAY0000000261,T000000001934,faster_payment,completed,,14.59,GBP
PAY0000000262,T000000003549,card,completed,beneficiary_invalid,28.89,EUR
PAY0000000263,T000000004444,direct_debit,completed,fraud_hold,24.01,GBP
PAY0000000264,T000000001518,international,completed,insufficient_funds,19.99,GBP
PAY0000000265,T000000001201,international,pending,,56.09,EUR
PAY0000000266,T000000002107,faster_payment,completed,fraud_hold,9.07,GBP
PAY0000000267,T000000000971,card,completed,fraud_hold,38.27,GBP
PAY0000000268,T000000001453,faster_payment,completed,,71.37,GBP
PAY0000000269,T000000001657,card,failed,technical_error,48.35,EUR
PAY0000000270,T000000003280,direct_debit,completed,,106.16,GBP
PAY0000000271,T000000003827,faster_payment,completed,,25.19,GBP
PAY0000000272,T000000004275,card,completed,,12.71,GBP
PAY0000000273,T000000004230,faster_payment,pending,,8.81,GBP
PAY0000000274,T000000000708,card,completed,technical_error,8.38,GBP
PAY0000000275,T000000002700,card,completed,insufficient_funds,146.97,GBP
PAY0000000276,T000000000680,international,completed,,12.71,GBP
PAY0000000277,T000000002160,faster_payment,completed,insufficient_funds,54.31,USD
PAY0000000278,T000000003079,faster_payment,completed,beneficiary_invalid,18.95,GBP
PAY0000000279,T000000002749,card,completed,,95.12,GBP
PAY0000000280,T000000002694,direct_debit,completed,,59.36,GBP
PAY0000000281,T000000001555,card,completed,fraud_hold,168.02,GBP
PAY0000000282,T000000001592,faster_payment,completed,technical_error,159.46,GBP
PAY0000000283,T000000003020,card,completed,,41.28,GBP
PAY0000000284,T000000002805,faster_payment,completed,insufficient_funds,125.79,GBP
PAY0000000285,T000000003885,direct_debit,completed,timeout,15.8,GBP
PAY0000000286,T000000002639,card,completed,,8.58,GBP
PAY0000000287,T000000003541,direct_debit,completed,insufficient_funds,36.32,GBP
PAY0000000288,T000000003668,international,completed,insufficient_funds,47.77,GBP
PAY0000000289,T000000001629,faster_payment,completed,fraud_hold,11.63,GBP
PAY0000000290,T000000001387,card,completed,insufficient_funds,25.55,GBP
PAY0000000291,T000000000088,faster_payment,completed,,11.14,GBP
PAY0000000292,T000000001606,card,failed,timeout,9.19,EUR
PAY0000000293,T000000000755,faster_payment,completed,technical_error,219.07,USD
PAY0000000294,T000000003756,faster_payment,completed,,10.34,GBP
PAY0000000295,T000000003316,direct_debit,completed,,22.63,GBP
PAY0000000296,T000000001869,international,completed,timeout,66.91,GBP
PAY0000000297,T000000002611,direct_debit,completed,,28.31,GBP
PAY0000000298,T000000001697,direct_debit,pending,technical_error,9.43,GBP
PAY0000000299,T000000003694,faster_payment,completed,,54.23,GBP
PAY0000000300,T000000002598,faster_payment,completed,beneficiary_invalid,147.55,EUR
PAY0000000301,T000000001855,faster_payment,failed,beneficiary_invalid,157.17,GBP
PAY0000000302,T000000001750,direct_debit,completed,,11.65,EUR
PAY0000000303,T000000004347,card,completed,,17.56,GBP
PAY0000000304,T000000003623,international,completed,fraud_hold,35.07,GBP
PAY0000000305,T000000000527,card,completed,,16.01,GBP
PAY0000000306,T000000000652,direct_debit,completed,timeout,7.38,EUR
PAY0000000307,T000000001666,card,completed,insufficient_funds,45.82,GBP
PAY0000000308,T000000002871,card,completed,technical_error,22.63,GBP
PAY0000000309,T000000002294,card,completed,timeout,31.06,GBP
PAY0000000310,T000000002470,international,pending,insufficient_funds,20.72,GBP
PAY0000000311,T000000001855,faster_payment,completed,technical_error,15.62,GBP
PAY0000000312,T000000001703,card,completed,technical_error,11.55,GBP
PAY0000000313,T000000002647,direct_debit,completed,beneficiary_invalid,64.01,GBP
PAY0000000314,T000000004379,card,completed,,97.07,GBP
PAY0000000315,T000000000575,card,completed,timeout,185.39,EUR
PAY0000000316,T000000003018,card,completed,technical_error,25.39,GBP
PAY0000000317,T000000001104,direct_debit,completed,beneficiary_invalid,10.99,GBP
PAY0000000318,T000000001740,card,completed,insufficient_funds,46.21,GBP
PAY0000000319,T000000001450,card,completed,timeout,11.4,GBP
PAY0000000320,T000000002046,direct_debit,completed,timeout,41.26,GBP
PAY0000000321,T000000001828,direct_debit,completed,,51.48,GBP
PAY0000000322,T000000000522,international,completed,technical_error,17.24,USD
PAY0000000323,T000000003885,direct_debit,completed,timeout,6.8,GBP
PAY0000000324,T000000001777,card,completed,,18.62,GBP
PAY0000000325,T000000000315,faster_payment,completed,,236.64,GBP
PAY0000000326,T000000001814,direct_debit,completed,insufficient_funds,12.09,GBP
PAY0000000327,T000000001851,faster_payment,completed,fraud_hold,8.21,GBP
PAY0000000328,T000000000330,direct_debit,completed,,148.57,GBP
PAY0000000329,T000000001888,card,completed,insufficient_funds,316.7,GBP
PAY0000000330,T000000003685,faster_payment,completed,,62.13,GBP
PAY0000000331,T000000002435,faster_payment,completed,insufficient_funds,45.77,GBP
PAY0000000332,T000000001608,faster_payment,completed,timeout,18.05,GBP
PAY0000000333,T000000004959,card,returned,,13.12,GBP
PAY0000000334,T000000001925,faster_payment,completed,insufficient_funds,18.58,EUR
PAY0000000335,T000000001962,direct_debit,completed,,48.13,GBP
PAY0000000336,T000000000587,direct_debit,completed,,53.58,GBP
PAY0000000337,T000000003817,direct_debit,pending,,33.79,GBP
PAY0000000338,T000000001074,direct_debit,completed,,73.52,GBP
PAY0000000339,T000000000356,faster_payment,failed,insufficient_funds,21.94,GBP
PAY0000000340,T000000000524,card,completed,beneficiary_invalid,64.52,USD
PAY0000000341,T000000002231,faster_payment,completed,beneficiary_invalid,19.97,USD
PAY0000000342,T000000002252,faster_payment,completed,fraud_hold,307.71,EUR
PAY0000000343,T000000001081,international,completed,,17.04,GBP
PAY0000000344,T000000001999,card,completed,,63.83,USD
PAY0000000345,T000000001938,faster_payment,completed,,27.82,GBP
PAY0000000346,T000000001426,faster_payment,completed,,67.54,GBP
PAY0000000347,T000000000161,faster_payment,completed,insufficient_funds,17.96,GBP
PAY0000000348,T000000002007,international,completed,,9.82,GBP
PAY0000000349,T000000000548,direct_debit,completed,,69.38,GBP
PAY0000000350,T000000002036,direct_debit,completed,fraud_hold,35.37,GBP
PAY0000000351,T000000003907,card,completed,,5.18,GBP
PAY0000000352,T000000002073,direct_debit,completed,timeout,37.54,GBP
PAY0000000353,T000000002110,faster_payment,completed,,17.67,GBP
PAY0000000354,T000000002147,direct_debit,completed,insufficient_funds,11.02,GBP
PAY0000000355,T000000002179,direct_debit,completed,,12.06,GBP
PAY0000000356,T000000002352,international,completed,technical_error,10.87,EUR
PAY0000000357,T000000003075,faster_payment,completed,technical_error,60.67,GBP
PAY0000000358,T000000002184,card,failed,,14.36,GBP
PAY0000000359,T000000001312,faster_payment,completed,,37.58,GBP
PAY0000000360,T000000002221,faster_payment,completed,fraud_hold,104.54,USD
PAY0000000361,T000000004593,international,completed,,12.16,GBP
PAY0000000362,T000000002100,faster_payment,completed,technical_error,28.3,GBP
PAY0000000363,T000000000991,direct_debit,failed,beneficiary_invalid,4.05,USD
PAY0000000364,T000000001149,faster_payment,completed,beneficiary_invalid,15.02,GBP
PAY0000000365,T000000000363,faster_payment,failed,,8.05,EUR
PAY0000000366,T000000001273,direct_debit,completed,,35.44,GBP
PAY0000000367,T000000004332,card,completed,beneficiary_invalid,36.26,GBP
PAY0000000368,T000000002570,direct_debit,completed,,25.77,GBP
PAY0000000369,T000000004043,international,completed,timeout,8.95,GBP
PAY0000000370,T000000004910,card,completed,,24.45,GBP
PAY0000000371,T000000002733,international,completed,beneficiary_invalid,15.7,GBP
PAY0000000372,T000000004360,card,completed,insufficient_funds,10.81,GBP
PAY0000000373,T000000004293,direct_debit,completed,insufficient_funds,33.74,GBP
PAY0000000374,T000000002258,card,completed,,625.02,GBP
PAY0000000375,T000000001532,direct_debit,completed,insufficient_funds,45.58,GBP
PAY0000000376,T000000002295,direct_debit,completed,insufficient_funds,10.7,USD
PAY0000000377,T000000002504,direct_debit,completed,technical_error,2.84,EUR
PAY0000000378,T000000003059,faster_payment,completed,,29.88,USD
PAY0000000379,T000000001963,international,completed,insufficient_funds,51.08,GBP
PAY0000000380,T000000002072,faster_payment,completed,,11.11,GBP
PAY0000000381,T000000002332,faster_payment,completed,,35.47,GBP
PAY0000000382,T000000004466,international,completed,,12.73,USD
PAY0000000383,T000000003122,faster_payment,completed,technical_error,38.18,GBP
PAY0000000384,T000000003765,card,completed,fraud_hold,26.45,GBP
PAY0000000385,T000000000545,faster_payment,completed,beneficiary_invalid,53.43,GBP
PAY0000000386,T000000002634,card,completed,,29.97,GBP
PAY0000000387,T000000004697,faster_payment,completed,,231.43,GBP
PAY0000000388,T000000004180,international,completed,technical_error,19.28,USD
PAY0000000389,T000000002369,faster_payment,completed,,14.55,GBP
PAY0000000390,T000000002406,direct_debit,completed,,52.09,GBP
PAY0000000391,T000000002443,faster_payment,completed,beneficiary_invalid,38.69,GBP
PAY0000000392,T000000002063,faster_payment,completed,technical_error,16.0,GBP
PAY0000000393,T000000000696,international,completed,,28.95,GBP
PAY0000000394,T000000004310,card,completed,insufficient_funds,38.28,USD
PAY0000000395,T000000001087,faster_payment,completed,,54.61,GBP
PAY0000000396,T000000000224,faster_payment,completed,,23.81,GBP
PAY0000000397,T000000003805,card,completed,insufficient_funds,3.39,GBP
PAY0000000398,T000000000896,faster_payment,completed,,6.4,GBP
PAY0000000399,T000000001489,direct_debit,completed,,7.05,GBP
PAY0000000400,T000000004799,card,completed,,82.61,GBP
PAY0000000401,T000000003039,card,failed,,75.7,GBP
PAY0000000402,T000000002480,faster_payment,completed,insufficient_funds,4.63,GBP
PAY0000000403,T000000004723,faster_payment,completed,,29.48,GBP
PAY0000000404,T000000000275,faster_payment,completed,technical_error,28.5,GBP
PAY0000000405,T000000001452,faster_payment,completed,,35.07,GBP
PAY0000000406,T000000003247,card,completed,beneficiary_invalid,5.1,GBP
PAY0000000407,T000000003473,card,completed,beneficiary_invalid,8.65,EUR
PAY0000000408,T000000000715,card,completed,technical_error,19.88,GBP
PAY0000000409,T000000003459,faster_payment,completed,technical_error,7.01,GBP
PAY0000000410,T000000000056,faster_payment,completed,beneficiary_invalid,25.22,GBP
PAY0000000411,T000000002517,faster_payment,completed,,133.9,GBP
PAY0000000412,T000000002873,faster_payment,completed,insufficient_funds,9.89,GBP
PAY0000000413,T000000002451,international,completed,insufficient_funds,52.8,GBP
PAY0000000414,T000000002554,card,completed,insufficient_funds,35.89,GBP
PAY0000000415,T000000002591,direct_debit,completed,,29.98,GBP
PAY0000000416,T000000004844,faster_payment,completed,insufficient_funds,24.08,GBP
PAY0000000417,T000000000948,card,completed,insufficient_funds,49.41,GBP
PAY0000000418,T000000003522,faster_payment,failed,timeout,13.79,EUR
PAY0000000419,T000000000788,faster_payment,completed,fraud_hold,4.88,GBP
PAY0000000420,T000000002255,faster_payment,completed,,21.61,USD
PAY0000000421,T000000002858,card,completed,,63.95,GBP
PAY0000000422,T000000002628,card,completed,,3.43,GBP
PAY0000000423,T000000000120,faster_payment,completed,beneficiary_invalid,37.44,GBP
PAY0000000424,T000000002872,direct_debit,completed,beneficiary_invalid,6.44,GBP
PAY0000000425,T000000001032,international,completed,insufficient_funds,82.66,GBP
PAY0000000426,T000000002665,card,completed,insufficient_funds,12.72,GBP
PAY0000000427,T000000001460,direct_debit,returned,,21.69,GBP
PAY0000000428,T000000002702,direct_debit,completed,beneficiary_invalid,11.28,EUR
PAY0000000429,T000000002951,card,completed,technical_error,41.21,GBP
PAY0000000430,T000000002191,faster_payment,completed,beneficiary_invalid,43.13,GBP
PAY0000000431,T000000001251,direct_debit,completed,,37.18,GBP
PAY0000000432,T000000004175,faster_payment,completed,insufficient_funds,19.04,EUR
PAY0000000433,T000000002083,direct_debit,completed,insufficient_funds,17.53,GBP
PAY0000000434,T000000000947,card,completed,beneficiary_invalid,59.7,GBP
PAY0000000435,T000000002794,faster_payment,completed,insufficient_funds,35.98,GBP
PAY0000000436,T000000003535,card,completed,insufficient_funds,17.74,GBP
PAY0000000437,T000000001448,card,failed,insufficient_funds,16.88,EUR
PAY0000000438,T000000000966,faster_payment,completed,insufficient_funds,17.49,GBP
PAY0000000439,T000000002739,international,failed,fraud_hold,22.96,EUR
PAY0000000440,T000000002776,direct_debit,completed,,49.26,GBP
PAY0000000441,T000000000596,faster_payment,completed,,15.3,USD
PAY0000000442,T000000002399,direct_debit,completed,timeout,31.37,GBP
PAY0000000443,T000000001641,card,pending,insufficient_funds,467.32,GBP
PAY0000000444,T000000002087,faster_payment,completed,,34.26,GBP
PAY0000000445,T000000004843,faster_payment,completed,beneficiary_invalid,11.67,GBP
PAY0000000446,T000000000161,direct_debit,completed,,60.72,GBP
PAY0000000447,T000000004055,faster_payment,completed,beneficiary_invalid,40.62,GBP
PAY0000000448,T000000003756,card,completed,fraud_hold,2.34,GBP
PAY0000000449,T000000002912,card,completed,insufficient_funds,12.96,EUR
PAY0000000450,T000000003403,international,completed,insufficient_funds,6.97,GBP
PAY0000000451,T000000003683,international,completed,beneficiary_invalid,24.76,GBP
PAY0000000452,T000000000525,card,completed,,38.59,GBP
PAY0000000453,T000000002813,direct_debit,completed,,11.78,EUR
PAY0000000454,T000000002850,direct_debit,completed,beneficiary_invalid,70.49,GBP
PAY0000000455,T000000002015,card,completed,beneficiary_invalid,20.89,EUR
PAY0000000456,T000000003763,card,returned,timeout,126.28,GBP
PAY0000000457,T000000001406,card,completed,,27.84,GBP
PAY0000000458,T000000000222,faster_payment,completed,technical_error,20.09,GBP
PAY0000000459,T000000002887,direct_debit,completed,insufficient_funds,19.47,GBP
PAY0000000460,T000000004102,card,completed,insufficient_funds,15.24,EUR
PAY0000000461,T000000000922,card,completed,beneficiary_invalid,16.6,GBP
PAY0000000462,T000000002924,direct_debit,completed,timeout,24.87,GBP
PAY0000000463,T000000003096,faster_payment,completed,,5.48,EUR
PAY0000000464,T000000004110,direct_debit,completed,beneficiary_invalid,34.7,GBP
PAY0000000465,T000000002961,international,completed,timeout,8.5,GBP
PAY0000000466,T000000004090,card,completed,,9.79,GBP
PAY0000000467,T000000002998,card,completed,,7.85,GBP
PAY0000000468,T000000001573,faster_payment,completed,beneficiary_invalid,29.09,GBP
PAY0000000469,T000000003943,faster_payment,completed,fraud_hold,37.27,EUR
PAY0000000470,T000000003035,card,completed,insufficient_funds,13.62,GBP
PAY0000000471,T000000001248,faster_payment,completed,fraud_hold,22.65,USD
PAY0000000472,T000000003072,direct_debit,completed,beneficiary_invalid,21.79,GBP
PAY0000000473,T000000003114,faster_payment,completed,fraud_hold,85.27,USD
PAY0000000474,T000000004763,international,completed,,312.5,EUR
PAY0000000475,T000000003130,faster_payment,completed,,67.73,GBP
PAY0000000476,T000000001827,card,completed,technical_error,51.07,GBP
PAY0000000477,T000000001104,international,completed,,10.81,GBP
PAY0000000478,T000000003985,faster_payment,completed,,45.12,GBP
PAY0000000479,T000000003833,faster_payment,completed,technical_error,18.1,GBP
PAY0000000480,T000000002358,faster_payment,completed,,21.57,GBP
PAY0000000481,T000000000618,faster_payment,completed,beneficiary_invalid,84.12,GBP
PAY0000000482,T000000003411,card,completed,beneficiary_invalid,33.12,GBP
PAY0000000483,T000000003781,faster_payment,completed,,50.19,GBP
PAY0000000484,T000000000097,direct_debit,completed,,10.72,GBP
PAY0000000485,T000000003109,card,completed,,14.61,GBP
PAY0000000486,T000000004086,card,completed,timeout,36.59,GBP
PAY0000000487,T000000000959,faster_payment,completed,technical_error,20.04,GBP
PAY0000000488,T000000003146,card,completed,beneficiary_invalid,52.11,GBP
PAY0000000489,T000000000627,direct_debit,completed,beneficiary_invalid,15.75,GBP
PAY0000000490,T000000000092,card,completed,insufficient_funds,46.08,EUR
PAY0000000491,T000000003183,card,completed,,13.29,GBP
PAY0000000492,T000000003557,card,completed,,79.8,EUR
PAY0000000493,T000000003287,card,completed,,103.66,GBP
PAY0000000494,T000000003291,faster_payment,completed,fraud_hold,21.03,GBP
PAY0000000495,T000000003220,card,completed,insufficient_funds,7.5,GBP
PAY0000000496,T000000002464,faster_payment,completed,beneficiary_invalid,43.88,GBP
PAY0000000497,T000000003250,faster_payment,completed,beneficiary_invalid,47.31,GBP
PAY0000000498,T000000002433,faster_payment,completed,beneficiary_invalid,131.43,GBP
PAY0000000499,T000000001459,direct_debit,completed,,22.96,USD
PAY0000000500,T000000002654,direct_debit,returned,,11.52,GBP
PAY0000000501,T000000001668,direct_debit,completed,technical_error,14.15,USD
PAY0000000502,T000000003257,card,completed,,744.33,GBP
PAY0000000503,T000000003294,faster_payment,completed,technical_error,23.96,GBP
PAY0000000504,T000000003802,card,completed,beneficiary_invalid,14.84,GBP
PAY0000000505,T000000004892,card,completed,technical_error,20.15,GBP
PAY0000000506,T000000004116,card,completed,beneficiary_invalid,25.39,GBP
PAY0000000507,T000000001545,faster_payment,completed,,8.27,GBP
PAY0000000508,T000000002369,direct_debit,completed,insufficient_funds,9.1,GBP
PAY0000000509,T000000002101,card,completed,fraud_hold,10.31,GBP
PAY0000000510,T000000003331,card,completed,,5.32,GBP
PAY0000000511,T000000003771,faster_payment,completed,,17.01,EUR
PAY0000000512,T000000003485,card,completed,,7.83,GBP
PAY0000000513,T000000002086,card,completed,insufficient_funds,25.37,GBP
PAY0000000514,T000000004657,faster_payment,completed,timeout,22.27,USD
PAY0000000515,T000000003368,faster_payment,completed,,7.68,GBP
PAY0000000516,T000000002562,faster_payment,completed,,39.45,GBP
PAY0000000517,T000000001888,faster_payment,completed,,4.37,GBP
PAY0000000518,T000000001113,card,completed,insufficient_funds,72.75,GBP
PAY0000000519,T000000003876,direct_debit,completed,,4.99,GBP
PAY0000000520,T000000004973,international,completed,fraud_hold,139.95,GBP
PAY0000000521,T000000003619,faster_payment,failed,fraud_hold,12.24,GBP
PAY0000000522,T000000003120,faster_payment,completed,,22.55,GBP
PAY0000000523,T000000003405,faster_payment,completed,insufficient_funds,16.78,GBP
PAY0000000524,T000000003442,card,completed,,54.84,GBP
PAY0000000525,T000000000647,card,completed,insufficient_funds,8.54,GBP
PAY0000000526,T000000001625,card,completed,,30.88,EUR
PAY0000000527,T000000004828,card,completed,beneficiary_invalid,411.54,GBP
PAY0000000528,T000000001389,faster_payment,completed,beneficiary_invalid,13.09,EUR
PAY0000000529,T000000003949,faster_payment,returned,,16.35,GBP
PAY0000000530,T000000004721,card,failed,,9.13,GBP
PAY0000000531,T000000003528,direct_debit,completed,timeout,5.19,GBP
PAY0000000532,T000000004629,card,completed,fraud_hold,6.22,GBP
PAY0000000533,T000000001513,international,completed,fraud_hold,68.08,GBP
PAY0000000534,T000000003479,direct_debit,completed,fraud_hold,10.82,GBP
PAY0000000535,T000000003847,direct_debit,completed,,50.84,GBP
PAY0000000536,T000000003516,card,completed,timeout,43.96,EUR
PAY0000000537,T000000001940,faster_payment,completed,beneficiary_invalid,14.75,USD
PAY0000000538,T000000001263,card,completed,insufficient_funds,32.79,GBP
PAY0000000539,T000000004529,international,completed,,22.48,GBP
PAY0000000540,T000000004372,faster_payment,completed,insufficient_funds,155.38,GBP
PAY0000000541,T000000000756,card,completed,,83.64,USD
PAY0000000542,T000000002868,faster_payment,completed,,54.72,USD
PAY0000000543,T000000000839,card,completed,,43.62,GBP
PAY0000000544,T000000003497,direct_debit,completed,,15.8,GBP
PAY0000000545,T000000001302,faster_payment,completed,,10.53,GBP
PAY0000000546,T000000003941,faster_payment,completed,,54.78,GBP
PAY0000000547,T000000000152,faster_payment,completed,beneficiary_invalid,184.6,EUR
PAY0000000548,T000000001991,faster_payment,completed,beneficiary_invalid,23.16,GBP
PAY0000000549,T000000002054,card,completed,,22.18,GBP
PAY0000000550,T000000001990,card,completed,,16.34,GBP
PAY0000000551,T000000003553,faster_payment,completed,beneficiary_invalid,19.96,GBP
PAY0000000552,T000000000741,faster_payment,completed,,24.25,GBP
PAY0000000553,T000000003590,faster_payment,completed,insufficient_funds,51.15,GBP
PAY0000000554,T000000003627,card,completed,insufficient_funds,58.98,GBP
PAY0000000555,T000000003664,faster_payment,completed,,18.7,GBP
PAY0000000556,T000000003701,direct_debit,completed,insufficient_funds,23.25,GBP
PAY0000000557,T000000004224,direct_debit,completed,,7.94,GBP
PAY0000000558,T000000001104,card,completed,technical_error,13.13,GBP
PAY0000000559,T000000000262,direct_debit,completed,,12.34,USD
PAY0000000560,T000000000962,international,completed,timeout,154.8,GBP
PAY0000000561,T000000004364,direct_debit,completed,,43.43,USD
PAY0000000562,T000000003598,international,completed,,42.82,GBP
PAY0000000563,T000000004703,faster_payment,completed,insufficient_funds,31.77,GBP
PAY0000000564,T000000003154,faster_payment,completed,,19.44,GBP
PAY0000000565,T000000003738,card,completed,,49.43,EUR
PAY0000000566,T000000002441,card,completed,beneficiary_invalid,55.74,GBP
PAY0000000567,T000000000136,international,completed,insufficient_funds,79.78,GBP
PAY0000000568,T000000003775,direct_debit,completed,,113.73,GBP
PAY0000000569,T000000004060,card,failed,technical_error,91.45,GBP
PAY0000000570,T000000002733,faster_payment,pending,,76.51,GBP
PAY0000000571,T000000002293,card,completed,,17.86,USD
PAY0000000572,T000000003812,card,completed,beneficiary_invalid,66.89,EUR
PAY0000000573,T000000000145,international,completed,technical_error,107.5,GBP
PAY0000000574,T000000003816,faster_payment,completed,technical_error,16.85,GBP
PAY0000000575,T000000001384,card,completed,,57.57,EUR
PAY0000000576,T000000003652,faster_payment,completed,,18.51,GBP
PAY0000000577,T000000003849,direct_debit,completed,beneficiary_invalid,4.3,GBP
PAY0000000578,T000000003886,direct_debit,completed,insufficient_funds,11.21,GBP
PAY0000000579,T000000000623,faster_payment,completed,,2.72,GBP
PAY0000000580,T000000001755,card,completed,,45.48,GBP
PAY0000000581,T000000003856,international,completed,beneficiary_invalid,22.08,EUR
PAY0000000582,T000000003923,card,pending,,27.92,GBP
PAY0000000583,T000000003960,card,completed,,26.04,USD
PAY0000000584,T000000002268,faster_payment,completed,,32.31,GBP
PAY0000000585,T000000002212,card,completed,,25.1,GBP
PAY0000000586,T000000004566,card,completed,,84.05,EUR
PAY0000000587,T000000002985,card,completed,insufficient_funds,37.41,EUR
PAY0000000588,T000000004857,card,completed,,26.81,GBP
PAY0000000589,T000000001465,faster_payment,completed,beneficiary_invalid,143.49,EUR
PAY0000000590,T000000003202,faster_payment,completed,,42.85,EUR
PAY0000000591,T000000001960,faster_payment,completed,,21.23,EUR
PAY0000000592,T000000000973,faster_payment,completed,,15.08,GBP
PAY0000000593,T000000000919,card,completed,technical_error,8.58,EUR
PAY0000000594,T000000003477,card,completed,,25.54,GBP
PAY0000000595,T000000003997,faster_payment,completed,,55.71,USD
PAY0000000596,T000000002843,international,completed,timeout,52.57,GBP
PAY0000000597,T000000004034,international,completed,fraud_hold,58.07,EUR
PAY0000000598,T000000004071,faster_payment,completed,insufficient_funds,26.36,GBP
PAY0000000599,T000000000727,faster_payment,completed,beneficiary_invalid,155.11,GBP
PAY0000000600,T000000003641,direct_debit,completed,,92.28,GBP
PAY0000000601,T000000001947,faster_payment,completed,technical_error,4.51,USD
PAY0000000602,T000000001376,faster_payment,completed,insufficient_funds,6.93,GBP
PAY0000000603,T000000002550,direct_debit,completed,,13.12,EUR
PAY0000000604,T000000001239,faster_payment,completed,technical_error,3.15,GBP
PAY0000000605,T000000001121,faster_payment,completed,insufficient_funds,501.11,GBP
PAY0000000606,T000000001531,international,completed,insufficient_funds,88.76,GBP
PAY0000000607,T000000001064,faster_payment,completed,,34.62,USD
PAY0000000608,T000000001548,card,completed,,9.61,EUR
PAY0000000609,T000000004108,faster_payment,pending,insufficient_funds,10.96,USD
PAY0000000610,T000000004145,faster_payment,completed,,113.34,GBP
PAY0000000611,T000000000716,faster_payment,completed,,5.18,GBP
PAY0000000612,T000000004182,faster_payment,completed,,59.14,GBP
PAY0000000613,T000000004491,card,completed,beneficiary_invalid,77.71,EUR
PAY0000000614,T000000003204,card,completed,beneficiary_invalid,25.01,GBP
PAY0000000615,T000000000725,faster_payment,completed,,43.13,GBP
PAY0000000616,T000000004422,direct_debit,completed,,185.97,EUR
PAY0000000617,T000000000694,faster_payment,completed,,16.66,GBP
PAY0000000618,T000000004219,faster_payment,completed,,18.7,GBP
PAY0000000619,T000000004485,card,completed,,4.55,GBP
PAY0000000620,T000000002541,faster_payment,completed,insufficient_funds,201.74,GBP
PAY0000000621,T000000001407,direct_debit,completed,,8.9,EUR
PAY0000000622,T000000003930,faster_payment,completed,,9.04,GBP
PAY0000000623,T000000002367,faster_payment,completed,,11.73,GBP
PAY0000000624,T000000003975,card,completed,insufficient_funds,53.66,USD
PAY0000000625,T000000000142,direct_debit,completed,timeout,26.4,EUR
PAY0000000626,T000000002700,direct_debit,completed,,26.72,GBP
PAY0000000627,T000000004256,card,completed,,17.08,GBP
PAY0000000628,T000000004293,direct_debit,completed,fraud_hold,2.86,GBP
PAY0000000629,T000000003519,faster_payment,completed,fraud_hold,37.98,GBP
PAY0000000630,T000000004330,faster_payment,completed,timeout,17.54,EUR
PAY0000000631,T000000003768,card,completed,insufficient_funds,14.58,GBP
PAY0000000632,T000000004939,direct_debit,completed,beneficiary_invalid,15.47,GBP
PAY0000000633,T000000003209,card,failed,insufficient_funds,13.01,GBP
PAY0000000634,T000000002921,card,completed,timeout,89.76,USD
PAY0000000635,T000000004367,international,completed,insufficient_funds,29.72,EUR
PAY0000000636,T000000004404,faster_payment,completed,insufficient_funds,13.45,GBP
PAY0000000637,T000000002802,card,completed,fraud_hold,7.74,GBP
PAY0000000638,T000000001595,card,completed,insufficient_funds,60.77,GBP
PAY0000000639,T000000003574,card,completed,insufficient_funds,91.71,GBP
PAY0000000640,T000000000539,international,completed,insufficient_funds,56.72,GBP
PAY0000000641,T000000000388,card,completed,fraud_hold,47.99,GBP
PAY0000000642,T000000004441,international,completed,insufficient_funds,154.48,USD
PAY0000000643,T000000004478,faster_payment,completed,,26.45,GBP
PAY0000000644,T000000002929,card,completed,,28.7,GBP
PAY0000000645,T000000003546,faster_payment,returned,,12.02,GBP
PAY0000000646,T000000004515,faster_payment,completed,,9.08,GBP
PAY0000000647,T000000002861,faster_payment,completed,technical_error,94.98,GBP
PAY0000000648,T000000002388,direct_debit,completed,timeout,138.84,GBP
PAY0000000649,T000000004364,faster_payment,completed,,145.57,USD
PAY0000000650,T000000003043,card,completed,technical_error,73.45,GBP
PAY0000000651,T000000000388,faster_payment,completed,,8.4,GBP
PAY0000000652,T000000002568,direct_debit,completed,,19.89,GBP
PAY0000000653,T000000004552,faster_payment,completed,timeout,4.19,USD
PAY0000000654,T000000000926,international,completed,beneficiary_invalid,63.57,GBP
PAY0000000655,T000000000480,card,failed,,147.28,EUR
PAY0000000656,T000000004681,direct_debit,completed,timeout,35.94,GBP
PAY0000000657,T000000001811,international,completed,,8.46,GBP
PAY0000000658,T000000000092,direct_debit,completed,beneficiary_invalid,9.81,EUR
PAY0000000659,T000000002896,direct_debit,completed,,8.21,GBP
PAY0000000660,T000000003300,international,completed,beneficiary_invalid,12.95,GBP
PAY0000000661,T000000000792,faster_payment,failed,beneficiary_invalid,34.07,GBP
PAY0000000662,T000000003394,card,completed,,29.06,GBP
PAY0000000663,T000000004179,faster_payment,completed,insufficient_funds,31.1,GBP
PAY0000000664,T000000004589,card,completed,insufficient_funds,7.07,GBP
PAY0000000665,T000000003663,card,completed,,15.79,EUR
PAY0000000666,T000000004343,faster_payment,failed,insufficient_funds,26.31,GBP
PAY0000000667,T000000004626,card,completed,,6.61,GBP
PAY0000000668,T000000000457,card,completed,,650.75,GBP
PAY0000000669,T000000004822,card,completed,beneficiary_invalid,149.51,GBP
PAY0000000670,T000000002494,direct_debit,completed,insufficient_funds,41.65,GBP
PAY0000000671,T000000004663,card,completed,technical_error,178.87,GBP
PAY0000000672,T000000001140,faster_payment,completed,insufficient_funds,10.47,USD
PAY0000000673,T000000000628,card,completed,beneficiary_invalid,53.29,EUR
PAY0000000674,T000000001472,card,completed,fraud_hold,81.59,GBP
PAY0000000675,T000000004887,faster_payment,completed,,32.11,GBP
PAY0000000676,T000000003005,card,completed,technical_error,10.51,EUR
PAY0000000677,T000000004700,direct_debit,completed,timeout,37.88,GBP
PAY0000000678,T000000004737,card,completed,insufficient_funds,9.38,GBP
PAY0000000679,T000000002433,card,completed,,16.55,GBP
PAY0000000680,T000000001140,faster_payment,completed,,123.5,USD
PAY0000000681,T000000002147,faster_payment,pending,,11.73,GBP
PAY0000000682,T000000002995,direct_debit,completed,technical_error,3.06,GBP
PAY0000000683,T000000001988,faster_payment,completed,,31.04,GBP
PAY0000000684,T000000003098,direct_debit,completed,,301.78,GBP
PAY0000000685,T000000000392,international,failed,technical_error,203.07,GBP
PAY0000000686,T000000000625,faster_payment,pending,,39.86,GBP
PAY0000000687,T000000000241,faster_payment,completed,,32.95,EUR
PAY0000000688,T000000003960,card,completed,,20.43,USD
PAY0000000689,T000000000749,faster_payment,completed,,48.53,EUR
PAY0000000690,T000000002059,card,completed,,33.41,GBP
PAY0000000691,T000000002366,card,completed,,8.54,GBP
PAY0000000692,T000000000003,card,completed,timeout,6.0,GBP
PAY0000000693,T000000004774,faster_payment,completed,insufficient_funds,27.93,GBP
PAY0000000694,T000000004811,direct_debit,completed,insufficient_funds,16.42,GBP
PAY0000000695,T000000000925,faster_payment,returned,insufficient_funds,43.84,GBP
PAY0000000696,T000000004848,faster_payment,completed,fraud_hold,24.15,GBP
PAY0000000697,T000000001817,international,completed,technical_error,23.83,GBP
PAY0000000698,T000000002316,card,completed,insufficient_funds,6.1,USD
PAY0000000699,T000000002674,faster_payment,failed,,16.55,GBP
PAY0000000700,T000000003024,card,completed,,53.51,GBP
PAY0000000701,T000000003098,card,completed,,16.9,GBP
PAY0000000702,T000000001755,international,completed,technical_error,66.05,GBP
PAY0000000703,T000000003682,faster_payment,completed,fraud_hold,135.55,GBP
PAY0000000704,T000000003365,faster_payment,completed,,3.86,USD
PAY0000000705,T000000002378,international,completed,,7.8,GBP
PAY0000000706,T000000001961,faster_payment,completed,,12.99,GBP
PAY0000000707,T000000001485,faster_payment,completed,insufficient_funds,15.27,GBP
PAY0000000708,T000000004087,direct_debit,completed,beneficiary_invalid,40.14,GBP
PAY0000000709,T000000004033,direct_debit,completed,,40.94,GBP
PAY0000000710,T000000003943,international,completed,,49.27,EUR
PAY0000000711,T000000002609,faster_payment,completed,,87.96,GBP
PAY0000000712,T000000004878,faster_payment,completed,technical_error,120.34,GBP
PAY0000000713,T000000004885,faster_payment,completed,fraud_hold,4.47,GBP
PAY0000000714,T000000004157,faster_payment,completed,timeout,128.89,GBP
PAY0000000715,T000000004922,card,returned,technical_error,14.95,GBP
PAY0000000716,T000000005000,faster_payment,returned,timeout,29.88,GBP
PAY0000000717,T000000000959,card,completed,,78.25,GBP
PAY0000000718,T000000002765,faster_payment,failed,,25.37,GBP
PAY0000000719,T000000004716,international,completed,technical_error,17.48,GBP
PAY0000000720,T000000001166,card,failed,,16.03,GBP
PAY0000000721,T000000003289,direct_debit,failed,insufficient_funds,10.37,GBP
PAY0000000722,T000000004959,card,completed,technical_error,27.7,GBP
PAY0000000723,T000000000482,faster_payment,returned,fraud_hold,31.19,GBP
PAY0000000724,T000000004436,faster_payment,completed,fraud_hold,73.97,GBP
PAY0000000725,T000000004736,faster_payment,completed,,62.34,EUR
PAY0000000726,T000000002377,card,completed,,54.02,GBP
PAY0000000727,T000000001079,international,completed,technical_error,105.26,USD
PAY0000000728,T000000002341,faster_payment,completed,,8.02,GBP
PAY0000000729,T000000000816,card,completed,,33.19,USD
PAY0000000730,T000000001931,direct_debit,completed,fraud_hold,4.83,EUR
PAY0000000731,T000000000025,card,completed,beneficiary_invalid,67.75,GBP
PAY0000000732,T000000001928,faster_payment,completed,,4.83,USD
PAY0000000733,T000000002938,faster_payment,completed,technical_error,14.15,GBP
PAY0000000734,T000000001633,direct_debit,completed,insufficient_funds,15.41,GBP
PAY0000000735,T000000004674,international,completed,,33.18,GBP
PAY0000000736,T000000004996,faster_payment,completed,,73.82,GBP
PAY0000000737,T000000000170,international,completed,,13.59,USD
PAY0000000738,T000000001241,faster_payment,completed,fraud_hold,13.78,EUR
PAY0000000739,T000000004645,card,completed,beneficiary_invalid,3.93,GBP
PAY0000000740,T000000001607,international,completed,insufficient_funds,95.57,GBP
PAY0000000741,T000000004919,card,completed,,113.73,EUR
PAY0000000742,T000000001441,faster_payment,completed,timeout,45.95,GBP
PAY0000000743,T000000004432,international,completed,,12.79,GBP
PAY0000000744,T000000003969,international,completed,,20.96,GBP
PAY0000000745,T000000004800,direct_debit,completed,insufficient_funds,9.91,GBP
PAY0000000746,T000000004054,card,completed,,20.01,GBP
PAY0000000747,T000000003545,card,completed,insufficient_funds,3.86,GBP
PAY0000000748,T000000002009,faster_payment,completed,technical_error,14.58,EUR
PAY0000000749,T000000002098,card,completed,,15.17,GBP
PAY0000000750,T000000004182,card,completed,insufficient_funds,83.88,GBP
PAY0000000751,T000000001949,card,completed,,43.61,GBP
PAY0000000752,T000000001242,card,completed,,6.42,GBP
PAY0000000753,T000000003615,direct_debit,returned,,100.78,GBP
PAY0000000754,T000000000349,card,completed,insufficient_funds,11.55,GBP
PAY0000000755,T000000001556,card,returned,,78.19,GBP
PAY0000000756,T000000002705,direct_debit,completed,,65.65,GBP
PAY0000000757,T000000000016,card,completed,,16.17,GBP
PAY0000000758,T000000001444,faster_payment,completed,beneficiary_invalid,8.64,GBP
PAY0000000759,T000000002930,card,returned,,45.39,GBP
PAY0000000760,T000000003471,international,completed,beneficiary_invalid,58.5,GBP
PAY0000000761,T000000000033,faster_payment,completed,insufficient_funds,16.88,GBP
PAY0000000762,T000000000547,faster_payment,completed,,44.1,GBP
PAY0000000763,T000000003298,direct_debit,completed,insufficient_funds,24.04,GBP
PAY0000000764,T000000002829,faster_payment,completed,,320.29,EUR
PAY0000000765,T000000000070,faster_payment,completed,insufficient_funds,59.43,GBP
PAY0000000766,T000000001957,direct_debit,completed,timeout,8.04,GBP
PAY0000000767,T000000003980,faster_payment,completed,beneficiary_invalid,20.7,GBP
PAY0000000768,T000000001909,faster_payment,failed,,7.16,GBP
PAY0000000769,T000000000107,faster_payment,completed,beneficiary_invalid,67.17,GBP
PAY0000000770,T000000004347,faster_payment,completed,technical_error,53.41,GBP
PAY0000000771,T000000004455,direct_debit,completed,technical_error,5.9,GBP
PAY0000000772,T000000002760,faster_payment,completed,,16.01,GBP
PAY0000000773,T000000004083,direct_debit,completed,,26.38,GBP
PAY0000000774,T000000003542,faster_payment,completed,,28.62,EUR
PAY0000000775,T000000001400,card,completed,,7.4,EUR
PAY0000000776,T000000000144,direct_debit,completed,insufficient_funds,12.78,GBP
PAY0000000777,T000000003796,card,completed,technical_error,2.7,GBP
PAY0000000778,T000000004854,faster_payment,completed,,18.2,GBP
PAY0000000779,T000000002298,direct_debit,completed,insufficient_funds,12.53,GBP
PAY0000000780,T000000004667,faster_payment,completed,technical_error,11.06,GBP
PAY0000000781,T000000001671,faster_payment,completed,,5.06,GBP
PAY0000000782,T000000000181,card,completed,,13.95,GBP
PAY0000000783,T000000001296,card,completed,,77.46,USD
PAY0000000784,T000000000218,card,completed,,86.81,GBP
PAY0000000785,T000000003656,international,completed,beneficiary_invalid,7.33,GBP
PAY0000000786,T000000001004,faster_payment,pending,,38.41,GBP
PAY0000000787,T000000004818,direct_debit,completed,technical_error,25.98,GBP
PAY0000000788,T000000004527,faster_payment,completed,,14.24,GBP
PAY0000000789,T000000003714,faster_payment,completed,insufficient_funds,41.51,GBP
PAY0000000790,T000000002092,card,completed,insufficient_funds,9.07,EUR
PAY0000000791,T000000000096,card,completed,,10.67,GBP
PAY0000000792,T000000003359,card,returned,,71.8,GBP
PAY0000000793,T000000004409,card,completed,,9.43,GBP
PAY0000000794,T000000003563,direct_debit,completed,timeout,25.58,EUR
PAY0000000795,T000000000255,faster_payment,completed,,14.81,GBP
PAY0000000796,T000000000753,card,failed,technical_error,298.92,GBP
PAY0000000797,T000000002396,faster_payment,completed,,36.76,USD
PAY0000000798,T000000003186,faster_payment,completed,,46.63,USD
PAY0000000799,T000000003326,direct_debit,completed,,28.29,GBP
PAY0000000800,T000000000292,card,completed,fraud_hold,34.83,GBP
PAY0000000801,T000000004645,faster_payment,completed,,10.86,GBP
PAY0000000802,T000000004745,faster_payment,completed,beneficiary_invalid,44.03,EUR
PAY0000000803,T000000001938,faster_payment,returned,technical_error,17.68,GBP
PAY0000000804,T000000000329,direct_debit,completed,beneficiary_invalid,22.67,GBP
PAY0000000805,T000000000550,card,completed,,5.94,GBP
PAY0000000806,T000000003273,faster_payment,completed,,10.45,GBP
PAY0000000807,T000000003409,card,completed,insufficient_funds,17.97,GBP
PAY0000000808,T000000000658,international,failed,insufficient_funds,104.52,GBP
PAY0000000809,T000000003791,card,completed,,12.1,GBP
PAY0000000810,T000000004044,faster_payment,completed,beneficiary_invalid,11.75,EUR
PAY0000000811,T000000000366,card,completed,,13.11,USD
PAY0000000812,T000000004562,international,completed,,20.17,GBP
PAY0000000813,T000000002374,faster_payment,completed,,36.15,GBP
PAY0000000814,T000000004118,international,completed,insufficient_funds,45.33,GBP
PAY0000000815,T000000003090,direct_debit,completed,,30.28,USD
PAY0000000816,T000000004994,direct_debit,completed,timeout,21.96,GBP
PAY0000000817,T000000000403,faster_payment,completed,insufficient_funds,22.96,GBP
PAY0000000818,T000000003777,card,completed,beneficiary_invalid,180.97,EUR
PAY0000000819,T000000000440,card,completed,insufficient_funds,162.67,GBP
PAY0000000820,T000000002271,faster_payment,completed,timeout,14.22,GBP
PAY0000000821,T000000001841,card,completed,timeout,26.19,GBP
PAY0000000822,T000000000919,direct_debit,completed,insufficient_funds,17.15,EUR
PAY0000000823,T000000001731,direct_debit,completed,beneficiary_invalid,48.3,GBP
PAY0000000824,T000000001405,faster_payment,completed,,70.11,GBP
PAY0000000825,T000000004045,faster_payment,failed,technical_error,37.43,GBP
PAY0000000826,T000000001987,faster_payment,completed,beneficiary_invalid,74.44,GBP
PAY0000000827,T000000004153,faster_payment,completed,beneficiary_invalid,19.04,EUR
PAY0000000828,T000000000508,faster_payment,failed,,15.38,GBP
PAY0000000829,T000000000290,faster_payment,completed,,33.5,GBP
PAY0000000830,T000000002776,direct_debit,completed,insufficient_funds,55.65,GBP
PAY0000000831,T000000000197,direct_debit,completed,beneficiary_invalid,47.08,GBP
PAY0000000832,T000000000477,faster_payment,completed,,74.9,EUR
PAY0000000833,T000000000614,faster_payment,completed,,7.56,GBP
PAY0000000834,T000000002580,direct_debit,completed,,76.33,GBP
PAY0000000835,T000000000053,direct_debit,failed,,12.12,GBP
PAY0000000836,T000000004943,faster_payment,completed,,14.96,GBP
PAY0000000837,T000000000629,card,completed,beneficiary_invalid,5.64,GBP
PAY0000000838,T000000002290,faster_payment,completed,,10.39,EUR
PAY0000000839,T000000004397,card,returned,,46.18,GBP
PAY0000000840,T000000001756,card,pending,insufficient_funds,16.56,GBP
PAY0000000841,T000000000817,card,completed,insufficient_funds,69.71,GBP
PAY0000000842,T000000000514,faster_payment,completed,,32.03,USD
PAY0000000843,T000000002887,faster_payment,completed,,34.66,GBP
PAY0000000844,T000000000551,faster_payment,completed,technical_error,47.35,GBP
PAY0000000845,T000000000588,card,completed,technical_error,12.14,GBP
PAY0000000846,T000000000625,card,completed,,72.51,GBP
PAY0000000847,T000000003047,international,completed,,5.16,GBP
PAY0000000848,T000000003061,faster_payment,completed,insufficient_funds,30.59,GBP
PAY0000000849,T000000004939,card,completed,insufficient_funds,44.95,GBP
PAY0000000850,T000000001344,card,completed,,59.83,GBP
PAY0000000851,T000000004317,card,completed,beneficiary_invalid,10.08,GBP
PAY0000000852,T000000001057,faster_payment,completed,insufficient_funds,12.22,GBP
PAY0000000853,T000000000662,card,completed,,41.29,EUR
PAY0000000854,T000000003968,card,completed,,23.49,GBP
PAY0000000855,T000000004436,faster_payment,completed,,19.14,GBP
PAY0000000856,T000000000699,international,returned,,12.0,GBP
PAY0000000857,T000000001676,faster_payment,completed,,133.1,USD
PAY0000000858,T000000002524,international,completed,,8.03,GBP
PAY0000000859,T000000004962,card,completed,,60.22,GBP
PAY0000000860,T000000000736,card,completed,timeout,41.89,GBP
PAY0000000861,T000000000697,direct_debit,failed,fraud_hold,26.56,EUR
PAY0000000862,T000000002292,international,completed,,67.52,GBP
PAY0000000863,T000000003336,card,completed,beneficiary_invalid,54.73,GBP
PAY0000000864,T000000000050,card,completed,,36.74,GBP
PAY0000000865,T000000000560,direct_debit,completed,insufficient_funds,25.17,GBP
PAY0000000866,T000000000555,faster_payment,failed,,65.45,GBP
PAY0000000867,T000000000773,card,completed,,53.79,GBP
PAY0000000868,T000000002362,faster_payment,failed,beneficiary_invalid,9.26,EUR
PAY0000000869,T000000001409,card,completed,,34.46,GBP
PAY0000000870,T000000004725,card,pending,insufficient_funds,158.31,GBP
PAY0000000871,T000000003086,card,completed,fraud_hold,27.96,EUR
PAY0000000872,T000000002014,card,completed,insufficient_funds,18.77,GBP
PAY0000000873,T000000002333,international,completed,insufficient_funds,43.39,GBP
PAY0000000874,T000000003890,direct_debit,completed,technical_error,72.42,GBP
PAY0000000875,T000000000405,international,completed,,52.13,GBP
PAY0000000876,T000000002684,international,completed,,12.81,GBP
PAY0000000877,T000000003555,card,returned,,81.48,GBP
PAY0000000878,T000000000641,faster_payment,completed,beneficiary_invalid,28.42,GBP
PAY0000000879,T000000004762,faster_payment,completed,insufficient_funds,25.22,EUR
PAY0000000880,T000000000282,direct_debit,completed,insufficient_funds,22.15,GBP
PAY0000000881,T000000002466,card,completed,beneficiary_invalid,26.89,GBP
PAY0000000882,T000000002640,faster_payment,completed,,12.25,GBP
PAY0000000883,T000000003203,faster_payment,completed,,86.97,GBP
PAY0000000884,T000000000818,card,completed,timeout,12.58,GBP
PAY0000000885,T000000000810,faster_payment,completed,beneficiary_invalid,27.57,GBP
PAY0000000886,T000000002617,direct_debit,completed,,63.55,USD
PAY0000000887,T000000000891,direct_debit,completed,fraud_hold,44.75,GBP
PAY0000000888,T000000004064,faster_payment,completed,,69.15,USD
PAY0000000889,T000000002902,card,completed,,48.27,GBP
PAY0000000890,T000000000847,faster_payment,completed,fraud_hold,33.41,GBP
PAY0000000891,T000000001077,card,completed,insufficient_funds,203.95,GBP
PAY0000000892,T000000002362,faster_payment,completed,,23.62,EUR
PAY0000000893,T000000003649,international,completed,technical_error,39.43,GBP
PAY0000000894,T000000000803,faster_payment,completed,,60.42,GBP
PAY0000000895,T000000001064,card,completed,beneficiary_invalid,19.75,USD
PAY0000000896,T000000000324,faster_payment,completed,beneficiary_invalid,4.66,GBP
PAY0000000897,T000000000969,faster_payment,completed,beneficiary_invalid,44.19,GBP
PAY0000000898,T000000000884,direct_debit,completed,,30.88,GBP
PAY0000000899,T000000000921,card,completed,insufficient_funds,42.36,GBP
PAY0000000900,T000000000085,card,completed,,61.01,GBP
PAY0000000901,T000000002627,faster_payment,completed,,123.55,GBP
PAY0000000902,T000000002319,faster_payment,completed,timeout,88.3,USD
PAY0000000903,T000000001747,direct_debit,completed,,63.56,GBP
PAY0000000904,T000000000910,direct_debit,completed,insufficient_funds,33.26,GBP
PAY0000000905,T000000004745,faster_payment,completed,timeout,40.12,EUR
PAY0000000906,T000000001497,card,completed,insufficient_funds,43.57,GBP
PAY0000000907,T000000000681,faster_payment,returned,beneficiary_invalid,35.02,GBP
PAY0000000908,T000000000832,card,completed,,107.45,GBP
PAY0000000909,T000000003185,faster_payment,completed,,26.32,USD
PAY0000000910,T000000004872,international,completed,,14.06,GBP
PAY0000000911,T000000004170,faster_payment,completed,,48.81,GBP
PAY0000000912,T000000003086,faster_payment,completed,,6.08,EUR
PAY0000000913,T000000001510,international,completed,,42.04,GBP
PAY0000000914,T000000000958,international,completed,,14.15,GBP
PAY0000000915,T000000003381,international,failed,insufficient_funds,33.94,GBP
PAY0000000916,T000000002400,direct_debit,completed,beneficiary_invalid,116.72,GBP
PAY0000000917,T000000001278,direct_debit,completed,fraud_hold,19.09,GBP
PAY0000000918,T000000002278,card,completed,fraud_hold,7.04,GBP
PAY0000000919,T000000002162,faster_payment,completed,technical_error,5.86,GBP
PAY0000000920,T000000000167,direct_debit,failed,,35.51,GBP
PAY0000000921,T000000001470,faster_payment,completed,insufficient_funds,42.9,GBP
PAY0000000922,T000000000995,card,completed,,141.06,GBP
PAY0000000923,T000000004863,faster_payment,completed,,15.61,GBP
PAY0000000924,T000000000688,direct_debit,completed,,204.73,GBP
PAY0000000925,T000000001032,direct_debit,completed,insufficient_funds,127.03,GBP
PAY0000000926,T000000001069,international,completed,,14.47,GBP
PAY0000000927,T000000001106,faster_payment,completed,,180.59,GBP
PAY0000000928,T000000003294,faster_payment,completed,,96.17,GBP
PAY0000000929,T000000002656,direct_debit,failed,fraud_hold,27.34,USD
PAY0000000930,T000000003739,faster_payment,failed,insufficient_funds,17.61,GBP
PAY0000000931,T000000001143,faster_payment,completed,insufficient_funds,71.07,GBP
PAY0000000932,T000000000753,faster_payment,completed,,13.42,GBP
PAY0000000933,T000000001605,card,completed,insufficient_funds,21.29,GBP
PAY0000000934,T000000003628,international,completed,,2.64,GBP
PAY0000000935,T000000004407,faster_payment,completed,beneficiary_invalid,80.93,EUR
PAY0000000936,T000000001180,card,completed,,24.58,USD
PAY0000000937,T000000001217,direct_debit,returned,,17.18,GBP
PAY0000000938,T000000004453,faster_payment,completed,fraud_hold,26.79,GBP
PAY0000000939,T000000001254,faster_payment,completed,insufficient_funds,14.2,GBP
PAY0000000940,T000000000113,faster_payment,completed,,80.04,GBP
PAY0000000941,T000000000614,direct_debit,completed,,9.72,GBP
PAY0000000942,T000000001291,direct_debit,completed,,34.05,GBP
PAY0000000943,T000000001504,card,completed,technical_error,65.54,GBP
PAY0000000944,T000000003564,faster_payment,completed,,24.02,GBP
PAY0000000945,T000000001011,faster_payment,pending,,34.99,GBP
PAY0000000946,T000000000266,direct_debit,completed,beneficiary_invalid,7.5,GBP
PAY0000000947,T000000004538,faster_payment,returned,insufficient_funds,35.35,GBP
PAY0000000948,T000000003036,faster_payment,failed,,10.2,GBP
PAY0000000949,T000000003486,card,completed,technical_error,22.1,GBP
PAY0000000950,T000000000877,faster_payment,completed,insufficient_funds,24.15,GBP
PAY0000000951,T000000001328,faster_payment,completed,insufficient_funds,44.31,USD
PAY0000000952,T000000000024,international,completed,,68.82,GBP
PAY0000000953,T000000000262,card,completed,insufficient_funds,41.01,USD
PAY0000000954,T000000002038,faster_payment,completed,insufficient_funds,16.17,GBP
PAY0000000955,T000000001340,faster_payment,completed,,137.81,EUR
PAY0000000956,T000000003897,international,completed,technical_error,28.56,GBP
PAY0000000957,T000000000139,faster_payment,completed,insufficient_funds,68.85,GBP
PAY0000000958,T000000002892,direct_debit,completed,beneficiary_invalid,35.25,USD
PAY0000000959,T000000000792,faster_payment,completed,,19.03,GBP
PAY0000000960,T000000001365,card,completed,technical_error,45.23,GBP
PAY0000000961,T000000001736,faster_payment,completed,technical_error,16.27,GBP
PAY0000000962,T000000001239,faster_payment,completed,,47.58,GBP
PAY0000000963,T000000000726,direct_debit,returned,beneficiary_invalid,13.16,GBP
PAY0000000964,T000000001705,card,completed,,51.52,GBP
PAY0000000965,T000000004461,faster_payment,completed,,21.28,EUR
PAY0000000966,T000000003289,faster_payment,completed,insufficient_funds,20.48,GBP
PAY0000000967,T000000000602,faster_payment,completed,beneficiary_invalid,37.18,GBP
PAY0000000968,T000000002123,direct_debit,completed,,36.48,GBP
PAY0000000969,T000000000973,card,pending,timeout,27.09,GBP
PAY0000000970,T000000000747,card,completed,technical_error,18.16,GBP
PAY0000000971,T000000004875,direct_debit,completed,,58.03,GBP
PAY0000000972,T000000000866,faster_payment,completed,beneficiary_invalid,1.91,GBP
PAY0000000973,T000000004987,international,completed,insufficient_funds,40.43,GBP
PAY0000000974,T000000002685,direct_debit,pending,,25.08,GBP
PAY0000000975,T000000001038,international,completed,insufficient_funds,12.35,USD
PAY0000000976,T000000000710,faster_payment,completed,,61.67,EUR
PAY0000000977,T000000002210,faster_payment,completed,insufficient_funds,20.0,GBP
PAY0000000978,T000000003730,faster_payment,completed,,89.21,USD
PAY0000000979,T000000003738,faster_payment,completed,beneficiary_invalid,31.32,EUR
PAY0000000980,T000000001570,card,completed,timeout,155.1,GBP
PAY0000000981,T000000000368,faster_payment,completed,,7.49,GBP
PAY0000000982,T000000004524,faster_payment,failed,beneficiary_invalid,15.89,GBP
PAY0000000983,T000000004246,faster_payment,failed,timeout,47.19,GBP
PAY0000000984,T000000001402,direct_debit,completed,,36.06,GBP
PAY0000000985,T000000001030,direct_debit,completed,,7.63,GBP
PAY0000000986,T000000000185,faster_payment,completed,,161.23,USD
PAY0000000987,T000000003050,faster_payment,completed,,19.95,GBP
PAY0000000988,T000000001439,direct_debit,failed,,3.58,GBP
PAY0000000989,T000000003990,faster_payment,completed,,21.83,EUR
PAY0000000990,T000000001650,card,completed,,12.99,GBP
PAY0000000991,T000000000095,faster_payment,completed,timeout,450.84,USD
PAY0000000992,T000000001476,card,completed,,26.3,GBP
PAY0000000993,T000000004749,card,completed,beneficiary_invalid,24.88,EUR
PAY0000000994,T000000000277,faster_payment,completed,,64.13,EUR
PAY0000000995,T000000003723,faster_payment,completed,beneficiary_invalid,64.03,GBP
PAY0000000996,T000000002715,card,completed,technical_error,44.36,GBP
PAY0000000997,T000000001513,faster_payment,completed,beneficiary_invalid,52.13,GBP
PAY0000000998,T000000001217,faster_payment,completed,,18.07,GBP
PAY0000000999,T000000001550,faster_payment,completed,,34.28,GBP
PAY0000001000,T000000001217,direct_debit,completed,beneficiary_invalid,50.55,GBP
PAY0000001001,T000000000656,card,completed,insufficient_funds,18.57,GBP
PAY0000001002,T000000002768,direct_debit,completed,timeout,14.74,GBP
PAY0000001003,T000000001587,faster_payment,completed,technical_error,40.52,USD
PAY0000001004,T000000002744,card,completed,technical_error,29.55,GBP
PAY0000001005,T000000004182,faster_payment,completed,,15.6,GBP
PAY0000001006,T000000000114,faster_payment,completed,beneficiary_invalid,52.0,EUR
PAY0000001007,T000000001057,card,completed,insufficient_funds,170.39,GBP
PAY0000001008,T000000001613,card,completed,,31.12,GBP
PAY0000001009,T000000001624,card,completed,,30.48,GBP
PAY0000001010,T000000001661,card,completed,,69.91,GBP
PAY0000001011,T000000002340,direct_debit,completed,fraud_hold,18.58,EUR
PAY0000001012,T000000003743,faster_payment,completed,insufficient_funds,58.38,GBP
PAY0000001013,T000000003783,card,completed,,26.57,GBP
PAY0000001014,T000000001698,faster_payment,returned,,23.03,EUR
PAY0000001015,T000000001063,faster_payment,completed,fraud_hold,116.18,GBP
PAY0000001016,T000000001735,faster_payment,completed,beneficiary_invalid,218.47,GBP
PAY0000001017,T000000002923,faster_payment,completed,,2.78,GBP
PAY0000001018,T000000001772,direct_debit,completed,beneficiary_invalid,223.88,GBP
PAY0000001019,T000000004860,card,completed,beneficiary_invalid,81.87,EUR
PAY0000001020,T000000003833,direct_debit,completed,insufficient_funds,50.36,GBP
PAY0000001021,T000000003658,faster_payment,completed,beneficiary_invalid,8.75,GBP
PAY0000001022,T000000002613,faster_payment,pending,,23.78,GBP
PAY0000001023,T000000001809,faster_payment,completed,,30.5,GBP
PAY0000001024,T000000003351,direct_debit,returned,insufficient_funds,10.77,GBP
PAY0000001025,T000000002956,faster_payment,completed,,12.22,USD
PAY0000001026,T000000002703,direct_debit,completed,,16.16,EUR
PAY0000001027,T000000002054,faster_payment,completed,,139.01,GBP
PAY0000001028,T000000003391,faster_payment,completed,insufficient_funds,19.61,GBP
PAY0000001029,T000000003819,international,completed,insufficient_funds,41.26,GBP
PAY0000001030,T000000004305,faster_payment,completed,,10.95,EUR
PAY0000001031,T000000001846,card,completed,technical_error,24.12,GBP
PAY0000001032,T000000003313,faster_payment,completed,,18.68,EUR
PAY0000001033,T000000000773,card,completed,insufficient_funds,135.04,GBP
PAY0000001034,T000000001498,direct_debit,completed,insufficient_funds,61.58,GBP
PAY0000001035,T000000001502,faster_payment,completed,insufficient_funds,39.24,GBP
PAY0000001036,T000000004963,faster_payment,completed,,2.47,USD
PAY0000001037,T000000001883,faster_payment,completed,,72.59,EUR
PAY0000001038,T000000002965,faster_payment,completed,,62.56,GBP
PAY0000001039,T000000003258,faster_payment,completed,,18.27,GBP
PAY0000001040,T000000004747,faster_payment,completed,,16.27,GBP
PAY0000001041,T000000004958,direct_debit,completed,,15.84,EUR
PAY0000001042,T000000000144,faster_payment,completed,timeout,32.2,GBP
PAY0000001043,T000000001139,faster_payment,returned,,30.37,GBP
PAY0000001044,T000000000891,faster_payment,completed,beneficiary_invalid,7.49,GBP
PAY0000001045,T000000001920,direct_debit,completed,fraud_hold,3.87,GBP
PAY0000001046,T000000000517,card,completed,,29.42,EUR
PAY0000001047,T000000004925,direct_debit,completed,,39.44,GBP
PAY0000001048,T000000001370,faster_payment,completed,,56.61,USD
PAY0000001049,T000000002331,faster_payment,completed,,9.05,GBP
PAY0000001050,T000000004130,card,completed,fraud_hold,24.05,EUR
PAY0000001051,T000000004845,faster_payment,completed,,27.73,EUR
PAY0000001052,T000000001521,international,completed,,65.51,GBP
PAY0000001053,T000000001957,faster_payment,completed,,150.72,GBP
PAY0000001054,T000000004306,faster_payment,completed,insufficient_funds,22.72,GBP
PAY0000001055,T000000001994,international,completed,,23.76,GBP
PAY0000001056,T000000000178,faster_payment,completed,beneficiary_invalid,15.51,GBP
PAY0000001057,T000000004946,direct_debit,completed,,65.29,GBP
PAY0000001058,T000000000017,international,completed,,45.9,GBP
PAY0000001059,T000000001710,international,completed,,60.67,GBP
PAY0000001060,T000000003547,faster_payment,failed,,18.79,GBP
PAY0000001061,T000000000804,international,completed,insufficient_funds,20.61,USD
PAY0000001062,T000000001644,faster_payment,completed,insufficient_funds,38.54,EUR
PAY0000001063,T000000004694,faster_payment,pending,,17.1,GBP
PAY0000001064,T000000004859,international,completed,beneficiary_invalid,18.51,GBP
PAY0000001065,T000000004509,faster_payment,completed,,18.15,GBP
PAY0000001066,T000000003888,faster_payment,completed,,29.79,GBP
PAY0000001067,T000000004778,card,completed,,39.95,GBP
PAY0000001068,T000000003724,international,completed,,1.56,GBP
PAY0000001069,T000000003235,faster_payment,completed,technical_error,20.47,USD
PAY0000001070,T000000002411,direct_debit,completed,beneficiary_invalid,54.16,GBP
PAY0000001071,T000000002424,faster_payment,completed,,19.57,GBP
PAY0000001072,T000000001910,faster_payment,completed,,10.18,GBP
PAY0000001073,T000000002031,faster_payment,completed,insufficient_funds,49.92,GBP
PAY0000001074,T000000002624,faster_payment,completed,,15.74,GBP
PAY0000001075,T000000002673,card,completed,timeout,50.55,GBP
PAY0000001076,T000000001300,faster_payment,completed,,74.92,GBP
PAY0000001077,T000000004895,direct_debit,completed,,7.52,USD
PAY0000001078,T000000004588,direct_debit,completed,insufficient_funds,7.9,GBP
PAY0000001079,T000000000939,faster_payment,completed,fraud_hold,22.29,GBP
PAY0000001080,T000000002066,card,completed,,23.02,GBP
PAY0000001081,T000000002068,faster_payment,completed,,62.4,GBP
PAY0000001082,T000000002105,faster_payment,completed,insufficient_funds,15.47,USD
PAY0000001083,T000000003544,faster_payment,completed,insufficient_funds,32.61,GBP
PAY0000001084,T000000003107,card,completed,technical_error,15.3,GBP
PAY0000001085,T000000002579,faster_payment,completed,insufficient_funds,8.48,GBP
PAY0000001086,T000000002876,card,completed,,18.76,GBP
PAY0000001087,T000000002661,faster_payment,completed,,40.93,GBP
PAY0000001088,T000000000618,faster_payment,completed,beneficiary_invalid,43.62,GBP
PAY0000001089,T000000000075,faster_payment,completed,,6.76,GBP
PAY0000001090,T000000002142,card,completed,,210.91,GBP
PAY0000001091,T000000002728,faster_payment,completed,technical_error,33.69,USD
PAY0000001092,T000000004283,faster_payment,completed,timeout,11.28,GBP
PAY0000001093,T000000002004,faster_payment,completed,insufficient_funds,16.72,GBP
PAY0000001094,T000000000710,faster_payment,completed,,13.58,EUR
PAY0000001095,T000000002179,faster_payment,completed,,47.45,GBP
PAY0000001096,T000000003027,international,completed,technical_error,14.21,EUR
PAY0000001097,T000000002416,international,pending,,17.18,GBP
PAY0000001098,T000000003339,faster_payment,completed,,38.46,GBP
PAY0000001099,T000000003875,card,completed,insufficient_funds,142.78,EUR
PAY0000001100,T000000001474,international,completed,,103.4,USD
PAY0000001101,T000000002675,international,completed,beneficiary_invalid,16.88,GBP
PAY0000001102,T000000000796,card,completed,timeout,276.3,EUR
PAY0000001103,T000000003839,card,completed,insufficient_funds,20.54,GBP
PAY0000001104,T000000003616,faster_payment,completed,beneficiary_invalid,122.06,GBP
PAY0000001105,T000000004239,faster_payment,completed,,9.14,GBP
PAY0000001106,T000000003586,faster_payment,completed,,283.12,GBP
PAY0000001107,T000000002216,direct_debit,completed,insufficient_funds,28.73,GBP
PAY0000001108,T000000001541,direct_debit,returned,,145.02,GBP
PAY0000001109,T000000003574,direct_debit,completed,insufficient_funds,39.69,GBP
PAY0000001110,T000000004421,direct_debit,failed,insufficient_funds,68.13,GBP
PAY0000001111,T000000002780,faster_payment,completed,insufficient_funds,7.46,GBP
PAY0000001112,T000000004976,card,completed,timeout,17.16,GBP
PAY0000001113,T000000000756,faster_payment,completed,timeout,19.69,USD
PAY0000001114,T000000001533,card,completed,,27.85,GBP
PAY0000001115,T000000002253,faster_payment,completed,,29.88,USD
PAY0000001116,T000000000699,card,completed,beneficiary_invalid,8.37,GBP
PAY0000001117,T000000001361,card,completed,,4.0,GBP
PAY0000001118,T000000002848,direct_debit,completed,technical_error,15.65,GBP
PAY0000001119,T000000002290,card,completed,,4.57,EUR
PAY0000001120,T000000004486,international,completed,insufficient_funds,10.5,GBP
PAY0000001121,T000000003787,faster_payment,completed,,26.15,GBP
PAY0000001122,T000000003297,faster_payment,completed,,22.69,USD
PAY0000001123,T000000001810,faster_payment,completed,technical_error,36.13,GBP
PAY0000001124,T000000001371,direct_debit,completed,technical_error,3.25,GBP
PAY0000001125,T000000001903,direct_debit,completed,insufficient_funds,57.15,GBP
PAY0000001126,T000000004655,direct_debit,completed,,17.78,USD
PAY0000001127,T000000003320,card,failed,insufficient_funds,23.27,GBP
PAY0000001128,T000000003763,faster_payment,completed,technical_error,54.91,GBP
PAY0000001129,T000000002327,international,completed,beneficiary_invalid,5.53,GBP
PAY0000001130,T000000000191,direct_debit,completed,insufficient_funds,25.38,GBP
PAY0000001131,T000000002723,faster_payment,completed,,41.65,GBP
PAY0000001132,T000000004915,faster_payment,completed,insufficient_funds,93.32,GBP
PAY0000001133,T000000002679,card,failed,fraud_hold,9.53,GBP
PAY0000001134,T000000001237,card,completed,,110.78,USD
PAY0000001135,T000000001895,faster_payment,completed,timeout,535.38,EUR
PAY0000001136,T000000000894,faster_payment,completed,technical_error,17.38,USD
PAY0000001137,T000000003624,international,completed,technical_error,2.9,GBP
PAY0000001138,T000000001526,direct_debit,completed,technical_error,39.38,GBP
PAY0000001139,T000000000594,faster_payment,completed,technical_error,7.61,EUR
PAY0000001140,T000000003219,faster_payment,completed,,63.06,GBP
PAY0000001141,T000000002586,card,completed,,10.98,GBP
PAY0000001142,T000000002052,direct_debit,completed,,23.18,GBP
PAY0000001143,T000000002582,faster_payment,completed,,21.37,GBP
PAY0000001144,T000000000268,direct_debit,completed,,3.99,GBP
PAY0000001145,T000000003396,direct_debit,completed,fraud_hold,7.6,EUR
PAY0000001146,T000000000981,faster_payment,completed,insufficient_funds,7.48,EUR
PAY0000001147,T000000002364,faster_payment,completed,beneficiary_invalid,67.18,EUR
PAY0000001148,T000000002401,faster_payment,completed,,2.8,GBP
PAY0000001149,T000000003286,faster_payment,completed,,65.67,GBP
PAY0000001150,T000000003597,card,completed,fraud_hold,11.26,GBP
PAY0000001151,T000000004066,direct_debit,completed,technical_error,31.76,USD
PAY0000001152,T000000001427,faster_payment,completed,,25.28,GBP
PAY0000001153,T000000002995,faster_payment,completed,,25.27,GBP
PAY0000001154,T000000000526,card,completed,timeout,105.79,GBP
PAY0000001155,T000000002438,faster_payment,completed,,8.27,GBP
PAY0000001156,T000000001071,card,completed,,23.81,GBP
PAY0000001157,T000000002475,card,completed,,30.85,GBP
PAY0000001158,T000000001702,faster_payment,completed,,696.53,USD
PAY0000001159,T000000001854,faster_payment,completed,technical_error,85.22,GBP
PAY0000001160,T000000002938,card,completed,,3.33,GBP
PAY0000001161,T000000000218,faster_payment,completed,insufficient_funds,23.45,GBP
PAY0000001162,T000000003929,direct_debit,completed,,45.58,GBP
PAY0000001163,T000000002512,faster_payment,completed,insufficient_funds,31.11,GBP
PAY0000001164,T000000000488,international,completed,insufficient_funds,29.58,GBP
PAY0000001165,T000000002549,faster_payment,completed,beneficiary_invalid,4.06,GBP
PAY0000001166,T000000004437,faster_payment,completed,technical_error,16.72,EUR
PAY0000001167,T000000004631,faster_payment,completed,,42.15,GBP
PAY0000001168,T000000004809,faster_payment,completed,insufficient_funds,34.02,GBP
PAY0000001169,T000000001181,faster_payment,completed,fraud_hold,42.81,EUR
PAY0000001170,T000000001043,direct_debit,returned,insufficient_funds,11.38,GBP
PAY0000001171,T000000001317,card,failed,beneficiary_invalid,41.71,GBP
PAY0000001172,T000000003777,card,completed,beneficiary_invalid,33.86,EUR
PAY0000001173,T000000000253,card,completed,,46.86,GBP
PAY0000001174,T000000002586,card,completed,,93.1,GBP
PAY0000001175,T000000002623,faster_payment,completed,insufficient_funds,39.02,USD
PAY0000001176,T000000003032,card,completed,,22.39,EUR
PAY0000001177,T000000004748,direct_debit,completed,insufficient_funds,5.4,GBP
PAY0000001178,T000000003181,card,completed,insufficient_funds,9.17,GBP
PAY0000001179,T000000002601,faster_payment,completed,insufficient_funds,13.84,GBP
PAY0000001180,T000000004955,direct_debit,returned,,105.19,GBP
PAY0000001181,T000000002660,faster_payment,completed,beneficiary_invalid,26.07,GBP
PAY0000001182,T000000001911,faster_payment,completed,technical_error,9.33,GBP
PAY0000001183,T000000001108,direct_debit,pending,,19.55,GBP
PAY0000001184,T000000004904,card,completed,beneficiary_invalid,80.68,GBP
PAY0000001185,T000000000673,international,completed,insufficient_funds,154.93,EUR
PAY0000001186,T000000000522,faster_payment,completed,insufficient_funds,33.81,USD
PAY0000001187,T000000000694,faster_payment,completed,timeout,65.98,GBP
PAY0000001188,T000000002216,faster_payment,completed,,49.48,GBP
PAY0000001189,T000000001778,card,completed,,128.57,GBP
PAY0000001190,T000000002469,faster_payment,completed,,63.82,GBP
PAY0000001191,T000000000483,international,completed,beneficiary_invalid,60.77,GBP
PAY0000001192,T000000001654,faster_payment,completed,,35.87,EUR
PAY0000001193,T000000003574,faster_payment,completed,,32.33,GBP
PAY0000001194,T000000001502,card,completed,beneficiary_invalid,169.77,GBP
PAY0000001195,T000000002299,direct_debit,completed,beneficiary_invalid,70.87,GBP
PAY0000001196,T000000002697,card,completed,technical_error,16.61,USD
PAY0000001197,T000000004129,card,completed,,5.97,GBP
PAY0000001198,T000000002734,card,completed,timeout,181.22,GBP
PAY0000001199,T000000004849,card,completed,,11.66,USD
PAY0000001200,T000000000217,faster_payment,completed,fraud_hold,24.84,USD
PAY0000001201,T000000003437,faster_payment,completed,,19.85,EUR
PAY0000001202,T000000002855,faster_payment,completed,insufficient_funds,47.12,GBP
PAY0000001203,T000000000873,faster_payment,completed,insufficient_funds,22.51,EUR
PAY0000001204,T000000002771,faster_payment,completed,insufficient_funds,55.63,GBP
PAY0000001205,T000000003775,card,completed,beneficiary_invalid,19.88,GBP
PAY0000001206,T000000000321,international,completed,fraud_hold,45.17,EUR
PAY0000001207,T000000000258,international,completed,,26.93,GBP
PAY0000001208,T000000002808,faster_payment,completed,insufficient_funds,144.91,GBP
PAY0000001209,T000000002845,card,completed,,35.13,GBP
PAY0000001210,T000000002761,direct_debit,completed,,37.12,GBP
PAY0000001211,T000000003888,card,completed,,15.57,GBP
PAY0000001212,T000000004250,card,completed,beneficiary_invalid,80.12,GBP
PAY0000001213,T000000003885,faster_payment,completed,,13.98,GBP
PAY0000001214,T000000002316,international,completed,timeout,7.24,USD
PAY0000001215,T000000002882,faster_payment,completed,fraud_hold,20.29,GBP
PAY0000001216,T000000002919,direct_debit,completed,insufficient_funds,57.05,GBP
PAY0000001217,T000000000040,international,completed,beneficiary_invalid,39.09,GBP
PAY0000001218,T000000002956,international,completed,,28.27,USD
PAY0000001219,T000000002993,faster_payment,completed,technical_error,45.81,GBP
PAY0000001220,T000000004038,card,completed,beneficiary_invalid,7.07,GBP
PAY0000001221,T000000003030,card,completed,,6.01,GBP
PAY0000001222,T000000003788,international,completed,,19.55,GBP
PAY0000001223,T000000003067,faster_payment,completed,insufficient_funds,10.92,GBP
PAY0000001224,T000000002280,card,completed,,10.27,GBP
PAY0000001225,T000000002611,faster_payment,completed,timeout,3.26,GBP
PAY0000001226,T000000000979,card,completed,beneficiary_invalid,38.7,GBP
PAY0000001227,T000000002187,faster_payment,failed,,27.08,GBP
PAY0000001228,T000000003749,card,completed,beneficiary_invalid,24.63,GBP
PAY0000001229,T000000003104,faster_payment,completed,,31.16,USD
PAY0000001230,T000000001537,faster_payment,completed,timeout,41.07,GBP
PAY0000001231,T000000004401,direct_debit,completed,insufficient_funds,27.33,GBP
PAY0000001232,T000000002206,international,completed,,43.29,GBP
PAY0000001233,T000000000227,faster_payment,completed,,68.93,EUR
PAY0000001234,T000000002337,faster_payment,completed,,51.41,GBP
PAY0000001235,T000000003760,international,completed,timeout,12.05,EUR
PAY0000001236,T000000003141,direct_debit,completed,fraud_hold,15.28,EUR
PAY0000001237,T000000002298,faster_payment,completed,,37.16,GBP
PAY0000001238,T000000002516,direct_debit,completed,,173.06,GBP
PAY0000001239,T000000002091,card,completed,,14.51,GBP
PAY0000001240,T000000003630,international,completed,,136.28,USD
PAY0000001241,T000000003178,faster_payment,completed,fraud_hold,135.93,GBP
PAY0000001242,T000000001981,direct_debit,completed,technical_error,17.41,USD
PAY0000001243,T000000001417,faster_payment,completed,insufficient_funds,20.44,GBP
PAY0000001244,T000000003215,faster_payment,completed,,9.23,GBP
PAY0000001245,T000000003108,faster_payment,completed,insufficient_funds,13.0,GBP
PAY0000001246,T000000002050,direct_debit,completed,timeout,15.31,GBP
PAY0000001247,T000000001344,direct_debit,completed,,50.44,GBP
PAY0000001248,T000000001714,faster_payment,pending,fraud_hold,24.98,GBP
PAY0000001249,T000000003252,direct_debit,failed,,152.13,GBP
PAY0000001250,T000000000095,faster_payment,completed,,100.37,USD
PAY0000001251,T000000002756,faster_payment,completed,beneficiary_invalid,16.78,EUR
PAY0000001252,T000000003060,international,completed,timeout,20.08,GBP
PAY0000001253,T000000001698,faster_payment,completed,insufficient_funds,31.38,EUR
PAY0000001254,T000000001647,faster_payment,completed,,4.41,GBP
PAY0000001255,T000000004898,card,completed,technical_error,11.35,USD
PAY0000001256,T000000003289,card,completed,technical_error,30.6,GBP
PAY0000001257,T000000001447,faster_payment,completed,insufficient_funds,21.31,EUR
PAY0000001258,T000000004405,faster_payment,completed,,43.81,GBP
PAY0000001259,T000000002116,international,completed,,8.15,GBP
PAY0000001260,T000000003326,direct_debit,failed,insufficient_funds,27.53,GBP
PAY0000001261,T000000003416,international,completed,beneficiary_invalid,15.34,GBP
PAY0000001262,T000000003121,faster_payment,completed,,32.55,GBP
PAY0000001263,T000000000583,faster_payment,completed,technical_error,33.26,USD
PAY0000001264,T000000003353,faster_payment,completed,technical_error,58.3,GBP
PAY0000001265,T000000004586,direct_debit,completed,,184.0,GBP
PAY0000001266,T000000002010,faster_payment,completed,fraud_hold,10.76,EUR
PAY0000001267,T000000001595,card,completed,insufficient_funds,394.61,GBP
PAY0000001268,T000000003852,international,completed,,47.36,GBP
PAY0000001269,T000000003363,faster_payment,completed,insufficient_funds,60.12,EUR
PAY0000001270,T000000003400,direct_debit,completed,,47.37,EUR
PAY0000001271,T000000003437,faster_payment,completed,,42.27,EUR
PAY0000001272,T000000003105,direct_debit,completed,,13.91,USD
PAY0000001273,T000000004603,direct_debit,completed,,14.2,GBP
PAY0000001274,T000000004088,direct_debit,completed,timeout,29.63,GBP
PAY0000001275,T000000004222,direct_debit,completed,technical_error,28.05,GBP
PAY0000001276,T000000002656,card,completed,insufficient_funds,36.07,USD
PAY0000001277,T000000003474,direct_debit,completed,,16.27,EUR
PAY0000001278,T000000002763,international,completed,,67.71,GBP
PAY0000001279,T000000003278,faster_payment,returned,,13.98,GBP
PAY0000001280,T000000003903,direct_debit,completed,insufficient_funds,202.56,GBP
PAY0000001281,T000000004283,faster_payment,completed,technical_error,14.39,GBP
PAY0000001282,T000000000614,faster_payment,completed,,17.39,GBP
PAY0000001283,T000000002382,card,completed,beneficiary_invalid,31.31,GBP
PAY0000001284,T000000004882,direct_debit,completed,timeout,40.59,GBP
PAY0000001285,T000000001908,faster_payment,completed,insufficient_funds,5.25,GBP
PAY0000001286,T000000004908,faster_payment,completed,insufficient_funds,51.16,GBP
PAY0000001287,T000000001673,direct_debit,completed,,13.54,GBP
PAY0000001288,T000000000225,direct_debit,completed,,78.73,USD
PAY0000001289,T000000002370,card,completed,insufficient_funds,121.54,GBP
PAY0000001290,T000000004158,faster_payment,completed,timeout,8.4,GBP
PAY0000001291,T000000004984,faster_payment,completed,,10.54,EUR
PAY0000001292,T000000003058,card,completed,technical_error,40.07,GBP
PAY0000001293,T000000002381,faster_payment,failed,timeout,25.31,GBP
PAY0000001294,T000000003511,direct_debit,completed,,25.77,GBP
PAY0000001295,T000000000840,card,failed,,63.62,GBP
PAY0000001296,T000000003548,card,completed,,5.57,GBP
PAY0000001297,T000000002409,faster_payment,completed,beneficiary_invalid,39.29,GBP
PAY0000001298,T000000002071,faster_payment,completed,,11.89,GBP
PAY0000001299,T000000001420,faster_payment,completed,beneficiary_invalid,24.04,GBP
PAY0000001300,T000000004437,card,completed,beneficiary_invalid,6.19,EUR
PAY0000001301,T000000003585,faster_payment,completed,insufficient_funds,35.42,GBP
PAY0000001302,T000000003485,faster_payment,completed,timeout,13.7,GBP
PAY0000001303,T000000004162,faster_payment,completed,insufficient_funds,198.05,GBP
PAY0000001304,T000000000249,faster_payment,completed,insufficient_funds,12.16,GBP
PAY0000001305,T000000004466,international,failed,fraud_hold,198.49,USD
PAY0000001306,T000000003983,international,completed,insufficient_funds,15.43,GBP
PAY0000001307,T000000000139,international,completed,,57.02,GBP
PAY0000001308,T000000003044,card,completed,,24.97,GBP
PAY0000001309,T000000002029,faster_payment,completed,technical_error,15.54,GBP
PAY0000001310,T000000003622,faster_payment,completed,beneficiary_invalid,117.5,GBP
PAY0000001311,T000000003659,international,returned,,13.48,GBP
PAY0000001312,T000000003696,card,completed,fraud_hold,16.16,GBP
PAY0000001313,T000000002864,faster_payment,completed,,106.2,GBP
PAY0000001314,T000000002374,card,completed,fraud_hold,178.75,GBP
PAY0000001315,T000000003733,faster_payment,returned,,16.91,GBP
PAY0000001316,T000000002912,direct_debit,completed,,37.81,EUR
PAY0000001317,T000000004372,card,completed,insufficient_funds,53.39,GBP
PAY0000001318,T000000002856,faster_payment,completed,,15.3,GBP
PAY0000001319,T000000004791,card,completed,,146.04,GBP
PAY0000001320,T000000002661,faster_payment,completed,,36.78,GBP
PAY0000001321,T000000000501,card,completed,,25.03,GBP
PAY0000001322,T000000002090,card,completed,technical_error,22.47,USD
PAY0000001323,T000000004601,card,completed,beneficiary_invalid,48.71,GBP
PAY0000001324,T000000001394,card,failed,,14.29,GBP
PAY0000001325,T000000001930,direct_debit,completed,,131.33,EUR
PAY0000001326,T000000004477,faster_payment,completed,technical_error,27.17,GBP
PAY0000001327,T000000003922,card,completed,insufficient_funds,29.62,GBP
PAY0000001328,T000000001354,card,completed,insufficient_funds,23.22,GBP
PAY0000001329,T000000001943,card,completed,technical_error,142.94,GBP
PAY0000001330,T000000001578,direct_debit,completed,insufficient_funds,181.3,GBP
PAY0000001331,T000000003770,faster_payment,completed,insufficient_funds,31.07,USD
PAY0000001332,T000000000783,faster_payment,completed,insufficient_funds,19.9,USD
PAY0000001333,T000000003807,international,returned,,13.94,EUR
PAY0000001334,T000000003844,direct_debit,failed,timeout,12.34,GBP
PAY0000001335,T000000003881,faster_payment,completed,technical_error,29.22,GBP
PAY0000001336,T000000004183,international,completed,,95.02,GBP
PAY0000001337,T000000002654,international,completed,technical_error,15.98,GBP
PAY0000001338,T000000003918,card,completed,beneficiary_invalid,33.93,GBP
PAY0000001339,T000000004806,faster_payment,completed,,91.31,GBP
PAY0000001340,T000000002830,direct_debit,completed,,26.95,EUR
PAY0000001341,T000000000494,card,pending,,179.76,EUR
PAY0000001342,T000000003955,direct_debit,failed,beneficiary_invalid,27.89,EUR
PAY0000001343,T000000003230,card,completed,insufficient_funds,54.1,GBP
PAY0000001344,T000000003671,faster_payment,completed,timeout,91.61,GBP
PAY0000001345,T000000002822,faster_payment,completed,,40.99,GBP
PAY0000001346,T000000004730,faster_payment,pending,,13.81,EUR
PAY0000001347,T000000004109,card,completed,,10.01,GBP
PAY0000001348,T000000001803,faster_payment,completed,technical_error,29.87,GBP
PAY0000001349,T000000000860,faster_payment,completed,insufficient_funds,109.46,GBP
PAY0000001350,T000000000924,faster_payment,completed,timeout,21.2,GBP
PAY0000001351,T000000000991,direct_debit,completed,insufficient_funds,19.98,USD
PAY0000001352,T000000000127,direct_debit,completed,,43.13,GBP
PAY0000001353,T000000003375,faster_payment,completed,insufficient_funds,7.35,GBP
PAY0000001354,T000000003992,card,completed,insufficient_funds,19.15,EUR
PAY0000001355,T000000004142,card,completed,,9.62,GBP
PAY0000001356,T000000004385,faster_payment,completed,beneficiary_invalid,19.5,GBP
PAY0000001357,T000000000968,direct_debit,completed,,18.14,GBP
PAY0000001358,T000000004532,faster_payment,completed,insufficient_funds,13.93,GBP
PAY0000001359,T000000002823,faster_payment,completed,insufficient_funds,17.88,EUR
PAY0000001360,T000000001644,faster_payment,completed,fraud_hold,11.54,EUR
PAY0000001361,T000000000938,faster_payment,completed,fraud_hold,87.46,GBP
PAY0000001362,T000000002917,faster_payment,pending,,17.6,GBP
PAY0000001363,T000000004029,direct_debit,completed,,75.84,EUR
PAY0000001364,T000000000048,direct_debit,failed,beneficiary_invalid,18.82,GBP
PAY0000001365,T000000003800,card,completed,technical_error,13.73,GBP
PAY0000001366,T000000003714,card,completed,beneficiary_invalid,33.93,GBP
PAY0000001367,T000000004066,card,completed,timeout,94.26,USD
PAY0000001368,T000000004103,direct_debit,completed,fraud_hold,39.3,GBP
PAY0000001369,T000000002485,card,completed,insufficient_funds,22.42,GBP
PAY0000001370,T000000003442,international,completed,insufficient_funds,35.42,GBP
PAY0000001371,T000000000278,card,pending,timeout,36.33,GBP
PAY0000001372,T000000000759,card,completed,,4.49,GBP
PAY0000001373,T000000004719,international,completed,,14.13,USD
PAY0000001374,T000000002724,direct_debit,completed,insufficient_funds,13.49,GBP
PAY0000001375,T000000004795,faster_payment,completed,,18.63,GBP
PAY0000001376,T000000004140,direct_debit,completed,beneficiary_invalid,10.92,GBP
PAY0000001377,T000000001427,faster_payment,completed,,45.84,GBP
PAY0000001378,T000000003866,direct_debit,returned,timeout,29.43,GBP
PAY0000001379,T000000003348,international,completed,insufficient_funds,16.31,GBP
PAY0000001380,T000000002233,faster_payment,completed,beneficiary_invalid,38.28,GBP
PAY0000001381,T000000003219,direct_debit,completed,insufficient_funds,12.42,GBP
PAY0000001382,T000000002678,faster_payment,completed,,30.9,GBP
PAY0000001383,T000000003518,card,completed,insufficient_funds,19.99,GBP
PAY0000001384,T000000000260,card,completed,beneficiary_invalid,19.74,GBP
PAY0000001385,T000000004177,card,completed,,19.61,EUR
PAY0000001386,T000000000843,faster_payment,completed,,5.37,GBP
PAY0000001387,T000000000468,direct_debit,completed,insufficient_funds,20.27,GBP
PAY0000001388,T000000003089,faster_payment,completed,,84.68,GBP
PAY0000001389,T000000001088,faster_payment,completed,,74.55,GBP
PAY0000001390,T000000003618,international,completed,fraud_hold,9.24,GBP
PAY0000001391,T000000002464,card,completed,,181.3,GBP
PAY0000001392,T000000002811,faster_payment,completed,insufficient_funds,86.27,GBP
PAY0000001393,T000000004214,direct_debit,completed,insufficient_funds,13.18,GBP
PAY0000001394,T000000002989,faster_payment,completed,,86.95,EUR
PAY0000001395,T000000002452,faster_payment,completed,insufficient_funds,59.06,USD
PAY0000001396,T000000002989,card,completed,,127.04,EUR
PAY0000001397,T000000003306,direct_debit,completed,fraud_hold,10.47,GBP
PAY0000001398,T000000004375,card,completed,insufficient_funds,54.41,EUR
PAY0000001399,T000000004051,faster_payment,completed,insufficient_funds,37.99,GBP
PAY0000001400,T000000001201,card,completed,,18.65,EUR
PAY0000001401,T000000004888,faster_payment,completed,,62.14,GBP
PAY0000001402,T000000001912,faster_payment,pending,,156.0,GBP
PAY0000001403,T000000000713,faster_payment,completed,,17.27,EUR
PAY0000001404,T000000001678,faster_payment,completed,,31.65,GBP
PAY0000001405,T000000003162,faster_payment,completed,timeout,47.71,USD
PAY0000001406,T000000000488,faster_payment,completed,,90.11,GBP
PAY0000001407,T000000004251,card,completed,,42.54,GBP
PAY0000001408,T000000004787,direct_debit,completed,insufficient_funds,3.24,GBP
PAY0000001409,T000000004350,faster_payment,pending,,31.9,GBP
PAY0000001410,T000000004288,faster_payment,failed,,65.68,USD
PAY0000001411,T000000000240,international,completed,fraud_hold,58.19,GBP
PAY0000001412,T000000000648,direct_debit,completed,fraud_hold,103.39,GBP
PAY0000001413,T000000004325,faster_payment,completed,fraud_hold,26.02,GBP
PAY0000001414,T000000002503,card,completed,,26.98,GBP
PAY0000001415,T000000004362,card,completed,,13.78,GBP
PAY0000001416,T000000004496,card,completed,,15.46,GBP
PAY0000001417,T000000003694,card,completed,,122.44,GBP
PAY0000001418,T000000004587,card,completed,,52.25,GBP
PAY0000001419,T000000004174,international,completed,timeout,12.5,USD
PAY0000001420,T000000002623,direct_debit,pending,technical_error,14.8,USD
PAY0000001421,T000000004399,faster_payment,completed,,16.55,GBP
PAY0000001422,T000000001227,faster_payment,completed,,508.06,USD
PAY0000001423,T000000000256,faster_payment,completed,insufficient_funds,15.83,EUR
PAY0000001424,T000000002458,card,completed,,27.85,GBP
PAY0000001425,T000000001035,international,failed,,88.33,GBP
PAY0000001426,T000000004240,faster_payment,completed,,20.89,GBP
PAY0000001427,T000000002152,card,completed,technical_error,20.56,GBP
PAY0000001428,T000000003299,faster_payment,failed,beneficiary_invalid,29.45,GBP
PAY0000001429,T000000001001,direct_debit,completed,insufficient_funds,20.5,GBP
PAY0000001430,T000000003713,international,completed,technical_error,16.05,GBP
PAY0000001431,T000000003578,card,completed,technical_error,22.52,GBP
PAY0000001432,T000000002552,faster_payment,completed,insufficient_funds,8.61,GBP
PAY0000001433,T000000003973,faster_payment,completed,beneficiary_invalid,44.54,GBP
PAY0000001434,T000000001667,faster_payment,completed,beneficiary_invalid,59.22,GBP
PAY0000001435,T000000003413,card,failed,,36.98,GBP
PAY0000001436,T000000002324,faster_payment,completed,,23.2,GBP
PAY0000001437,T000000003625,direct_debit,completed,,43.0,GBP
PAY0000001438,T000000001054,card,completed,fraud_hold,14.19,GBP
PAY0000001439,T000000002541,card,completed,insufficient_funds,17.32,GBP
PAY0000001440,T000000003715,direct_debit,completed,technical_error,23.45,GBP
PAY0000001441,T000000002778,faster_payment,completed,fraud_hold,28.5,GBP
PAY0000001442,T000000002900,card,failed,insufficient_funds,34.93,USD
PAY0000001443,T000000000349,direct_debit,completed,,47.7,GBP
PAY0000001444,T000000001079,card,completed,beneficiary_invalid,119.02,USD
PAY0000001445,T000000000605,faster_payment,completed,,30.63,GBP
PAY0000001446,T000000004805,international,completed,timeout,58.93,GBP
PAY0000001447,T000000001818,faster_payment,completed,insufficient_funds,584.1,USD
PAY0000001448,T000000001362,faster_payment,completed,,6.1,GBP
PAY0000001449,T000000003768,direct_debit,returned,,25.12,GBP
PAY0000001450,T000000000039,faster_payment,completed,,8.37,GBP
PAY0000001451,T000000002529,faster_payment,returned,,28.64,GBP
PAY0000001452,T000000004825,faster_payment,completed,insufficient_funds,61.76,GBP
PAY0000001453,T000000001535,faster_payment,completed,,126.83,GBP
PAY0000001454,T000000001554,international,completed,,5.93,GBP
PAY0000001455,T000000004399,direct_debit,completed,,14.93,GBP
PAY0000001456,T000000004056,faster_payment,completed,insufficient_funds,78.16,GBP
PAY0000001457,T000000004430,card,completed,,32.8,GBP
PAY0000001458,T000000001670,card,completed,,30.67,GBP
PAY0000001459,T000000004436,direct_debit,completed,technical_error,14.4,GBP
PAY0000001460,T000000003110,card,completed,,49.6,GBP
PAY0000001461,T000000004636,card,completed,timeout,3.87,GBP
PAY0000001462,T000000001709,card,completed,,197.32,GBP
PAY0000001463,T000000003193,international,completed,insufficient_funds,64.65,GBP
PAY0000001464,T000000000516,faster_payment,completed,beneficiary_invalid,66.47,GBP
PAY0000001465,T000000000759,direct_debit,completed,,168.8,GBP
PAY0000001466,T000000002284,faster_payment,completed,beneficiary_invalid,58.12,GBP
PAY0000001467,T000000002271,faster_payment,completed,insufficient_funds,77.1,GBP
PAY0000001468,T000000004919,direct_debit,completed,,31.1,EUR
PAY0000001469,T000000000056,faster_payment,completed,,37.16,GBP
PAY0000001470,T000000003955,faster_payment,completed,timeout,147.63,EUR
PAY0000001471,T000000003428,faster_payment,completed,insufficient_funds,86.72,GBP
PAY0000001472,T000000004473,card,completed,,6.97,GBP
PAY0000001473,T000000003518,faster_payment,completed,,33.87,GBP
PAY0000001474,T000000000836,faster_payment,completed,insufficient_funds,119.35,GBP
PAY0000001475,T000000004510,faster_payment,completed,insufficient_funds,107.34,GBP
PAY0000001476,T000000001333,card,completed,insufficient_funds,77.51,GBP
PAY0000001477,T000000002812,faster_payment,returned,insufficient_funds,91.03,GBP
PAY0000001478,T000000004677,card,completed,timeout,26.61,EUR
PAY0000001479,T000000000588,direct_debit,completed,,74.44,GBP
PAY0000001480,T000000004549,card,completed,technical_error,115.26,GBP
PAY0000001481,T000000000063,card,completed,,19.4,GBP
PAY0000001482,T000000001005,direct_debit,completed,,15.04,GBP
PAY0000001483,T000000004892,card,completed,insufficient_funds,21.77,GBP
PAY0000001484,T000000004170,faster_payment,completed,,27.23,GBP
PAY0000001485,T000000004547,card,completed,fraud_hold,11.96,GBP
PAY0000001486,T000000002062,faster_payment,completed,insufficient_funds,31.31,EUR
PAY0000001487,T000000002359,international,completed,,184.57,GBP
PAY0000001488,T000000004584,card,completed,insufficient_funds,19.43,GBP
PAY0000001489,T000000002597,faster_payment,completed,,8.71,GBP
PAY0000001490,T000000001301,card,completed,beneficiary_invalid,17.25,GBP
PAY0000001491,T000000004194,international,returned,,22.84,GBP
PAY0000001492,T000000001859,faster_payment,completed,,110.8,EUR
PAY0000001493,T000000002674,faster_payment,completed,timeout,45.81,GBP
PAY0000001494,T000000002323,card,completed,,106.7,GBP
PAY0000001495,T000000004621,card,completed,insufficient_funds,22.75,GBP
PAY0000001496,T000000001064,faster_payment,completed,,39.37,USD
PAY0000001497,T000000002986,direct_debit,completed,timeout,24.12,USD
PAY0000001498,T000000001491,direct_debit,completed,,31.47,GBP
PAY0000001499,T000000003577,faster_payment,completed,beneficiary_invalid,24.11,GBP
PAY0000001500,T000000004658,international,completed,insufficient_funds,21.52,GBP
PAY0000001501,T000000002681,card,completed,,10.98,GBP
PAY0000001502,T000000004422,direct_debit,completed,technical_error,3.87,EUR
PAY0000001503,T000000003821,faster_payment,completed,timeout,85.89,GBP
PAY0000001504,T000000001411,direct_debit,completed,timeout,44.35,GBP
PAY0000001505,T000000003296,faster_payment,completed,technical_error,40.18,GBP
PAY0000001506,T000000003725,card,completed,timeout,52.56,GBP
PAY0000001507,T000000004695,faster_payment,completed,fraud_hold,22.88,GBP
PAY0000001508,T000000004959,faster_payment,failed,insufficient_funds,12.49,GBP
PAY0000001509,T000000000205,international,completed,,105.53,GBP
PAY0000001510,T000000001369,international,completed,fraud_hold,32.32,GBP
PAY0000001511,T000000004230,faster_payment,completed,,63.77,GBP
PAY0000001512,T000000002139,international,completed,technical_error,20.8,USD
PAY0000001513,T000000001339,card,completed,fraud_hold,29.68,GBP
PAY0000001514,T000000002906,card,completed,insufficient_funds,99.04,GBP
PAY0000001515,T000000003984,card,completed,,17.48,GBP
PAY0000001516,T000000002641,direct_debit,completed,beneficiary_invalid,14.81,USD
PAY0000001517,T000000001096,faster_payment,completed,,44.72,EUR
PAY0000001518,T000000000320,direct_debit,completed,,14.41,GBP
PAY0000001519,T000000001294,direct_debit,completed,,2.4,USD
PAY0000001520,T000000000282,faster_payment,completed,insufficient_funds,48.86,GBP
PAY0000001521,T000000000597,faster_payment,completed,,18.86,GBP
PAY0000001522,T000000004417,international,pending,,8.02,GBP
PAY0000001523,T000000001930,international,completed,,12.19,EUR
PAY0000001524,T000000004732,card,completed,insufficient_funds,12.48,GBP
PAY0000001525,T000000000114,direct_debit,completed,,32.14,EUR
PAY0000001526,T000000004769,card,completed,beneficiary_invalid,24.24,GBP
PAY0000001527,T000000004031,faster_payment,completed,,46.32,GBP
PAY0000001528,T000000003900,faster_payment,completed,timeout,95.52,GBP
PAY0000001529,T000000003124,international,completed,,21.27,GBP
PAY0000001530,T000000002968,card,completed,,72.38,GBP
PAY0000001531,T000000003656,card,completed,,8.87,GBP
PAY0000001532,T000000004721,card,completed,beneficiary_invalid,22.57,GBP
PAY0000001533,T000000003711,faster_payment,completed,,84.93,GBP
PAY0000001534,T000000003714,faster_payment,completed,technical_error,24.71,GBP
PAY0000001535,T000000002910,card,completed,beneficiary_invalid,34.7,GBP
PAY0000001536,T000000002480,direct_debit,completed,beneficiary_invalid,51.82,GBP
PAY0000001537,T000000000792,faster_payment,completed,,32.61,GBP
PAY0000001538,T000000001818,card,completed,,31.74,USD
PAY0000001539,T000000004806,card,failed,,12.63,GBP
PAY0000001540,T000000003960,direct_debit,completed,,34.0,USD
PAY0000001541,T000000004843,faster_payment,completed,,57.88,GBP
PAY0000001542,T000000004584,international,completed,insufficient_funds,143.23,GBP
PAY0000001543,T000000002492,card,completed,timeout,21.87,GBP
PAY0000001544,T000000004519,international,failed,insufficient_funds,106.41,GBP
PAY0000001545,T000000002315,card,completed,technical_error,30.38,GBP
PAY0000001546,T000000004462,card,completed,,36.15,GBP
PAY0000001547,T000000003143,direct_debit,completed,technical_error,53.87,GBP
PAY0000001548,T000000004880,direct_debit,completed,technical_error,2.59,EUR
PAY0000001549,T000000001903,card,completed,,8.64,GBP
PAY0000001550,T000000001044,faster_payment,completed,,11.26,GBP
PAY0000001551,T000000000546,faster_payment,completed,,11.45,GBP
PAY0000001552,T000000004917,card,completed,fraud_hold,17.95,GBP
PAY0000001553,T000000003308,faster_payment,completed,,33.01,GBP
PAY0000001554,T000000004954,card,failed,technical_error,53.99,USD
PAY0000001555,T000000004991,direct_debit,completed,beneficiary_invalid,29.85,GBP
PAY0000001556,T000000003858,faster_payment,completed,technical_error,46.07,GBP
PAY0000001557,T000000000028,direct_debit,completed,,5.4,EUR
PAY0000001558,T000000000065,direct_debit,completed,,100.29,GBP
PAY0000001559,T000000000953,card,completed,technical_error,21.74,GBP
PAY0000001560,T000000000346,card,completed,technical_error,40.73,GBP
PAY0000001561,T000000001109,international,completed,,48.65,GBP
PAY0000001562,T000000000102,faster_payment,completed,fraud_hold,20.85,GBP
PAY0000001563,T000000001419,direct_debit,completed,,11.31,GBP
PAY0000001564,T000000000918,card,completed,insufficient_funds,89.46,GBP
PAY0000001565,T000000000139,direct_debit,completed,,19.49,GBP
PAY0000001566,T000000000176,direct_debit,completed,,23.65,GBP
PAY0000001567,T000000000213,card,completed,insufficient_funds,217.62,EUR
PAY0000001568,T000000004954,faster_payment,completed,insufficient_funds,34.97,USD
PAY0000001569,T000000000250,card,completed,,16.99,GBP
PAY0000001570,T000000000287,faster_payment,completed,fraud_hold,34.49,USD
PAY0000001571,T000000003330,faster_payment,completed,,62.06,GBP
PAY0000001572,T000000000648,faster_payment,completed,insufficient_funds,22.16,GBP
PAY0000001573,T000000003157,card,completed,,75.64,GBP
PAY0000001574,T000000002718,card,completed,timeout,11.84,GBP
PAY0000001575,T000000003269,international,completed,timeout,44.86,GBP
PAY0000001576,T000000000324,direct_debit,completed,insufficient_funds,74.26,GBP
PAY0000001577,T000000001689,card,completed,insufficient_funds,139.89,GBP
PAY0000001578,T000000004681,card,completed,insufficient_funds,85.53,GBP
PAY0000001579,T000000000361,card,completed,,21.24,GBP
PAY0000001580,T000000003315,faster_payment,completed,technical_error,39.15,USD
PAY0000001581,T000000001179,faster_payment,completed,,46.55,GBP
PAY0000001582,T000000003956,faster_payment,completed,,9.89,GBP
PAY0000001583,T000000000398,direct_debit,completed,,15.69,GBP
PAY0000001584,T000000003280,direct_debit,completed,,31.87,GBP
PAY0000001585,T000000001615,faster_payment,pending,insufficient_funds,13.49,USD
PAY0000001586,T000000002680,card,completed,technical_error,10.24,GBP
PAY0000001587,T000000000435,faster_payment,completed,timeout,13.75,GBP
PAY0000001588,T000000001914,direct_debit,completed,insufficient_funds,32.05,GBP
PAY0000001589,T000000004445,direct_debit,completed,technical_error,59.11,GBP
PAY0000001590,T000000004722,direct_debit,completed,insufficient_funds,20.11,EUR
PAY0000001591,T000000000472,direct_debit,completed,insufficient_funds,40.78,GBP
PAY0000001592,T000000000400,card,completed,,12.51,GBP
PAY0000001593,T000000001384,card,completed,beneficiary_invalid,11.09,EUR
PAY0000001594,T000000002431,faster_payment,completed,timeout,104.76,USD
PAY0000001595,T000000004659,international,completed,technical_error,12.3,GBP
PAY0000001596,T000000001479,international,completed,technical_error,12.04,GBP
PAY0000001597,T000000000509,direct_debit,completed,,57.6,GBP
PAY0000001598,T000000003637,international,failed,,116.39,GBP
PAY0000001599,T000000003547,faster_payment,completed,,20.78,GBP
PAY0000001600,T000000001712,direct_debit,completed,,23.51,GBP
PAY0000001601,T000000002002,faster_payment,completed,insufficient_funds,84.16,USD
PAY0000001602,T000000003125,direct_debit,completed,timeout,23.9,GBP
PAY0000001603,T000000001256,card,completed,technical_error,26.89,GBP
PAY0000001604,T000000002270,faster_payment,completed,,34.65,EUR
PAY0000001605,T000000003642,card,pending,timeout,31.11,GBP
PAY0000001606,T000000004463,faster_payment,completed,,5.81,EUR
PAY0000001607,T000000000546,faster_payment,completed,beneficiary_invalid,8.05,GBP
PAY0000001608,T000000003470,card,completed,,37.9,GBP
PAY0000001609,T000000000826,card,completed,,14.33,GBP
PAY0000001610,T000000001131,card,failed,,14.48,GBP
PAY0000001611,T000000000583,card,completed,,34.95,USD
PAY0000001612,T000000002389,faster_payment,completed,,16.48,GBP
PAY0000001613,T000000003596,card,completed,,24.72,GBP
PAY0000001614,T000000000376,faster_payment,completed,,10.02,EUR
PAY0000001615,T000000003357,card,completed,fraud_hold,8.21,GBP
PAY0000001616,T000000000620,faster_payment,completed,,8.2,GBP
PAY0000001617,T000000003368,card,completed,technical_error,29.55,GBP
PAY0000001618,T000000002453,direct_debit,completed,insufficient_funds,12.91,GBP
PAY0000001619,T000000000467,faster_payment,completed,beneficiary_invalid,53.49,GBP
PAY0000001620,T000000001668,faster_payment,completed,,73.17,USD
PAY0000001621,T000000000725,card,completed,,62.46,GBP
PAY0000001622,T000000004573,direct_debit,completed,,21.51,EUR
PAY0000001623,T000000004216,card,completed,insufficient_funds,43.88,GBP
PAY0000001624,T000000004755,card,completed,beneficiary_invalid,110.79,GBP
PAY0000001625,T000000001709,faster_payment,completed,timeout,6.25,GBP
PAY0000001626,T000000000657,faster_payment,completed,beneficiary_invalid,130.08,GBP
PAY0000001627,T000000002224,faster_payment,completed,beneficiary_invalid,51.61,EUR
PAY0000001628,T000000004768,direct_debit,completed,,85.73,GBP
PAY0000001629,T000000003613,faster_payment,completed,technical_error,82.23,EUR
PAY0000001630,T000000004679,card,completed,,12.21,GBP
PAY0000001631,T000000004722,direct_debit,completed,,46.3,EUR
PAY0000001632,T000000001718,faster_payment,completed,,40.26,GBP
PAY0000001633,T000000001890,card,completed,insufficient_funds,114.45,GBP
PAY0000001634,T000000003327,card,completed,,159.91,EUR
PAY0000001635,T000000002695,direct_debit,completed,insufficient_funds,41.5,GBP
PAY0000001636,T000000004615,direct_debit,completed,,13.69,GBP
PAY0000001637,T000000002345,direct_debit,completed,,3.9,GBP
PAY0000001638,T000000002937,card,failed,insufficient_funds,27.09,GBP
PAY0000001639,T000000003317,faster_payment,completed,timeout,6.45,GBP
PAY0000001640,T000000001839,faster_payment,completed,,118.46,EUR
PAY0000001641,T000000002861,faster_payment,completed,,90.13,GBP
PAY0000001642,T000000000767,card,completed,insufficient_funds,8.24,GBP
PAY0000001643,T000000001401,card,completed,technical_error,10.31,USD
PAY0000001644,T000000001838,direct_debit,completed,insufficient_funds,61.34,GBP
PAY0000001645,T000000002193,card,completed,insufficient_funds,126.11,GBP
PAY0000001646,T000000001711,faster_payment,completed,,59.76,GBP
PAY0000001647,T000000000694,direct_debit,completed,,119.22,GBP
PAY0000001648,T000000003793,international,completed,,22.64,GBP
PAY0000001649,T000000003659,international,completed,technical_error,18.7,GBP
PAY0000001650,T000000002557,card,completed,beneficiary_invalid,8.22,GBP
PAY0000001651,T000000000038,card,completed,fraud_hold,25.45,USD
PAY0000001652,T000000000731,faster_payment,pending,,20.9,GBP
PAY0000001653,T000000002349,direct_debit,completed,,22.84,GBP
PAY0000001654,T000000000768,direct_debit,completed,,6.24,GBP
PAY0000001655,T000000000768,card,completed,,44.51,GBP
PAY0000001656,T000000003679,card,completed,,59.07,USD
PAY0000001657,T000000000096,faster_payment,completed,technical_error,33.07,GBP
PAY0000001658,T000000001368,international,completed,insufficient_funds,62.8,GBP
PAY0000001659,T000000001462,faster_payment,pending,,38.16,GBP
PAY0000001660,T000000002686,international,completed,beneficiary_invalid,3.31,EUR
PAY0000001661,T000000003394,faster_payment,completed,fraud_hold,26.4,GBP
PAY0000001662,T000000000805,faster_payment,completed,timeout,44.9,GBP
PAY0000001663,T000000002009,faster_payment,completed,,23.8,EUR
PAY0000001664,T000000003822,direct_debit,completed,,53.78,GBP
PAY0000001665,T000000003516,direct_debit,completed,,66.57,EUR
PAY0000001666,T000000002382,international,completed,,29.01,GBP
PAY0000001667,T000000002100,faster_payment,completed,,18.49,GBP
PAY0000001668,T000000003657,card,completed,beneficiary_invalid,63.09,GBP
PAY0000001669,T000000001617,faster_payment,failed,timeout,9.97,GBP
PAY0000001670,T000000000842,direct_debit,completed,,33.43,GBP
PAY0000001671,T000000003837,international,completed,insufficient_funds,30.47,GBP
PAY0000001672,T000000001616,card,pending,,27.84,GBP
PAY0000001673,T000000003865,card,completed,,26.02,GBP
PAY0000001674,T000000002067,international,completed,,36.02,GBP
PAY0000001675,T000000002490,card,completed,insufficient_funds,93.85,GBP
PAY0000001676,T000000002328,faster_payment,completed,technical_error,22.66,GBP
PAY0000001677,T000000004183,card,completed,,68.36,GBP
PAY0000001678,T000000004793,direct_debit,completed,technical_error,10.32,GBP
PAY0000001679,T000000000879,international,completed,technical_error,42.53,GBP
PAY0000001680,T000000000916,faster_payment,completed,,30.54,EUR
PAY0000001681,T000000002578,card,completed,beneficiary_invalid,6.48,EUR
PAY0000001682,T000000004111,direct_debit,completed,,40.01,EUR
PAY0000001683,T000000000907,faster_payment,completed,,51.3,GBP
PAY0000001684,T000000003676,faster_payment,completed,insufficient_funds,47.74,GBP
PAY0000001685,T000000000953,direct_debit,completed,beneficiary_invalid,15.44,GBP
PAY0000001686,T000000000179,faster_payment,completed,fraud_hold,18.24,EUR
PAY0000001687,T000000002707,card,completed,beneficiary_invalid,56.01,GBP
PAY0000001688,T000000000548,faster_payment,completed,fraud_hold,95.67,GBP
PAY0000001689,T000000003680,card,completed,timeout,35.83,GBP
PAY0000001690,T000000002184,faster_payment,completed,technical_error,12.09,GBP
PAY0000001691,T000000004941,card,completed,timeout,6.95,GBP
PAY0000001692,T000000000990,faster_payment,completed,,60.43,GBP
PAY0000001693,T000000001718,card,completed,technical_error,12.02,GBP
PAY0000001694,T000000004135,direct_debit,completed,,100.95,EUR
PAY0000001695,T000000000698,direct_debit,completed,,19.37,GBP
PAY0000001696,T000000002351,direct_debit,completed,technical_error,4.87,GBP
PAY0000001697,T000000004511,faster_payment,completed,,25.07,GBP
PAY0000001698,T000000004542,direct_debit,failed,,28.28,GBP
PAY0000001699,T000000003870,direct_debit,completed,timeout,22.88,EUR
PAY0000001700,T000000001240,faster_payment,completed,technical_error,61.43,USD
PAY0000001701,T000000003098,faster_payment,failed,insufficient_funds,32.52,GBP
PAY0000001702,T000000003074,direct_debit,completed,,48.55,GBP
PAY0000001703,T000000004594,international,completed,insufficient_funds,23.83,EUR
PAY0000001704,T000000001327,faster_payment,completed,,27.27,GBP
PAY0000001705,T000000002562,direct_debit,completed,timeout,10.21,GBP
PAY0000001706,T000000001027,faster_payment,completed,fraud_hold,39.19,EUR
PAY0000001707,T000000000413,direct_debit,failed,beneficiary_invalid,122.42,GBP
PAY0000001708,T000000000267,direct_debit,completed,,18.95,GBP
PAY0000001709,T000000001069,faster_payment,completed,beneficiary_invalid,9.74,GBP
PAY0000001710,T000000004402,direct_debit,completed,fraud_hold,45.78,GBP
PAY0000001711,T000000001064,card,completed,,24.38,USD
PAY0000001712,T000000000909,card,completed,,48.01,GBP
PAY0000001713,T000000004999,international,completed,,2.71,GBP
PAY0000001714,T000000002540,international,completed,insufficient_funds,11.52,USD
PAY0000001715,T000000001101,faster_payment,completed,,55.26,GBP
PAY0000001716,T000000003978,card,completed,,37.32,EUR
PAY0000001717,T000000001002,card,completed,fraud_hold,13.86,GBP
PAY0000001718,T000000003373,direct_debit,completed,technical_error,14.67,GBP
PAY0000001719,T000000003719,faster_payment,completed,,1.53,GBP
PAY0000001720,T000000000441,card,completed,fraud_hold,10.62,GBP
PAY0000001721,T000000001915,faster_payment,completed,insufficient_funds,54.74,GBP
PAY0000001722,T000000003264,faster_payment,completed,timeout,28.69,GBP
PAY0000001723,T000000003984,faster_payment,failed,insufficient_funds,18.24,GBP
PAY0000001724,T000000004437,faster_payment,completed,,34.53,EUR
PAY0000001725,T000000003112,card,completed,,8.29,GBP
PAY0000001726,T000000004135,faster_payment,completed,technical_error,33.62,EUR
PAY0000001727,T000000003745,card,completed,beneficiary_invalid,2.2,GBP
PAY0000001728,T000000000185,card,completed,beneficiary_invalid,15.56,USD
PAY0000001729,T000000000150,faster_payment,completed,insufficient_funds,73.01,GBP
PAY0000001730,T000000002374,international,completed,beneficiary_invalid,61.03,GBP
PAY0000001731,T000000001773,card,completed,,267.43,GBP
PAY0000001732,T000000002330,direct_debit,completed,,11.57,EUR
PAY0000001733,T000000000371,card,completed,,32.46,GBP
PAY0000001734,T000000004968,direct_debit,pending,technical_error,30.52,EUR
PAY0000001735,T000000001138,direct_debit,completed,insufficient_funds,6.4,GBP
PAY0000001736,T000000000905,faster_payment,completed,timeout,30.18,GBP
PAY0000001737,T000000002806,faster_payment,pending,,13.39,GBP
PAY0000001738,T000000001553,faster_payment,completed,fraud_hold,834.26,GBP
PAY0000001739,T000000001391,faster_payment,completed,insufficient_funds,20.1,GBP
PAY0000001740,T000000000660,direct_debit,completed,,587.85,GBP
PAY0000001741,T000000004032,international,completed,,22.39,GBP
PAY0000001742,T000000002512,direct_debit,completed,,47.7,GBP
PAY0000001743,T000000003106,direct_debit,completed,,9.52,GBP
PAY0000001744,T000000002061,faster_payment,completed,,27.95,GBP
PAY0000001745,T000000003635,card,completed,insufficient_funds,9.49,GBP
PAY0000001746,T000000000252,faster_payment,completed,,7.84,GBP
PAY0000001747,T000000001516,direct_debit,completed,insufficient_funds,203.2,GBP
PAY0000001748,T000000001697,faster_payment,completed,,5.07,GBP
PAY0000001749,T000000002964,card,completed,timeout,15.03,GBP
PAY0000001750,T000000004019,faster_payment,completed,,38.72,EUR
PAY0000001751,T000000001175,international,completed,,25.34,EUR
PAY0000001752,T000000004645,faster_payment,completed,,79.87,GBP
PAY0000001753,T000000001336,card,completed,beneficiary_invalid,4.54,GBP
PAY0000001754,T000000004691,faster_payment,completed,technical_error,72.38,EUR
PAY0000001755,T000000000550,card,completed,insufficient_funds,11.22,GBP
PAY0000001756,T000000000266,faster_payment,completed,beneficiary_invalid,52.94,GBP
PAY0000001757,T000000002040,faster_payment,completed,fraud_hold,31.46,GBP
PAY0000001758,T000000001242,faster_payment,completed,insufficient_funds,42.95,GBP
PAY0000001759,T000000003322,card,completed,insufficient_funds,32.96,GBP
PAY0000001760,T000000000408,faster_payment,completed,,31.57,EUR
PAY0000001761,T000000003241,faster_payment,completed,beneficiary_invalid,51.75,GBP
PAY0000001762,T000000004261,direct_debit,completed,technical_error,60.01,GBP
PAY0000001763,T000000002158,faster_payment,completed,beneficiary_invalid,96.88,EUR
PAY0000001764,T000000001309,faster_payment,completed,,11.5,GBP
PAY0000001765,T000000004256,direct_debit,completed,beneficiary_invalid,50.63,GBP
PAY0000001766,T000000000094,direct_debit,completed,,47.14,GBP
PAY0000001767,T000000004138,faster_payment,returned,timeout,34.64,GBP
PAY0000001768,T000000001580,international,completed,insufficient_funds,14.98,GBP
PAY0000001769,T000000001212,direct_debit,completed,,26.18,GBP
PAY0000001770,T000000001833,faster_payment,completed,,49.81,GBP
PAY0000001771,T000000001249,direct_debit,completed,technical_error,194.17,GBP
PAY0000001772,T000000003648,direct_debit,completed,insufficient_funds,9.36,GBP
PAY0000001773,T000000000753,card,completed,,11.92,GBP
PAY0000001774,T000000002756,international,returned,,6.04,EUR
PAY0000001775,T000000002912,direct_debit,completed,,22.18,EUR
PAY0000001776,T000000001286,faster_payment,completed,insufficient_funds,13.07,USD
PAY0000001777,T000000003642,card,failed,insufficient_funds,38.51,GBP
PAY0000001778,T000000001323,direct_debit,completed,,11.52,GBP
PAY0000001779,T000000000024,international,completed,,160.57,GBP
PAY0000001780,T000000001098,card,completed,insufficient_funds,17.8,EUR
PAY0000001781,T000000001142,direct_debit,failed,insufficient_funds,13.46,GBP
PAY0000001782,T000000001360,direct_debit,completed,insufficient_funds,85.33,GBP
PAY0000001783,T000000001331,faster_payment,completed,,52.08,GBP
PAY0000001784,T000000002479,international,completed,timeout,11.18,GBP
PAY0000001785,T000000004049,faster_payment,completed,beneficiary_invalid,23.31,GBP
PAY0000001786,T000000000695,direct_debit,completed,insufficient_funds,58.11,GBP
PAY0000001787,T000000002734,international,completed,,41.55,GBP
PAY0000001788,T000000004130,faster_payment,completed,timeout,59.32,EUR
PAY0000001789,T000000001397,faster_payment,returned,beneficiary_invalid,18.13,GBP
PAY0000001790,T000000001434,faster_payment,completed,timeout,10.21,GBP
PAY0000001791,T000000004063,faster_payment,completed,timeout,65.81,GBP
PAY0000001792,T000000004128,faster_payment,completed,,41.91,USD
PAY0000001793,T000000000352,faster_payment,completed,insufficient_funds,32.42,GBP
PAY0000001794,T000000003059,faster_payment,completed,beneficiary_invalid,13.78,USD
PAY0000001795,T000000001471,faster_payment,completed,,12.72,GBP
PAY0000001796,T000000000309,direct_debit,completed,,3.52,GBP
PAY0000001797,T000000000866,direct_debit,completed,timeout,26.8,GBP
PAY0000001798,T000000000198,direct_debit,completed,,11.17,USD
PAY0000001799,T000000001508,direct_debit,completed,,6.86,GBP
PAY0000001800,T000000001317,direct_debit,completed,,19.38,GBP
PAY0000001801,T000000001545,direct_debit,failed,,46.19,GBP
PAY0000001802,T000000004787,card,completed,,6.59,GBP
PAY0000001803,T000000001152,card,completed,,8.57,GBP
PAY0000001804,T000000001582,international,completed,,27.28,GBP
PAY0000001805,T000000002138,faster_payment,completed,,2.96,GBP
PAY0000001806,T000000001686,direct_debit,completed,beneficiary_invalid,57.46,GBP
PAY0000001807,T000000004476,international,completed,technical_error,16.02,GBP
PAY0000001808,T000000000420,faster_payment,completed,beneficiary_invalid,8.98,GBP
PAY0000001809,T000000002470,direct_debit,completed,technical_error,29.65,GBP
PAY0000001810,T000000000677,card,completed,insufficient_funds,8.19,GBP
PAY0000001811,T000000000019,card,completed,,28.8,GBP
PAY0000001812,T000000004424,card,completed,,35.72,GBP
PAY0000001813,T000000003664,faster_payment,completed,technical_error,26.26,GBP
PAY0000001814,T000000003699,faster_payment,failed,,12.97,GBP
PAY0000001815,T000000000340,direct_debit,completed,beneficiary_invalid,5.93,GBP
PAY0000001816,T000000003030,card,completed,,36.06,GBP
PAY0000001817,T000000001644,faster_payment,completed,beneficiary_invalid,142.48,EUR
PAY0000001818,T000000003249,faster_payment,completed,,46.43,GBP
PAY0000001819,T000000001619,direct_debit,completed,insufficient_funds,5.27,GBP
PAY0000001820,T000000004455,international,completed,,5.85,GBP
PAY0000001821,T000000004702,faster_payment,completed,insufficient_funds,79.76,USD
PAY0000001822,T000000000078,faster_payment,completed,,13.61,GBP
PAY0000001823,T000000002200,faster_payment,completed,beneficiary_invalid,15.44,GBP
PAY0000001824,T000000002954,card,failed,,50.7,GBP
PAY0000001825,T000000001716,faster_payment,completed,,46.14,GBP
PAY0000001826,T000000004475,international,completed,,95.5,EUR
PAY0000001827,T000000001266,card,completed,fraud_hold,25.73,EUR
PAY0000001828,T000000004959,card,completed,beneficiary_invalid,40.33,GBP
PAY0000001829,T000000001041,faster_payment,returned,,95.26,GBP
PAY0000001830,T000000002112,faster_payment,completed,,9.27,GBP
PAY0000001831,T000000000574,direct_debit,completed,,48.92,GBP
PAY0000001832,T000000001593,faster_payment,pending,fraud_hold,165.55,GBP
PAY0000001833,T000000003497,direct_debit,completed,,23.85,GBP
PAY0000001834,T000000001656,faster_payment,completed,beneficiary_invalid,7.82,GBP
PAY0000001835,T000000000663,card,completed,,12.71,GBP
PAY0000001836,T000000002573,card,completed,,88.78,GBP
PAY0000001837,T000000004808,card,completed,,69.15,GBP
PAY0000001838,T000000003368,faster_payment,completed,fraud_hold,13.3,GBP
PAY0000001839,T000000001693,card,pending,,22.83,GBP
PAY0000001840,T000000001853,international,completed,fraud_hold,8.96,GBP
PAY0000001841,T000000002319,international,failed,,92.49,USD
PAY0000001842,T000000001101,card,completed,,7.67,GBP
PAY0000001843,T000000003333,faster_payment,completed,,25.03,GBP
PAY0000001844,T000000004085,international,completed,,77.85,EUR
PAY0000001845,T000000001730,faster_payment,returned,technical_error,69.42,EUR
PAY0000001846,T000000002053,card,completed,,10.47,USD
PAY0000001847,T000000001767,direct_debit,completed,,20.77,USD
PAY0000001848,T000000000087,card,completed,insufficient_funds,40.31,GBP
PAY0000001849,T000000001804,faster_payment,completed,beneficiary_invalid,24.17,GBP
PAY0000001850,T000000000830,direct_debit,completed,insufficient_funds,19.48,USD
PAY0000001851,T000000004349,card,completed,beneficiary_invalid,79.09,GBP
PAY0000001852,T000000004661,faster_payment,completed,insufficient_funds,7.58,GBP
PAY0000001853,T000000002982,faster_payment,completed,insufficient_funds,15.02,GBP
PAY0000001854,T000000001841,direct_debit,completed,fraud_hold,5.75,GBP
PAY0000001855,T000000002180,faster_payment,completed,,23.43,GBP
PAY0000001856,T000000001986,card,completed,beneficiary_invalid,22.42,GBP
PAY0000001857,T000000000268,international,completed,,109.66,GBP
PAY0000001858,T000000002234,faster_payment,completed,,25.15,GBP
PAY0000001859,T000000001878,faster_payment,completed,insufficient_funds,7.43,GBP
PAY0000001860,T000000003613,faster_payment,failed,insufficient_funds,92.45,EUR
PAY0000001861,T000000001714,direct_debit,completed,insufficient_funds,159.98,GBP
PAY0000001862,T000000003091,faster_payment,completed,,15.53,GBP
PAY0000001863,T000000000128,faster_payment,completed,,19.58,GBP
PAY0000001864,T000000002281,direct_debit,completed,technical_error,24.17,USD
PAY0000001865,T000000001915,faster_payment,completed,,28.64,GBP
PAY0000001866,T000000004405,direct_debit,completed,,27.14,GBP
PAY0000001867,T000000001993,international,completed,timeout,17.67,USD
PAY0000001868,T000000002215,faster_payment,completed,fraud_hold,16.97,GBP
PAY0000001869,T000000002054,card,completed,beneficiary_invalid,62.46,GBP
PAY0000001870,T000000004244,direct_debit,completed,timeout,55.62,GBP
PAY0000001871,T000000000666,card,completed,technical_error,24.16,USD
PAY0000001872,T000000000343,direct_debit,completed,,21.74,GBP
PAY0000001873,T000000000608,direct_debit,completed,,23.49,GBP
PAY0000001874,T000000001474,card,completed,,27.93,USD
PAY0000001875,T000000002752,faster_payment,completed,beneficiary_invalid,14.99,USD
PAY0000001876,T000000002815,faster_payment,completed,,66.03,GBP
PAY0000001877,T000000000258,faster_payment,completed,,22.28,GBP
PAY0000001878,T000000001952,faster_payment,failed,beneficiary_invalid,51.84,GBP
PAY0000001879,T000000004840,direct_debit,completed,technical_error,53.34,EUR
PAY0000001880,T000000003877,direct_debit,completed,,29.96,EUR
PAY0000001881,T000000001874,faster_payment,completed,fraud_hold,26.3,GBP
PAY0000001882,T000000004922,card,completed,,9.2,GBP
PAY0000001883,T000000000028,direct_debit,pending,insufficient_funds,10.58,EUR
PAY0000001884,T000000001314,faster_payment,completed,,57.93,GBP
PAY0000001885,T000000004240,faster_payment,completed,timeout,8.91,GBP
PAY0000001886,T000000003158,faster_payment,completed,,17.83,EUR
PAY0000001887,T000000003271,card,failed,,20.12,EUR
PAY0000001888,T000000002450,direct_debit,completed,insufficient_funds,148.46,GBP
PAY0000001889,T000000001858,faster_payment,returned,technical_error,12.06,GBP
PAY0000001890,T000000002653,direct_debit,completed,,32.6,GBP
PAY0000001891,T000000003475,international,pending,timeout,14.27,GBP
PAY0000001892,T000000004313,international,completed,technical_error,7.07,EUR
PAY0000001893,T000000001963,international,completed,insufficient_funds,8.61,GBP
PAY0000001894,T000000004782,faster_payment,completed,,44.46,GBP
PAY0000001895,T000000001786,international,completed,beneficiary_invalid,21.7,GBP
PAY0000001896,T000000000098,direct_debit,completed,beneficiary_invalid,70.0,GBP
PAY0000001897,T000000001869,international,completed,insufficient_funds,12.02,GBP
PAY0000001898,T000000003775,international,completed,fraud_hold,25.95,GBP
PAY0000001899,T000000000280,faster_payment,completed,,5.91,GBP
PAY0000001900,T000000003308,card,completed,beneficiary_invalid,31.55,GBP
PAY0000001901,T000000002495,faster_payment,completed,fraud_hold,58.84,GBP
PAY0000001902,T000000002783,faster_payment,completed,,12.09,GBP
PAY0000001903,T000000004012,faster_payment,completed,insufficient_funds,60.45,GBP
PAY0000001904,T000000004925,faster_payment,completed,,19.84,GBP
PAY0000001905,T000000003162,faster_payment,completed,beneficiary_invalid,0.84,USD
PAY0000001906,T000000000529,faster_payment,completed,insufficient_funds,76.53,GBP
PAY0000001907,T000000001590,international,completed,,60.81,GBP
PAY0000001908,T000000003075,faster_payment,failed,technical_error,35.3,GBP
PAY0000001909,T000000002736,faster_payment,completed,,13.41,EUR
PAY0000001910,T000000000030,international,completed,insufficient_funds,16.67,USD
PAY0000001911,T000000000368,card,completed,insufficient_funds,11.74,GBP
PAY0000001912,T000000002512,faster_payment,completed,technical_error,43.78,GBP
PAY0000001913,T000000004291,card,completed,timeout,35.63,GBP
PAY0000001914,T000000004023,faster_payment,completed,,40.83,GBP
PAY0000001915,T000000003856,card,completed,beneficiary_invalid,40.91,EUR
PAY0000001916,T000000002056,direct_debit,completed,,32.19,GBP
PAY0000001917,T000000003656,faster_payment,completed,,6.6,GBP
PAY0000001918,T000000001989,direct_debit,completed,technical_error,28.14,GBP
PAY0000001919,T000000002102,card,completed,,28.46,USD
PAY0000001920,T000000001842,direct_debit,completed,insufficient_funds,4.74,GBP
PAY0000001921,T000000003358,direct_debit,failed,,3.76,GBP
PAY0000001922,T000000004726,faster_payment,completed,fraud_hold,10.11,EUR
PAY0000001923,T000000000708,faster_payment,completed,beneficiary_invalid,11.64,GBP
PAY0000001924,T000000002026,direct_debit,completed,beneficiary_invalid,10.81,GBP
PAY0000001925,T000000000246,direct_debit,completed,,26.55,GBP
PAY0000001926,T000000003111,faster_payment,completed,,26.13,GBP
PAY0000001927,T000000000038,faster_payment,completed,insufficient_funds,25.37,USD
PAY0000001928,T000000001597,faster_payment,failed,,28.69,GBP
PAY0000001929,T000000004304,card,completed,timeout,105.85,EUR
PAY0000001930,T000000002075,card,completed,insufficient_funds,57.4,GBP
PAY0000001931,T000000001816,card,completed,,6.92,EUR
PAY0000001932,T000000002559,faster_payment,completed,,106.06,GBP
PAY0000001933,T000000004132,card,completed,beneficiary_invalid,87.56,USD
PAY0000001934,T000000000365,international,completed,technical_error,16.41,GBP
PAY0000001935,T000000000528,international,returned,insufficient_funds,4.38,GBP
PAY0000001936,T000000004801,faster_payment,returned,,13.78,GBP
PAY0000001937,T000000003485,faster_payment,completed,technical_error,46.04,GBP
PAY0000001938,T000000004837,faster_payment,pending,technical_error,8.27,GBP
PAY0000001939,T000000002063,faster_payment,failed,technical_error,39.32,GBP
PAY0000001940,T000000000313,faster_payment,completed,fraud_hold,34.52,EUR
PAY0000001941,T000000003688,direct_debit,completed,,67.13,GBP
PAY0000001942,T000000002003,faster_payment,completed,insufficient_funds,14.69,GBP
PAY0000001943,T000000004307,direct_debit,completed,,58.04,GBP
PAY0000001944,T000000004555,faster_payment,completed,technical_error,6.76,GBP
PAY0000001945,T000000002100,faster_payment,completed,fraud_hold,34.61,GBP
PAY0000001946,T000000004973,card,completed,,4.27,GBP
PAY0000001947,T000000003163,international,completed,,11.17,EUR
PAY0000001948,T000000001755,faster_payment,completed,,9.67,GBP
PAY0000001949,T000000002137,card,completed,,13.97,GBP
PAY0000001950,T000000002174,direct_debit,completed,,19.21,GBP
PAY0000001951,T000000001389,faster_payment,completed,,41.73,EUR
PAY0000001952,T000000002211,card,completed,beneficiary_invalid,15.03,GBP
PAY0000001953,T000000001498,direct_debit,completed,,146.93,GBP
PAY0000001954,T000000001427,international,completed,,30.25,GBP
PAY0000001955,T000000004624,card,completed,,73.1,GBP
PAY0000001956,T000000002248,card,completed,,6.65,GBP
PAY0000001957,T000000004742,card,completed,insufficient_funds,54.21,GBP
PAY0000001958,T000000004618,card,completed,,8.38,USD
PAY0000001959,T000000000981,faster_payment,completed,,28.3,EUR
PAY0000001960,T000000001202,faster_payment,completed,technical_error,1.78,GBP
PAY0000001961,T000000003847,faster_payment,completed,technical_error,22.03,GBP
PAY0000001962,T000000004401,faster_payment,completed,,32.46,GBP
PAY0000001963,T000000004625,faster_payment,returned,timeout,28.32,GBP
PAY0000001964,T000000003775,international,completed,fraud_hold,29.57,GBP
PAY0000001965,T000000003659,faster_payment,returned,insufficient_funds,6.8,GBP
PAY0000001966,T000000004283,faster_payment,completed,,4.26,GBP
PAY0000001967,T000000002285,card,completed,,24.73,EUR
PAY0000001968,T000000000587,direct_debit,completed,insufficient_funds,19.93,GBP
PAY0000001969,T000000002044,international,completed,beneficiary_invalid,24.57,GBP
PAY0000001970,T000000000533,card,completed,,16.06,GBP
PAY0000001971,T000000002322,faster_payment,completed,insufficient_funds,35.53,EUR
PAY0000001972,T000000002061,faster_payment,failed,,19.4,GBP
PAY0000001973,T000000002359,card,completed,,107.81,GBP
PAY0000001974,T000000002283,international,completed,,15.19,GBP
PAY0000001975,T000000002396,faster_payment,pending,,208.69,USD
PAY0000001976,T000000003546,faster_payment,completed,insufficient_funds,14.17,GBP
PAY0000001977,T000000000539,faster_payment,completed,technical_error,37.62,GBP
PAY0000001978,T000000002387,card,completed,,20.16,USD
PAY0000001979,T000000004245,direct_debit,failed,beneficiary_invalid,3.62,GBP
PAY0000001980,T000000000090,direct_debit,completed,,24.14,GBP
PAY0000001981,T000000002771,faster_payment,completed,,105.05,GBP
PAY0000001982,T000000001956,direct_debit,completed,,19.41,GBP
PAY0000001983,T000000002433,faster_payment,completed,,14.37,GBP
PAY0000001984,T000000002344,international,completed,,33.95,GBP
PAY0000001985,T000000000983,international,completed,timeout,9.11,GBP
PAY0000001986,T000000004698,faster_payment,completed,fraud_hold,17.98,GBP
PAY0000001987,T000000002672,card,completed,,24.4,GBP
PAY0000001988,T000000000184,direct_debit,completed,insufficient_funds,35.27,EUR
PAY0000001989,T000000003653,faster_payment,completed,beneficiary_invalid,61.44,USD
PAY0000001990,T000000002655,faster_payment,completed,fraud_hold,80.03,GBP
PAY0000001991,T000000001408,direct_debit,completed,technical_error,29.73,GBP
PAY0000001992,T000000000953,faster_payment,completed,,26.94,GBP
PAY0000001993,T000000003011,direct_debit,completed,beneficiary_invalid,19.25,GBP
PAY0000001994,T000000000711,card,completed,,43.23,GBP
PAY0000001995,T000000000409,faster_payment,completed,beneficiary_invalid,93.22,GBP
PAY0000001996,T000000002470,faster_payment,completed,,15.9,GBP
PAY0000001997,T000000004257,direct_debit,completed,insufficient_funds,14.73,GBP
PAY0000001998,T000000002507,direct_debit,completed,,16.45,GBP
PAY0000001999,T000000003228,faster_payment,completed,,12.94,GBP
PAY0000002000,T000000002544,direct_debit,completed,technical_error,84.4,GBP
PAY0000002001,T000000001591,card,failed,technical_error,163.61,GBP
PAY0000002002,T000000002581,card,completed,,13.78,GBP
PAY0000002003,T000000002650,direct_debit,completed,,51.66,EUR
PAY0000002004,T000000000748,faster_payment,completed,technical_error,39.67,GBP
PAY0000002005,T000000004731,faster_payment,pending,insufficient_funds,74.5,GBP
PAY0000002006,T000000002417,faster_payment,completed,beneficiary_invalid,29.8,USD
PAY0000002007,T000000002618,direct_debit,completed,insufficient_funds,57.64,GBP
PAY0000002008,T000000002655,faster_payment,completed,insufficient_funds,55.34,GBP
PAY0000002009,T000000000420,faster_payment,completed,beneficiary_invalid,19.38,GBP
PAY0000002010,T000000004325,faster_payment,completed,technical_error,16.02,GBP
PAY0000002011,T000000002692,faster_payment,completed,,24.35,GBP
PAY0000002012,T000000000185,direct_debit,completed,timeout,91.17,USD
PAY0000002013,T000000004248,direct_debit,completed,insufficient_funds,110.96,USD
PAY0000002014,T000000004322,faster_payment,completed,,13.59,GBP
PAY0000002015,T000000002729,faster_payment,completed,,5.43,EUR
PAY0000002016,T000000001761,faster_payment,completed,,83.97,GBP
PAY0000002017,T000000004896,card,failed,,3.85,GBP
PAY0000002018,T000000000936,direct_debit,completed,beneficiary_invalid,124.37,GBP
PAY0000002019,T000000003570,international,completed,,20.29,GBP
PAY0000002020,T000000001928,international,completed,,29.16,USD
PAY0000002021,T000000002982,international,completed,timeout,132.17,GBP
PAY0000002022,T000000001983,faster_payment,completed,,25.51,USD
PAY0000002023,T000000004267,faster_payment,pending,,11.09,GBP
PAY0000002024,T000000004299,card,completed,insufficient_funds,89.08,USD
PAY0000002025,T000000003656,faster_payment,completed,insufficient_funds,8.22,GBP
PAY0000002026,T000000002253,faster_payment,completed,technical_error,3.2,USD
PAY0000002027,T000000002766,faster_payment,completed,,3.21,GBP
PAY0000002028,T000000004539,faster_payment,completed,,28.13,GBP
PAY0000002029,T000000002546,faster_payment,returned,,13.3,USD
PAY0000002030,T000000002803,international,completed,timeout,139.96,GBP
PAY0000002031,T000000002840,faster_payment,completed,technical_error,7.69,GBP
PAY0000002032,T000000001018,card,failed,beneficiary_invalid,115.98,GBP
PAY0000002033,T000000000952,card,completed,,14.38,GBP
PAY0000002034,T000000000746,card,completed,timeout,24.46,GBP
PAY0000002035,T000000003305,card,completed,,29.12,GBP
PAY0000002036,T000000002877,faster_payment,completed,fraud_hold,20.65,GBP
PAY0000002037,T000000002030,faster_payment,completed,,29.54,GBP
PAY0000002038,T000000004984,card,failed,,154.18,EUR
PAY0000002039,T000000004341,direct_debit,completed,,24.54,GBP
PAY0000002040,T000000002914,card,completed,,209.82,GBP
PAY0000002041,T000000000283,direct_debit,completed,,79.13,GBP
PAY0000002042,T000000002365,card,completed,,87.4,GBP
PAY0000002043,T000000004262,faster_payment,completed,,10.7,GBP
PAY0000002044,T000000002803,faster_payment,completed,timeout,90.51,GBP
PAY0000002045,T000000004340,international,completed,timeout,154.33,GBP
PAY0000002046,T000000002782,direct_debit,completed,,78.16,GBP
PAY0000002047,T000000004614,card,completed,beneficiary_invalid,28.78,GBP
PAY0000002048,T000000002514,faster_payment,completed,insufficient_funds,29.46,GBP
PAY0000002049,T000000003571,faster_payment,completed,insufficient_funds,37.47,GBP
PAY0000002050,T000000002482,international,completed,beneficiary_invalid,68.49,EUR
PAY0000002051,T000000002951,direct_debit,pending,insufficient_funds,30.98,GBP
PAY0000002052,T000000003333,card,completed,,20.82,GBP
PAY0000002053,T000000003809,card,completed,,10.79,GBP
PAY0000002054,T000000002988,faster_payment,completed,,9.84,GBP
PAY0000002055,T000000001448,direct_debit,completed,insufficient_funds,28.81,EUR
PAY0000002056,T000000002713,international,completed,,17.78,GBP
PAY0000002057,T000000004321,faster_payment,completed,technical_error,41.17,GBP
PAY0000002058,T000000001015,card,completed,beneficiary_invalid,29.81,GBP
PAY0000002059,T000000001289,card,completed,timeout,32.78,GBP
PAY0000002060,T000000000953,faster_payment,completed,beneficiary_invalid,82.71,GBP
PAY0000002061,T000000002359,faster_payment,completed,,87.18,GBP
PAY0000002062,T000000000649,card,completed,beneficiary_invalid,38.05,GBP
PAY0000002063,T000000001551,faster_payment,completed,technical_error,30.97,EUR
PAY0000002064,T000000004667,faster_payment,completed,,31.68,GBP
PAY0000002065,T000000000610,faster_payment,completed,insufficient_funds,15.17,GBP
PAY0000002066,T000000002228,faster_payment,completed,beneficiary_invalid,11.36,GBP
PAY0000002067,T000000001283,international,completed,technical_error,15.28,GBP
PAY0000002068,T000000001519,faster_payment,completed,insufficient_funds,27.51,GBP
PAY0000002069,T000000003025,card,completed,,10.02,GBP
PAY0000002070,T000000004981,card,completed,timeout,18.35,GBP
PAY0000002071,T000000004621,card,completed,,54.54,GBP
PAY0000002072,T000000000377,faster_payment,completed,,22.45,EUR
PAY0000002073,T000000001165,card,completed,insufficient_funds,17.08,USD
PAY0000002074,T000000003062,direct_debit,completed,,23.85,EUR
PAY0000002075,T000000004748,faster_payment,completed,insufficient_funds,27.01,GBP
PAY0000002076,T000000003881,direct_debit,completed,,28.78,GBP
PAY0000002077,T000000001933,international,completed,insufficient_funds,20.12,GBP
PAY0000002078,T000000001145,direct_debit,completed,,43.4,GBP
PAY0000002079,T000000002921,international,completed,,10.36,USD
PAY0000002080,T000000003099,direct_debit,completed,,16.56,GBP
PAY0000002081,T000000003201,international,returned,beneficiary_invalid,29.16,GBP
PAY0000002082,T000000003136,card,completed,,21.67,GBP
PAY0000002083,T000000000888,card,returned,timeout,33.47,GBP
PAY0000002084,T000000001922,card,completed,insufficient_funds,4.72,GBP
PAY0000002085,T000000004573,card,completed,beneficiary_invalid,7.59,EUR
PAY0000002086,T000000002413,card,completed,,20.73,GBP
PAY0000002087,T000000004665,card,completed,insufficient_funds,59.19,EUR
PAY0000002088,T000000003173,direct_debit,completed,,16.02,GBP
PAY0000002089,T000000003210,card,completed,insufficient_funds,5.63,GBP
PAY0000002090,T000000004730,direct_debit,completed,,25.07,EUR
PAY0000002091,T000000000803,faster_payment,completed,,21.24,GBP
PAY0000002092,T000000001496,faster_payment,completed,technical_error,14.37,EUR
PAY0000002093,T000000000692,direct_debit,completed,,25.51,GBP
PAY0000002094,T000000000945,card,completed,insufficient_funds,4.79,GBP
PAY0000002095,T000000001959,direct_debit,completed,,22.82,GBP
PAY0000002096,T000000000922,faster_payment,completed,,47.31,GBP
PAY0000002097,T000000002637,faster_payment,completed,fraud_hold,9.84,EUR
PAY0000002098,T000000003570,faster_payment,completed,,2.74,GBP
PAY0000002099,T000000002126,faster_payment,completed,,29.94,GBP
PAY0000002100,T000000001346,card,completed,timeout,35.15,GBP
PAY0000002101,T000000001165,card,completed,,23.36,USD
PAY0000002102,T000000001057,faster_payment,completed,,6.81,GBP
PAY0000002103,T000000000340,card,completed,fraud_hold,35.46,GBP
PAY0000002104,T000000002857,international,completed,,8.49,GBP
PAY0000002105,T000000001568,faster_payment,completed,beneficiary_invalid,5.0,GBP
PAY0000002106,T000000001474,faster_payment,completed,insufficient_funds,58.3,USD
PAY0000002107,T000000001941,faster_payment,completed,technical_error,47.69,GBP
PAY0000002108,T000000002955,faster_payment,completed,beneficiary_invalid,9.85,GBP
PAY0000002109,T000000004424,direct_debit,completed,beneficiary_invalid,2.82,GBP
PAY0000002110,T000000003247,faster_payment,completed,insufficient_funds,26.8,GBP
PAY0000002111,T000000002127,faster_payment,completed,,46.61,GBP
PAY0000002112,T000000002517,direct_debit,completed,technical_error,23.56,GBP
PAY0000002113,T000000004675,faster_payment,completed,,107.55,GBP
PAY0000002114,T000000001225,international,completed,,11.4,GBP
PAY0000002115,T000000003823,direct_debit,completed,insufficient_funds,18.49,GBP
PAY0000002116,T000000000288,international,failed,insufficient_funds,34.72,GBP
PAY0000002117,T000000003284,faster_payment,completed,,18.48,GBP
PAY0000002118,T000000003321,faster_payment,completed,beneficiary_invalid,9.87,GBP
PAY0000002119,T000000003358,faster_payment,completed,,3.69,GBP
PAY0000002120,T000000001122,faster_payment,completed,,55.18,GBP
PAY0000002121,T000000001652,card,completed,insufficient_funds,393.07,GBP
PAY0000002122,T000000003395,card,completed,,11.77,GBP
PAY0000002123,T000000003432,direct_debit,completed,fraud_hold,4.28,GBP
PAY0000002124,T000000002765,faster_payment,completed,,31.57,GBP
PAY0000002125,T000000003469,faster_payment,pending,beneficiary_invalid,38.32,GBP
PAY0000002126,T000000002389,direct_debit,completed,,24.61,GBP
PAY0000002127,T000000001161,faster_payment,pending,technical_error,5.23,EUR
PAY0000002128,T000000004684,faster_payment,completed,,21.51,GBP
PAY0000002129,T000000003506,direct_debit,completed,insufficient_funds,31.64,GBP
PAY0000002130,T000000001671,faster_payment,pending,,29.9,GBP
PAY0000002131,T000000003543,card,completed,,29.3,USD
PAY0000002132,T000000002330,direct_debit,completed,,21.97,EUR
PAY0000002133,T000000001869,faster_payment,completed,,41.47,GBP
PAY0000002134,T000000002551,faster_payment,completed,technical_error,27.67,EUR
PAY0000002135,T000000004208,faster_payment,completed,beneficiary_invalid,205.15,GBP
PAY0000002136,T000000003580,faster_payment,returned,,57.31,EUR
PAY0000002137,T000000000267,faster_payment,completed,timeout,9.71,GBP
PAY0000002138,T000000000704,faster_payment,completed,fraud_hold,111.9,USD
PAY0000002139,T000000002851,card,failed,,10.7,GBP
PAY0000002140,T000000003341,direct_debit,completed,,16.71,GBP
PAY0000002141,T000000003943,card,completed,timeout,45.84,EUR
PAY0000002142,T000000000939,card,completed,technical_error,61.34,GBP
PAY0000002143,T000000002577,faster_payment,completed,,76.63,GBP
PAY0000002144,T000000003617,card,completed,technical_error,16.82,GBP
PAY0000002145,T000000000166,direct_debit,completed,insufficient_funds,43.62,GBP
PAY0000002146,T000000003654,faster_payment,completed,insufficient_funds,19.43,GBP
PAY0000002147,T000000001152,direct_debit,completed,,39.69,GBP
PAY0000002148,T000000000140,faster_payment,completed,,47.09,GBP
PAY0000002149,T000000000057,card,completed,technical_error,20.27,GBP
PAY0000002150,T000000003055,faster_payment,completed,,17.92,GBP
PAY0000002151,T000000004212,faster_payment,returned,,32.1,USD
PAY0000002152,T000000003690,faster_payment,failed,insufficient_funds,8.48,GBP
PAY0000002153,T000000001565,card,completed,,13.14,USD
PAY0000002154,T000000003691,direct_debit,completed,,56.5,GBP
PAY0000002155,T000000003721,direct_debit,completed,fraud_hold,25.48,GBP
PAY0000002156,T000000003728,faster_payment,completed,timeout,21.87,GBP
PAY0000002157,T000000004835,faster_payment,completed,insufficient_funds,1.18,GBP
PAY0000002158,T000000002181,faster_payment,pending,timeout,8.43,GBP
PAY0000002159,T000000003873,direct_debit,completed,technical_error,28.06,GBP
PAY0000002160,T000000003765,faster_payment,completed,,69.29,GBP
PAY0000002161,T000000000550,direct_debit,completed,,42.22,GBP
PAY0000002162,T000000001641,faster_payment,completed,beneficiary_invalid,21.0,GBP
PAY0000002163,T000000003802,card,completed,,25.0,GBP
PAY0000002164,T000000000058,card,completed,,163.49,GBP
PAY0000002165,T000000001593,card,completed,fraud_hold,59.4,GBP
PAY0000002166,T000000002104,international,completed,beneficiary_invalid,31.74,GBP
PAY0000002167,T000000003975,faster_payment,completed,,14.06,USD
PAY0000002168,T000000000781,card,completed,insufficient_funds,24.67,GBP
PAY0000002169,T000000001148,faster_payment,completed,,16.69,USD
PAY0000002170,T000000002119,direct_debit,completed,insufficient_funds,59.69,GBP
PAY0000002171,T000000003839,faster_payment,completed,,8.51,GBP
PAY0000002172,T000000004819,card,completed,timeout,3.68,GBP
PAY0000002173,T000000003876,direct_debit,completed,insufficient_funds,14.5,GBP
PAY0000002174,T000000000768,card,returned,timeout,14.34,GBP
PAY0000002175,T000000003913,faster_payment,completed,,10.14,EUR
PAY0000002176,T000000003393,faster_payment,completed,,78.79,GBP
PAY0000002177,T000000002446,card,completed,technical_error,23.24,GBP
PAY0000002178,T000000003950,faster_payment,completed,beneficiary_invalid,102.34,GBP
PAY0000002179,T000000000912,faster_payment,completed,,48.42,GBP
PAY0000002180,T000000004391,direct_debit,completed,,22.93,EUR
PAY0000002181,T000000002050,faster_payment,completed,technical_error,12.42,GBP
PAY0000002182,T000000003987,direct_debit,completed,beneficiary_invalid,26.74,GBP
PAY0000002183,T000000000482,card,completed,beneficiary_invalid,2.22,GBP
PAY0000002184,T000000001278,card,completed,technical_error,50.15,GBP
PAY0000002185,T000000001196,international,completed,,60.66,GBP
PAY0000002186,T000000003658,faster_payment,completed,,21.43,GBP
PAY0000002187,T000000001432,faster_payment,failed,,6.89,GBP
PAY0000002188,T000000004024,card,completed,,18.11,GBP
PAY0000002189,T000000001529,faster_payment,completed,timeout,34.65,EUR
PAY0000002190,T000000003523,faster_payment,completed,insufficient_funds,25.39,GBP
PAY0000002191,T000000003031,faster_payment,failed,fraud_hold,65.62,GBP
PAY0000002192,T000000003043,faster_payment,completed,,22.52,GBP
PAY0000002193,T000000002425,card,completed,,23.35,USD
PAY0000002194,T000000001651,card,completed,,143.53,GBP
PAY0000002195,T000000001670,direct_debit,completed,insufficient_funds,35.39,GBP
PAY0000002196,T000000004061,faster_payment,completed,,55.69,GBP
PAY0000002197,T000000002379,card,completed,technical_error,14.52,GBP
PAY0000002198,T000000004098,card,completed,,21.0,GBP
PAY0000002199,T000000000807,direct_debit,completed,technical_error,9.18,GBP
PAY0000002200,T000000004135,direct_debit,completed,,18.24,EUR
PAY0000002201,T000000004172,direct_debit,completed,beneficiary_invalid,32.63,GBP
PAY0000002202,T000000000785,faster_payment,completed,insufficient_funds,54.82,GBP
PAY0000002203,T000000001318,faster_payment,completed,technical_error,42.17,GBP
PAY0000002204,T000000003008,faster_payment,completed,beneficiary_invalid,72.74,GBP
PAY0000002205,T000000002807,faster_payment,completed,beneficiary_invalid,167.46,GBP
PAY0000002206,T000000000418,faster_payment,completed,timeout,63.96,GBP
PAY0000002207,T000000003031,international,completed,,46.1,GBP
PAY0000002208,T000000003046,faster_payment,completed,,35.06,EUR
PAY0000002209,T000000001208,faster_payment,failed,,48.68,GBP
PAY0000002210,T000000003620,card,completed,insufficient_funds,7.4,GBP
PAY0000002211,T000000004639,card,completed,,23.06,GBP
PAY0000002212,T000000003927,international,completed,,25.6,GBP
PAY0000002213,T000000001242,card,completed,,161.25,GBP
PAY0000002214,T000000002841,faster_payment,completed,insufficient_funds,13.17,GBP
PAY0000002215,T000000000993,faster_payment,completed,insufficient_funds,25.16,GBP
PAY0000002216,T000000004209,card,completed,insufficient_funds,18.26,GBP
PAY0000002217,T000000002325,direct_debit,failed,,48.3,GBP
PAY0000002218,T000000002350,international,completed,,20.62,USD
PAY0000002219,T000000003966,international,completed,,22.36,GBP
PAY0000002220,T000000001761,card,completed,beneficiary_invalid,7.6,GBP
PAY0000002221,T000000003607,direct_debit,completed,timeout,27.17,GBP
PAY0000002222,T000000001717,faster_payment,completed,technical_error,5.4,GBP
PAY0000002223,T000000004936,direct_debit,completed,timeout,22.77,EUR
PAY0000002224,T000000003980,faster_payment,completed,beneficiary_invalid,107.11,GBP
PAY0000002225,T000000003291,international,completed,fraud_hold,75.07,GBP
PAY0000002226,T000000000374,card,completed,,36.48,GBP
PAY0000002227,T000000004246,card,completed,fraud_hold,7.68,GBP
PAY0000002228,T000000002885,faster_payment,completed,technical_error,12.97,GBP
PAY0000002229,T000000000869,faster_payment,completed,insufficient_funds,39.99,USD
PAY0000002230,T000000000956,direct_debit,failed,insufficient_funds,9.17,GBP
PAY0000002231,T000000004283,card,failed,,9.6,GBP
PAY0000002232,T000000001037,direct_debit,completed,,26.1,GBP
PAY0000002233,T000000004194,faster_payment,completed,insufficient_funds,69.18,GBP
PAY0000002234,T000000000457,international,completed,insufficient_funds,19.68,GBP
PAY0000002235,T000000002509,card,completed,beneficiary_invalid,29.11,GBP
PAY0000002236,T000000004320,faster_payment,completed,technical_error,73.63,GBP
PAY0000002237,T000000004357,card,completed,insufficient_funds,32.4,USD
PAY0000002238,T000000003779,card,completed,,57.94,EUR
PAY0000002239,T000000003136,card,completed,,109.82,GBP
PAY0000002240,T000000003048,faster_payment,completed,,2.39,GBP
PAY0000002241,T000000003164,faster_payment,completed,,70.5,GBP
PAY0000002242,T000000000227,faster_payment,completed,beneficiary_invalid,10.13,EUR
PAY0000002243,T000000002487,card,completed,beneficiary_invalid,17.59,USD
PAY0000002244,T000000002442,faster_payment,completed,technical_error,92.62,GBP
PAY0000002245,T000000005000,faster_payment,completed,fraud_hold,5.93,GBP
PAY0000002246,T000000004394,faster_payment,completed,,29.69,USD
PAY0000002247,T000000004204,card,completed,,39.64,GBP
PAY0000002248,T000000002146,card,completed,technical_error,33.96,GBP
PAY0000002249,T000000004431,direct_debit,completed,,29.01,GBP
PAY0000002250,T000000004468,direct_debit,failed,,36.13,GBP
PAY0000002251,T000000004768,direct_debit,completed,beneficiary_invalid,21.82,GBP
PAY0000002252,T000000002424,faster_payment,completed,technical_error,14.66,GBP
PAY0000002253,T000000000233,card,completed,insufficient_funds,19.8,GBP
PAY0000002254,T000000002350,international,completed,,16.6,USD
PAY0000002255,T000000004155,card,completed,,24.71,GBP
PAY0000002256,T000000004505,direct_debit,completed,technical_error,107.7,GBP
PAY0000002257,T000000001231,faster_payment,completed,,49.79,EUR
PAY0000002258,T000000000102,faster_payment,completed,,79.77,GBP
PAY0000002259,T000000002272,card,returned,,18.49,GBP
PAY0000002260,T000000003806,card,completed,technical_error,10.72,GBP
PAY0000002261,T000000001655,faster_payment,completed,,21.63,GBP
PAY0000002262,T000000000314,faster_payment,completed,technical_error,43.85,USD
PAY0000002263,T000000002141,faster_payment,completed,insufficient_funds,23.79,GBP
PAY0000002264,T000000004542,faster_payment,completed,,32.42,GBP
PAY0000002265,T000000002540,faster_payment,completed,timeout,40.83,USD
PAY0000002266,T000000004222,international,completed,,39.76,GBP
PAY0000002267,T000000004579,faster_payment,completed,insufficient_funds,56.79,EUR
PAY0000002268,T000000003051,card,completed,,57.34,GBP
PAY0000002269,T000000002271,faster_payment,completed,technical_error,109.21,GBP
PAY0000002270,T000000004616,faster_payment,completed,,51.83,EUR
PAY0000002271,T000000001374,direct_debit,completed,,24.55,GBP
PAY0000002272,T000000001056,card,completed,fraud_hold,94.1,USD
PAY0000002273,T000000004414,card,failed,insufficient_funds,4.09,GBP
PAY0000002274,T000000004653,direct_debit,completed,,12.48,USD
PAY0000002275,T000000000600,card,completed,insufficient_funds,21.69,EUR
PAY0000002276,T000000000291,direct_debit,completed,,39.93,GBP
PAY0000002277,T000000004690,card,failed,,67.04,GBP
PAY0000002278,T000000004727,direct_debit,completed,,56.64,GBP
PAY0000002279,T000000000114,faster_payment,completed,timeout,23.38,EUR
PAY0000002280,T000000001394,faster_payment,completed,insufficient_funds,17.87,GBP
PAY0000002281,T000000004764,direct_debit,completed,insufficient_funds,38.23,GBP
PAY0000002282,T000000004360,faster_payment,completed,,64.22,GBP
PAY0000002283,T000000004775,card,completed,,3.65,EUR
PAY0000002284,T000000001133,international,failed,,161.17,USD
PAY0000002285,T000000002947,faster_payment,completed,technical_error,13.76,GBP
PAY0000002286,T000000001143,faster_payment,failed,,79.68,GBP
PAY0000002287,T000000000095,direct_debit,completed,,19.27,USD
PAY0000002288,T000000004636,faster_payment,completed,,37.62,GBP
PAY0000002289,T000000002837,direct_debit,completed,beneficiary_invalid,42.88,GBP
PAY0000002290,T000000004801,faster_payment,completed,fraud_hold,21.26,GBP
PAY0000002291,T000000001455,direct_debit,pending,,163.07,GBP
PAY0000002292,T000000004751,card,completed,insufficient_funds,40.43,GBP
PAY0000002293,T000000002070,faster_payment,completed,timeout,12.89,GBP
PAY0000002294,T000000004838,card,completed,,16.35,GBP
PAY0000002295,T000000000751,card,completed,timeout,45.56,EUR
PAY0000002296,T000000004875,faster_payment,completed,fraud_hold,20.62,GBP
PAY0000002297,T000000004912,direct_debit,completed,timeout,52.74,GBP
PAY0000002298,T000000003037,faster_payment,completed,,17.41,GBP
PAY0000002299,T000000000148,card,completed,beneficiary_invalid,37.93,GBP
PAY0000002300,T000000001676,direct_debit,completed,,7.29,USD
PAY0000002301,T000000003578,faster_payment,completed,beneficiary_invalid,22.33,GBP
PAY0000002302,T000000004282,faster_payment,pending,,101.63,GBP
PAY0000002303,T000000004764,card,completed,insufficient_funds,69.51,GBP
PAY0000002304,T000000002368,card,completed,technical_error,152.19,GBP
PAY0000002305,T000000003189,direct_debit,completed,,178.44,GBP
PAY0000002306,T000000001864,faster_payment,returned,,15.37,GBP
PAY0000002307,T000000004949,card,completed,insufficient_funds,82.01,GBP
PAY0000002308,T000000002836,card,completed,,21.44,GBP
PAY0000002309,T000000002949,card,completed,technical_error,263.52,GBP
PAY0000002310,T000000001165,card,completed,,22.43,USD
PAY0000002311,T000000003752,faster_payment,completed,insufficient_funds,63.31,USD
PAY0000002312,T000000004681,faster_payment,completed,,16.46,GBP
PAY0000002313,T000000001466,faster_payment,completed,insufficient_funds,48.23,GBP
PAY0000002314,T000000001992,direct_debit,completed,insufficient_funds,51.65,GBP
PAY0000002315,T000000004808,faster_payment,completed,,28.25,GBP
PAY0000002316,T000000004986,card,completed,,101.06,GBP
PAY0000002317,T000000002827,faster_payment,completed,technical_error,35.77,GBP
PAY0000002318,T000000000023,faster_payment,completed,beneficiary_invalid,46.51,GBP
PAY0000002319,T000000001980,international,completed,insufficient_funds,30.75,GBP
PAY0000002320,T000000000555,international,completed,beneficiary_invalid,44.31,GBP
PAY0000002321,T000000003193,card,completed,insufficient_funds,41.05,GBP
PAY0000002322,T000000004643,card,completed,beneficiary_invalid,86.12,USD
PAY0000002323,T000000002051,faster_payment,completed,,196.87,USD
PAY0000002324,T000000000581,faster_payment,completed,technical_error,125.63,GBP
PAY0000002325,T000000002694,faster_payment,completed,insufficient_funds,11.47,GBP
PAY0000002326,T000000003868,card,completed,,95.45,GBP
PAY0000002327,T000000000060,direct_debit,completed,timeout,13.3,GBP
PAY0000002328,T000000004085,direct_debit,completed,insufficient_funds,38.44,EUR
PAY0000002329,T000000003487,international,completed,beneficiary_invalid,21.0,USD
PAY0000002330,T000000004007,faster_payment,completed,fraud_hold,4.45,GBP
PAY0000002331,T000000004062,faster_payment,completed,beneficiary_invalid,4.11,GBP
PAY0000002332,T000000003078,international,completed,timeout,41.76,GBP
PAY0000002333,T000000003326,faster_payment,completed,beneficiary_invalid,961.34,GBP
PAY0000002334,T000000002287,faster_payment,completed,,8.56,GBP
PAY0000002335,T000000000097,faster_payment,completed,beneficiary_invalid,3.79,GBP
PAY0000002336,T000000003820,direct_debit,completed,,66.38,GBP
PAY0000002337,T000000004245,card,failed,insufficient_funds,18.5,GBP
PAY0000002338,T000000000134,faster_payment,completed,,110.27,GBP
PAY0000002339,T000000000171,card,completed,technical_error,49.73,GBP
PAY0000002340,T000000000208,direct_debit,completed,beneficiary_invalid,5.92,GBP
PAY0000002341,T000000004389,direct_debit,pending,technical_error,60.14,EUR
PAY0000002342,T000000000052,faster_payment,completed,beneficiary_invalid,8.39,GBP
PAY0000002343,T000000000245,faster_payment,completed,,13.69,USD
PAY0000002344,T000000000341,faster_payment,completed,insufficient_funds,12.86,GBP
PAY0000002345,T000000002469,international,completed,,127.67,GBP
PAY0000002346,T000000002762,card,completed,beneficiary_invalid,33.86,GBP
PAY0000002347,T000000004960,faster_payment,completed,insufficient_funds,85.7,GBP
PAY0000002348,T000000000757,faster_payment,completed,insufficient_funds,16.61,GBP
PAY0000002349,T000000001011,card,completed,,35.18,GBP
PAY0000002350,T000000000282,direct_debit,completed,insufficient_funds,129.8,GBP
PAY0000002351,T000000002060,direct_debit,returned,insufficient_funds,68.4,GBP
PAY0000002352,T000000003302,faster_payment,pending,,9.65,GBP
PAY0000002353,T000000000319,direct_debit,completed,,27.41,EUR
PAY0000002354,T000000001172,faster_payment,completed,timeout,12.88,USD
PAY0000002355,T000000002065,card,completed,insufficient_funds,19.98,EUR
PAY0000002356,T000000001720,faster_payment,completed,,21.47,GBP
PAY0000002357,T000000000356,card,completed,beneficiary_invalid,8.53,GBP
PAY0000002358,T000000002982,card,completed,,14.32,GBP
PAY0000002359,T000000004102,faster_payment,completed,,189.44,EUR
PAY0000002360,T000000004592,international,returned,beneficiary_invalid,7.75,GBP
PAY0000002361,T000000000393,faster_payment,completed,insufficient_funds,14.95,GBP
PAY0000002362,T000000000430,faster_payment,pending,insufficient_funds,53.97,GBP
PAY0000002363,T000000000835,faster_payment,completed,,105.76,GBP
PAY0000002364,T000000001116,faster_payment,completed,,114.16,GBP
PAY0000002365,T000000004096,faster_payment,completed,technical_error,35.78,GBP
PAY0000002366,T000000000467,faster_payment,completed,,6.07,GBP
PAY0000002367,T000000001327,card,completed,,5.07,GBP
PAY0000002368,T000000000504,direct_debit,completed,beneficiary_invalid,9.55,EUR
PAY0000002369,T000000000909,card,completed,timeout,1.48,GBP
PAY0000002370,T000000000222,faster_payment,completed,,48.6,GBP
PAY0000002371,T000000000541,faster_payment,completed,technical_error,69.85,GBP
PAY0000002372,T000000003159,card,completed,,43.38,GBP
PAY0000002373,T000000004476,direct_debit,completed,beneficiary_invalid,18.77,GBP
PAY0000002374,T000000002132,faster_payment,completed,,257.41,GBP
PAY0000002375,T000000002007,card,completed,,30.23,GBP
PAY0000002376,T000000000684,faster_payment,completed,,23.58,GBP
PAY0000002377,T000000004645,card,completed,insufficient_funds,60.95,GBP
PAY0000002378,T000000003722,faster_payment,completed,,13.08,GBP
PAY0000002379,T000000003570,direct_debit,completed,insufficient_funds,22.0,GBP
PAY0000002380,T000000002684,direct_debit,completed,beneficiary_invalid,21.51,GBP
PAY0000002381,T000000002244,card,completed,technical_error,5.61,GBP
PAY0000002382,T000000003290,direct_debit,completed,,18.89,GBP
PAY0000002383,T000000000578,international,completed,,16.42,USD
PAY0000002384,T000000000615,direct_debit,completed,,6.53,GBP
PAY0000002385,T000000003725,card,completed,,17.41,GBP
PAY0000002386,T000000000652,international,completed,timeout,52.45,EUR
PAY0000002387,T000000003216,international,completed,,9.0,EUR
PAY0000002388,T000000002198,card,completed,insufficient_funds,74.01,GBP
PAY0000002389,T000000004616,international,failed,fraud_hold,10.4,EUR
PAY0000002390,T000000003013,faster_payment,completed,timeout,20.48,GBP
PAY0000002391,T000000003374,faster_payment,completed,technical_error,44.72,GBP
PAY0000002392,T000000002288,card,completed,,135.98,EUR
PAY0000002393,T000000000301,faster_payment,completed,insufficient_funds,43.1,GBP
PAY0000002394,T000000004865,international,completed,,140.31,GBP
PAY0000002395,T000000001495,faster_payment,completed,insufficient_funds,24.96,GBP
PAY0000002396,T000000000689,faster_payment,pending,beneficiary_invalid,46.67,GBP
PAY0000002397,T000000001977,faster_payment,completed,fraud_hold,117.4,GBP
PAY0000002398,T000000004412,faster_payment,completed,,8.3,GBP
PAY0000002399,T000000003139,direct_debit,completed,insufficient_funds,71.13,GBP
PAY0000002400,T000000003326,faster_payment,completed,,6.85,GBP
