transaction_id,customer_id,account_id,transaction_ts,transaction_type,channel,amount,currency,status,merchant_category,source_system
T000000000001,C00000090,A000000287,2025-08-05 01:48:05,cash_withdrawal,mobile,4.41,GBP,completed,retail,core_banking
T000000000002,C00000774,A000000050,2025-05-20 12:02:13,cash_withdrawal,mobile,19.8,GBP,completed,utilities,mobile
T000000000003,C00000655,A000000910,2025-11-29 13:40:40,purchase,mobile,4.78,GBP,completed,retail,mobile
T000000000004,C00000439,A000000991,2026-02-28 17:34:38,purchase,atm,255.6,GBP,completed,grocery,payments
T000000000005,C00000434,A000001121,2025-06-17 13:43:56,purchase,web,37.45,GBP,completed,restaurant,core_banking
T000000000006,C00000859,A000001379,2026-05-06 04:31:02,purchase,mobile,34.2,EUR,completed,utilities,core_banking
T000000000007,C00000086,A000000722,2026-02-13 08:48:13,purchase,mobile,38.23,GBP,completed,travel,core_banking
T000000000008,C00000698,A000001203,2025-04-17 10:39:03,refund,api,56.53,GBP,completed,restaurant,core_banking
T000000000009,C00000202,A000001039,2026-08-23 23:36:52,purchase,web,83.69,GBP,completed,grocery,core_banking
T000000000010,C00000095,A000000402,2025-01-29 12:46:50,purchase,web,5.8,GBP,completed,travel,core_banking
T000000000011,C00000527,A000001226,2026-02-22 15:14:22,cash_withdrawal,mobile,118.59,GBP,completed,travel,cards
T000000000012,C00000976,A000000078,2025-10-08 17:39:12,transfer,mobile,110.84,GBP,completed,utilities,core_banking
T000000000013,C00000736,A000000869,2026-02-22 08:41:37,purchase,atm,27.95,EUR,completed,other,core_banking
T000000000014,C00000762,A000001364,2026-05-10 23:08:48,purchase,atm,26.45,USD,failed,other,payments
T000000000015,C00000718,A000000956,2026-03-16 16:11:52,direct_debit,web,1.15,GBP,completed,grocery,core_banking
T000000000016,C00000787,A000001359,2026-02-20 20:21:31,purchase,api,8.12,GBP,reversed,grocery,core_banking
T000000000017,C00000514,A000000082,2026-06-22 17:58:52,transfer,web,51.67,GBP,completed,restaurant,core_banking
T000000000018,C00000129,A000000773,2026-03-25 14:54:59,direct_debit,atm,105.7,GBP,pending,utilities,core_banking
T000000000019,C00000840,A000001132,2026-06-04 00:44:27,purchase,mobile,64.41,GBP,completed,retail,core_banking
T000000000020,C00000451,A000000932,2025-09-15 14:00:26,cash_withdrawal,mobile,27.67,GBP,completed,other,core_banking
T000000000021,C00000501,A000001277,2025-05-10 03:06:29,purchase,atm,226.37,GBP,completed,travel,cards
T000000000022,C00000371,A000000671,2025-05-31 14:28:35,purchase,api,86.09,GBP,completed,grocery,core_banking
T000000000023,C00000183,A000000990,2026-01-27 16:50:00,purchase,atm,19.82,GBP,completed,retail,core_banking
T000000000024,C00000927,A000000609,2025-12-06 13:05:03,refund,branch,296.25,GBP,completed,travel,payments
T000000000025,C00000782,A000001265,2025-02-19 07:24:09,purchase,atm,9.48,GBP,completed,travel,cards
T000000000026,C00000644,A000000174,2025-05-11 01:25:28,purchase,branch,6.39,GBP,pending,utilities,core_banking
T000000000027,C00000403,A000000369,2026-09-11 16:06:18,direct_debit,mobile,19.26,GBP,pending,travel,mobile
T000000000028,C00000823,A000000141,2026-04-10 16:45:32,purchase,web,13.51,EUR,failed,utilities,payments
T000000000029,C00000546,A000001019,2026-04-28 11:28:13,direct_debit,branch,20.43,EUR,reversed,utilities,cards
T000000000030,C00000444,A000000338,2025-05-06 17:11:31,transfer,web,69.27,USD,completed,restaurant,core_banking
T000000000031,C00000451,A000000460,2025-02-11 18:41:55,transfer,api,28.91,EUR,failed,other,core_banking
T000000000032,C00000228,A000001214,2025-07-06 12:17:58,cash_withdrawal,web,29.7,GBP,completed,utilities,core_banking
T000000000033,C00000093,A000000523,2026-07-02 01:08:39,cash_withdrawal,mobile,31.87,GBP,completed,travel,cards
T000000000034,C00000555,A000000212,2025-11-20 20:53:21,purchase,mobile,2.64,GBP,completed,utilities,mobile
T000000000035,C00000888,A000000031,2026-05-17 11:12:06,refund,atm,6.1,GBP,completed,retail,mobile
T000000000036,C00000064,A000000329,2025-11-08 16:08:18,refund,mobile,19.99,GBP,completed,retail,core_banking
T000000000037,C00000859,A000001327,2025-11-10 21:51:43,direct_debit,atm,12.37,GBP,completed,retail,mobile
T000000000038,C00000828,A000000796,2026-01-19 08:42:14,transfer,mobile,23.49,USD,completed,grocery,payments
T000000000039,C00000277,A000001443,2026-09-05 14:55:40,transfer,web,130.89,GBP,completed,travel,payments
T000000000040,C00000632,A000000312,2025-10-07 00:28:21,transfer,atm,27.71,GBP,completed,utilities,mobile
T000000000041,C00000166,A000000510,2026-01-16 21:14:28,purchase,web,7.48,EUR,completed,grocery,core_banking
T000000000042,C00000759,A000000237,2026-08-11 01:25:11,transfer,atm,13.03,GBP,completed,grocery,core_banking
T000000000043,C00000701,A000000578,2025-08-26 12:59:13,transfer,mobile,180.57,GBP,completed,utilities,payments
T000000000044,C00000355,A000000817,2026-06-21 08:26:35,transfer,web,149.77,GBP,completed,other,core_banking
T000000000045,C00000068,A000001172,2025-12-08 00:51:32,purchase,web,56.02,EUR,completed,travel,payments
T000000000046,C00000971,A000000534,2026-07-16 11:05:25,transfer,api,5.81,EUR,completed,grocery,payments
T000000000047,C00000446,A000001119,2025-10-26 22:27:15,transfer,mobile,41.35,GBP,completed,retail,payments
T000000000048,C00000894,A000000908,2026-02-07 04:00:17,purchase,mobile,44.83,GBP,pending,grocery,core_banking
T000000000049,C00000678,A000000424,2025-07-26 07:00:52,refund,branch,30.78,EUR,completed,other,payments
T000000000050,C00000779,A000001323,2026-02-10 04:32:37,cash_withdrawal,api,16.47,GBP,pending,restaurant,core_banking
T000000000051,C00000760,A000000630,2025-07-28 02:59:57,purchase,atm,20.48,GBP,completed,grocery,payments
T000000000052,C00000195,A000000219,2026-01-25 05:31:30,purchase,atm,15.31,GBP,failed,grocery,cards
T000000000053,C00000364,A000001396,2026-05-20 13:43:26,cash_withdrawal,web,9.0,GBP,completed,utilities,cards
T000000000054,C00000467,A000001325,2025-10-05 18:43:56,purchase,web,125.75,GBP,completed,retail,payments
T000000000055,C00000498,A000000072,2025-10-02 16:34:02,direct_debit,atm,75.67,USD,completed,restaurant,cards
T000000000056,C00000044,A000001309,2025-07-25 18:30:39,purchase,atm,22.22,GBP,completed,other,cards
T000000000057,C00000547,A000001374,2026-04-12 17:10:27,purchase,atm,43.37,GBP,completed,retail,cards
T000000000058,C00000155,A000001203,2026-01-14 09:11:25,purchase,atm,45.11,GBP,completed,restaurant,cards
T000000000059,C00000744,A000000370,2025-11-27 21:36:21,cash_withdrawal,atm,350.73,GBP,completed,travel,payments
T000000000060,C00000684,A000000916,2025-01-17 04:08:12,refund,mobile,74.9,GBP,completed,travel,payments
T000000000061,C00000923,A000000781,2025-03-12 16:47:40,direct_debit,mobile,71.99,GBP,completed,other,core_banking
T000000000062,C00000745,A000000900,2025-01-05 02:39:42,transfer,api,31.18,GBP,completed,travel,core_banking
T000000000063,C00000367,A000000894,2026-06-28 18:22:26,direct_debit,web,18.99,GBP,completed,grocery,core_banking
T000000000064,C00000968,A000000927,2026-06-29 02:05:27,purchase,mobile,127.98,GBP,completed,utilities,core_banking
T000000000065,C00000411,A000000746,2025-02-13 05:11:18,transfer,web,59.44,GBP,completed,utilities,payments
T000000000066,C00000326,A000001002,2025-01-30 09:23:26,direct_debit,branch,12.54,EUR,completed,retail,cards
T000000000067,C00000906,A000000764,2026-05-15 16:40:02,purchase,atm,48.26,USD,completed,grocery,core_banking
T000000000068,C00000371,A000000024,2025-12-02 01:05:34,refund,atm,72.19,GBP,failed,grocery,cards
T000000000069,C00000077,A000000052,2025-07-17 06:10:35,purchase,mobile,3.32,EUR,completed,restaurant,core_banking
T000000000070,C00000470,A000001390,2026-01-28 08:00:26,purchase,web,11.38,GBP,completed,grocery,payments
T000000000071,C00000796,A000001319,2025-06-01 17:32:40,transfer,mobile,43.86,EUR,completed,travel,core_banking
T000000000072,C00000190,A000000850,2025-05-07 23:04:36,direct_debit,api,3.97,GBP,completed,restaurant,core_banking
T000000000073,C00000463,A000000254,2025-08-23 14:44:24,purchase,mobile,4.69,GBP,completed,retail,core_banking
T000000000074,C00000130,A000001134,2026-07-27 12:10:48,direct_debit,branch,22.56,GBP,completed,retail,core_banking
T000000000075,C00000687,A000000208,2026-05-06 08:04:14,purchase,web,50.21,GBP,completed,other,payments
T000000000076,C00000476,A000000548,2025-05-02 19:44:36,cash_withdrawal,branch,52.7,GBP,completed,restaurant,cards
T000000000077,C00000331,A000000479,2025-12-25 02:34:25,transfer,web,157.83,GBP,completed,restaurant,core_banking
T000000000078,C00000227,A000000018,2026-07-20 03:06:08,purchase,branch,32.67,GBP,failed,travel,cards
T000000000079,C00000565,A000001171,2026-09-01 04:49:42,cash_withdrawal,branch,20.26,GBP,completed,travel,cards
T000000000080,C00000670,A000000740,2026-05-03 06:26:02,cash_withdrawal,mobile,7.59,USD,completed,utilities,payments
T000000000081,C00000941,A000000459,2025-03-24 11:04:41,transfer,web,20.01,GBP,completed,other,core_banking
T000000000082,C00000438,A000000736,2025-06-03 22:43:01,purchase,web,62.99,GBP,completed,utilities,payments
T000000000083,C00000161,A000000001,2025-05-20 15:36:34,purchase,mobile,66.05,GBP,completed,restaurant,cards
T000000000084,C00000833,A000000634,2025-04-07 09:12:18,refund,atm,39.56,GBP,completed,travel,cards
T000000000085,C00000630,A000000754,2025-04-23 05:04:35,transfer,mobile,53.22,GBP,completed,retail,core_banking
T000000000086,C00000701,A000000493,2025-07-22 15:33:42,direct_debit,atm,114.46,GBP,completed,utilities,core_banking
T000000000087,C00000098,A000001205,2025-12-21 06:04:30,cash_withdrawal,mobile,32.43,GBP,completed,utilities,core_banking
T000000000088,C00000313,A000000363,2025-09-12 23:25:37,direct_debit,atm,125.92,GBP,completed,grocery,payments
T000000000089,C00000768,A000000200,2025-09-26 11:27:55,purchase,mobile,13.97,GBP,completed,retail,cards
T000000000090,C00000833,A000000765,2025-06-07 13:13:08,transfer,web,27.74,GBP,pending,other,cards
T000000000091,C00000436,A000001287,2025-04-07 21:41:02,transfer,mobile,18.09,EUR,completed,utilities,cards
T000000000092,C00000805,A000000545,2026-10-01 07:19:41,purchase,branch,68.88,EUR,completed,restaurant,core_banking
T000000000093,C00000842,A000000068,2026-01-18 11:19:23,purchase,mobile,10.33,GBP,completed,restaurant,core_banking
T000000000094,C00000388,A000001407,2025-05-27 12:46:00,transfer,atm,21.37,GBP,completed,travel,cards
T000000000095,C00000899,A000000645,2026-06-02 06:30:20,direct_debit,web,4.25,USD,completed,travel,core_banking
T000000000096,C00000289,A000000251,2026-06-15 01:18:40,transfer,api,55.93,GBP,pending,utilities,mobile
T000000000097,C00000240,A000000893,2026-09-10 06:48:35,purchase,branch,110.96,GBP,completed,retail,core_banking
T000000000098,C00000683,A000000464,2025-04-12 02:41:48,refund,web,77.96,GBP,completed,other,payments
T000000000099,C00000637,A000001360,2026-02-13 16:12:58,purchase,atm,70.33,GBP,failed,travel,core_banking
T000000000100,C00000140,A000000427,2026-09-19 00:10:19,purchase,mobile,72.34,EUR,completed,retail,payments
T000000000101,,A000000798,2026-05-31 07:35:45,refund,branch,62.47,EUR,completed,grocery,payments
T000000000102,C00000200,A000000788,2025-05-25 21:13:15,cash_withdrawal,web,57.12,GBP,failed,retail,core_banking
T000000000103,C00000805,A000000352,2026-07-25 13:38:48,direct_debit,atm,61.12,GBP,completed,utilities,cards
T000000000104,C00000008,A000000724,2025-09-27 16:06:38,direct_debit,mobile,15.05,EUR,completed,restaurant,mobile
T000000000105,C00000797,A000000159,2025-11-09 16:02:39,transfer,web,24.28,GBP,completed,other,cards
T000000000106,C00000787,A000000934,2025-12-23 07:09:35,purchase,branch,32.26,GBP,completed,grocery,core_banking
T000000000107,C00000781,A000001100,2026-05-08 15:10:32,purchase,web,21.06,GBP,completed,other,payments
T000000000108,C00000665,A000001378,2025-03-18 05:18:28,refund,mobile,5.79,EUR,completed,restaurant,core_banking
T000000000109,C00000472,A000000473,2025-12-11 15:15:07,direct_debit,web,8.19,GBP,pending,travel,core_banking
T000000000110,C00000706,A000000414,2026-06-06 16:23:37,purchase,atm,38.15,GBP,completed,travel,payments
T000000000111,C00000278,A000000796,2025-12-17 21:01:38,purchase,mobile,77.56,GBP,completed,restaurant,mobile
T000000000112,C00000781,A000001005,2025-06-25 22:04:07,purchase,web,30.26,GBP,completed,restaurant,core_banking
T000000000113,C00000556,A000001440,2025-02-05 00:34:32,purchase,api,546.24,GBP,completed,travel,core_banking
T000000000114,C00000459,A000000037,2025-12-17 07:10:45,direct_debit,api,11.41,EUR,completed,retail,core_banking
T000000000115,C00000506,A000000346,2026-03-26 13:07:50,purchase,mobile,47.81,USD,completed,other,payments
T000000000116,C00000569,A000000381,2025-12-18 07:43:02,purchase,web,116.25,GBP,completed,grocery,payments
T000000000117,C00000038,A000000371,2026-09-18 14:50:45,refund,mobile,91.74,GBP,completed,utilities,mobile
T000000000118,C00000140,A000000673,2026-01-21 20:30:06,transfer,api,59.61,USD,completed,other,core_banking
T000000000119,C00000246,A000001266,2025-11-21 06:11:34,transfer,web,92.18,GBP,completed,grocery,core_banking
T000000000120,C00000115,A000000045,2025-02-05 21:26:27,purchase,web,31.76,GBP,completed,utilities,cards
T000000000121,C00000440,A000001183,2025-12-23 21:10:06,purchase,mobile,171.75,GBP,completed,utilities,core_banking
T000000000122,C00000669,A000000896,2025-04-18 21:56:12,purchase,web,115.27,GBP,completed,travel,core_banking
T000000000123,C00000655,A000000893,2026-04-09 01:45:53,purchase,mobile,12.25,GBP,completed,utilities,core_banking
T000000000124,C00000472,A000000984,2025-04-14 07:02:08,purchase,atm,42.0,GBP,completed,restaurant,payments
T000000000125,C00000856,A000000168,2026-08-03 02:58:42,purchase,web,5.9,GBP,completed,travel,payments
T000000000126,C00000566,A000001083,2025-07-13 02:53:15,purchase,web,148.1,GBP,completed,retail,payments
T000000000127,C00000080,A000000360,2025-10-05 01:16:31,purchase,atm,37.92,GBP,completed,utilities,core_banking
T000000000128,C00000765,A000000750,2025-04-03 10:33:35,refund,mobile,123.5,GBP,completed,grocery,payments
T000000000129,C00000575,A000000982,2025-05-15 02:05:36,purchase,mobile,26.71,GBP,pending,travel,cards
T000000000130,C00000635,A000000876,2026-08-13 07:05:54,purchase,web,4.27,GBP,completed,utilities,core_banking
T000000000131,C00000566,A000000469,2025-07-01 23:33:09,direct_debit,atm,477.82,EUR,completed,retail,cards
T000000000132,C00000554,A000000575,2025-11-24 21:12:46,purchase,mobile,34.39,USD,completed,other,payments
T000000000133,C00000091,A000000691,2026-09-20 22:29:24,transfer,atm,10.48,GBP,completed,other,core_banking
T000000000134,C00000560,A000000060,2026-02-03 00:52:45,direct_debit,web,99.79,GBP,completed,travel,payments
T000000000135,C00000795,A000001053,2025-01-27 15:51:42,transfer,web,254.08,EUR,completed,other,cards
T000000000136,C00000304,A000000145,2025-08-17 15:12:47,purchase,web,24.23,GBP,completed,other,cards
T000000000137,C00000603,A000000665,2025-09-05 03:11:10,cash_withdrawal,mobile,27.0,USD,failed,retail,payments
T000000000138,C00000031,A000000950,2025-06-26 21:44:54,transfer,mobile,38.47,GBP,completed,utilities,payments
T000000000139,C00000348,A000000117,2025-06-04 09:42:18,purchase,atm,9.33,GBP,completed,travel,cards
T000000000140,C00000437,A000001444,2025-11-18 23:26:24,purchase,web,14.51,GBP,completed,grocery,core_banking
T000000000141,C00000983,A000000547,2025-08-29 02:44:07,purchase,web,194.61,GBP,pending,travel,cards
T000000000142,C00000215,A000000023,2025-07-08 15:36:11,direct_debit,api,26.08,EUR,completed,restaurant,payments
T000000000143,C00000277,A000000956,2025-09-21 03:08:15,purchase,mobile,12.44,GBP,reversed,utilities,mobile
T000000000144,C00000409,A000000809,2025-08-08 22:47:53,purchase,web,18.64,GBP,reversed,retail,payments
T000000000145,C00000993,A000000929,2025-05-27 14:34:56,transfer,web,92.43,GBP,completed,retail,payments
T000000000146,C00000854,A000001089,2025-10-17 01:48:56,direct_debit,mobile,3.76,USD,completed,restaurant,payments
T000000000147,C00000035,A000000690,2026-08-26 05:09:20,purchase,api,39.15,EUR,completed,restaurant,payments
T000000000148,C00000234,A000001199,2025-11-20 08:37:21,purchase,api,397.55,GBP,completed,utilities,core_banking
T000000000149,C00000822,A000000537,2026-01-17 00:18:31,purchase,mobile,252.8,GBP,completed,utilities,core_banking
T000000000150,C00000059,A000000791,2026-09-21 00:12:32,transfer,api,54.7,GBP,completed,grocery,cards
T000000000151,C00000856,A000000230,2026-01-28 22:12:41,transfer,mobile,119.37,GBP,pending,retail,cards
T000000000152,C00000282,A000000899,2025-05-23 23:32:54,direct_debit,api,118.18,EUR,completed,grocery,cards
T000000000153,C00000918,A000000380,2025-09-12 12:52:08,purchase,atm,26.25,GBP,completed,restaurant,mobile
T000000000154,C00000294,A000001011,2025-11-08 21:39:55,purchase,mobile,79.13,USD,completed,retail,payments
T000000000155,C00000435,A000001162,2025-10-31 15:43:31,purchase,web,195.98,GBP,completed,travel,payments
T000000000156,C00000662,A000001246,2025-04-06 00:40:23,purchase,atm,7.95,USD,completed,retail,payments
T000000000157,C00000127,A000001348,2025-03-09 17:08:52,transfer,mobile,54.9,USD,failed,retail,payments
T000000000158,C00000558,A000000178,2025-08-12 00:26:06,direct_debit,mobile,43.8,GBP,completed,other,payments
T000000000159,C00000506,A000000201,2026-08-08 19:35:46,purchase,branch,33.39,EUR,completed,travel,core_banking
T000000000160,C00000784,A000001343,2026-04-04 08:48:26,cash_withdrawal,mobile,30.43,GBP,completed,restaurant,payments
T000000000161,C00000997,A000000553,2026-06-22 03:23:24,purchase,mobile,38.22,GBP,completed,travel,core_banking
T000000000162,C00000665,A000000038,2025-04-22 06:12:17,transfer,mobile,41.74,GBP,pending,restaurant,payments
T000000000163,C00000410,A000000417,2025-09-22 16:24:01,purchase,atm,96.98,GBP,failed,utilities,core_banking
T000000000164,C00000407,A000001213,2026-01-07 20:19:34,transfer,web,49.42,GBP,completed,utilities,cards
T000000000165,C00000418,A000000515,2025-10-05 13:41:50,purchase,web,24.86,GBP,completed,restaurant,core_banking
T000000000166,C00000815,A000000112,2025-09-24 03:51:05,refund,mobile,12.4,GBP,completed,grocery,payments
T000000000167,C00000322,A000001048,2025-08-18 21:36:13,direct_debit,mobile,18.25,GBP,completed,restaurant,payments
T000000000168,C00000167,A000000283,2025-02-02 18:58:32,direct_debit,branch,39.42,GBP,completed,restaurant,core_banking
T000000000169,C00000335,A000000512,2026-07-02 09:50:12,direct_debit,mobile,14.28,GBP,reversed,travel,core_banking
T000000000170,C00000023,A000000006,2026-08-20 13:18:25,purchase,branch,80.9,USD,completed,grocery,mobile
T000000000171,C00000107,A000000873,2025-02-21 23:08:03,transfer,web,47.07,GBP,completed,restaurant,core_banking
T000000000172,C00000091,A000000646,2025-09-22 09:03:26,purchase,branch,99.55,GBP,completed,grocery,payments
T000000000173,C00000772,A000001258,2025-11-27 00:37:06,direct_debit,web,15.32,USD,completed,utilities,payments
T000000000174,C00000723,A000000485,2026-05-16 03:29:50,purchase,atm,12.52,GBP,completed,travel,payments
T000000000175,C00000697,A000000297,2026-09-23 14:24:27,purchase,mobile,98.78,GBP,completed,restaurant,core_banking
T000000000176,C00000462,A000000241,2025-09-24 23:56:40,transfer,api,34.34,GBP,completed,other,payments
T000000000177,C00000718,A000000291,2026-04-24 17:45:27,purchase,mobile,24.22,USD,completed,other,mobile
T000000000178,C00000162,A000000655,2026-08-22 14:49:54,cash_withdrawal,mobile,62.4,GBP,completed,restaurant,core_banking
T000000000179,C00000901,A000000127,2026-06-15 07:45:07,purchase,web,60.01,EUR,completed,utilities,payments
T000000000180,C00000502,A000000584,2025-07-05 10:32:42,transfer,mobile,8.02,GBP,completed,grocery,core_banking
T000000000181,C00000939,A000001240,2026-06-07 00:55:15,direct_debit,web,128.24,GBP,completed,other,mobile
T000000000182,C00000153,A000001114,2025-09-21 08:54:25,transfer,atm,19.47,GBP,completed,other,core_banking
T000000000183,C00000498,A000000925,2025-01-12 14:57:47,purchase,atm,178.58,EUR,completed,grocery,core_banking
T000000000184,C00000697,A000001296,2026-04-30 21:44:14,purchase,web,7.39,EUR,completed,restaurant,core_banking
T000000000185,C00000496,A000001132,2026-06-18 22:08:17,purchase,api,41.82,USD,completed,grocery,mobile
T000000000186,C00000447,A000000947,2025-08-08 19:42:30,purchase,web,24.66,GBP,completed,utilities,cards
T000000000187,C00000167,A000001252,2025-10-16 00:30:57,transfer,mobile,3.77,GBP,completed,travel,core_banking
T000000000188,C00000382,A000000181,2025-08-21 19:28:06,purchase,atm,59.81,USD,completed,grocery,core_banking
T000000000189,C00000239,A000001187,2025-03-16 05:14:48,purchase,mobile,3.97,GBP,completed,travel,payments
T000000000190,C00000302,A000000429,2026-09-28 14:47:19,purchase,mobile,22.06,GBP,completed,travel,core_banking
T000000000191,C00000684,A000001063,2025-01-15 22:42:47,refund,mobile,95.53,GBP,completed,retail,cards
T000000000192,C00000631,A000001325,2025-12-22 21:18:39,purchase,mobile,17.18,GBP,completed,travel,cards
T000000000193,C00000608,A000000720,2025-01-10 15:56:45,purchase,mobile,11.6,GBP,completed,retail,payments
T000000000194,C00000362,A000000129,2026-03-17 07:10:57,transfer,mobile,69.43,EUR,completed,utilities,payments
T000000000195,C00000960,A000000537,2026-07-30 12:30:04,purchase,web,23.06,GBP,completed,retail,payments
T000000000196,C00000088,A000000590,2026-02-16 16:53:20,direct_debit,atm,19.58,EUR,completed,utilities,core_banking
T000000000197,C00000343,A000001359,2026-01-23 12:20:27,purchase,api,114.29,GBP,completed,retail,core_banking
T000000000198,C00000119,A000001367,2026-06-14 09:42:24,transfer,mobile,8.8,USD,completed,travel,core_banking
T000000000199,C00000339,A000000825,2026-09-15 09:40:05,transfer,mobile,18.49,GBP,completed,grocery,core_banking
T000000000200,C00000962,A000001379,2026-07-05 14:23:59,direct_debit,web,74.42,GBP,completed,travel,cards
T000000000200,C00000367,A000000633,2025-05-28 00:51:31,transfer,mobile,8.22,GBP,pending,travel,cards
T000000000202,C00000909,A000000597,2025-12-26 23:57:20,cash_withdrawal,web,193.28,GBP,completed,utilities,mobile
T000000000203,C00000496,A000001213,2026-06-08 02:26:58,purchase,branch,23.86,GBP,completed,utilities,mobile
T000000000204,C00000700,A000000968,2025-07-08 23:37:42,transfer,atm,75.06,GBP,completed,other,core_banking
T000000000205,C00000458,A000000758,2026-03-08 00:50:56,cash_withdrawal,mobile,74.89,GBP,completed,travel,payments
T000000000206,C00000266,A000000663,2025-01-15 12:18:10,transfer,branch,25.54,GBP,completed,grocery,payments
T000000000207,C00000765,A000001024,2026-07-15 10:01:19,transfer,branch,18.12,GBP,pending,restaurant,mobile
T000000000208,C00000970,A000001093,2026-01-28 13:46:21,purchase,atm,28.64,GBP,completed,restaurant,core_banking
T000000000209,C00000264,A000000712,2026-04-20 10:24:20,purchase,mobile,63.33,GBP,completed,travel,cards
T000000000210,C00000779,A000000046,2026-06-12 21:32:08,purchase,atm,10.64,GBP,completed,other,core_banking
T000000000211,C00000262,A000000148,2025-05-20 00:23:59,purchase,atm,8.47,GBP,completed,utilities,core_banking
T000000000212,C00000717,A000000210,2025-10-15 23:39:18,purchase,mobile,142.37,GBP,completed,restaurant,cards
T000000000213,C00000790,A000000671,2026-07-03 16:32:47,purchase,branch,13.85,EUR,failed,retail,core_banking
T000000000214,C00000450,A000000891,2025-04-16 18:41:11,transfer,branch,43.46,GBP,completed,retail,core_banking
T000000000215,C00000737,A000001166,2026-06-10 03:21:19,cash_withdrawal,mobile,24.23,GBP,completed,retail,payments
T000000000216,C00000273,A000000338,2025-07-04 01:33:51,transfer,web,25.39,USD,completed,restaurant,core_banking
T000000000217,C00000080,A000001141,2026-01-03 09:31:42,cash_withdrawal,web,134.55,USD,completed,restaurant,core_banking
T000000000218,C00000097,A000000966,2025-11-22 07:44:36,purchase,atm,27.4,GBP,completed,other,cards
T000000000219,C00000448,A000000075,2026-03-15 18:47:27,purchase,mobile,20.6,GBP,completed,travel,cards
T000000000220,C00000903,A000000510,2026-06-19 21:31:02,cash_withdrawal,web,22.57,GBP,completed,restaurant,cards
T000000000221,C00000128,A000000439,2025-08-11 10:15:32,direct_debit,mobile,17.66,GBP,completed,restaurant,mobile
T000000000222,C00000456,A000001286,2025-04-20 18:26:25,cash_withdrawal,branch,14.83,GBP,failed,grocery,core_banking
T000000000223,C00000705,A000001336,2025-09-28 01:25:45,transfer,branch,17.74,GBP,completed,restaurant,core_banking
T000000000224,C00000203,A000001188,2026-01-27 17:48:48,cash_withdrawal,web,171.81,GBP,completed,grocery,core_banking
T000000000225,C00000722,A000000766,2026-04-25 02:23:02,cash_withdrawal,web,63.25,USD,pending,grocery,cards
T000000000226,C00000306,A000000715,2026-04-27 16:01:48,cash_withdrawal,mobile,20.85,GBP,completed,grocery,core_banking
T000000000227,C00000809,A000000452,2025-08-06 09:10:17,cash_withdrawal,mobile,83.99,EUR,completed,utilities,mobile
T000000000228,C00000580,A000001121,2026-08-22 09:57:58,purchase,atm,5.66,USD,completed,grocery,cards
T000000000229,C00000547,A000000126,2025-02-23 06:37:56,purchase,mobile,127.03,GBP,completed,utilities,cards
T000000000230,C00000177,A000000394,2025-03-16 09:40:40,purchase,atm,116.74,GBP,completed,restaurant,payments
T000000000231,C00000464,A000000197,2025-01-16 20:59:09,transfer,branch,313.61,EUR,completed,utilities,payments
T000000000232,C00000857,A000000717,2026-08-15 19:24:51,cash_withdrawal,api,86.67,GBP,completed,travel,payments
T000000000233,C00000020,A000000435,2025-04-26 08:10:03,purchase,mobile,47.42,GBP,completed,retail,cards
T000000000234,C00000759,A000000287,2026-01-20 07:03:02,purchase,web,116.24,GBP,completed,restaurant,core_banking
T000000000235,C00000493,A000000546,2026-06-04 12:13:07,cash_withdrawal,mobile,15.53,GBP,completed,retail,cards
T000000000236,C00000720,A000001249,2026-05-05 16:26:09,purchase,api,19.78,GBP,completed,utilities,core_banking
T000000000237,C00000664,A000000810,2026-08-30 04:22:34,direct_debit,branch,28.01,USD,completed,restaurant,cards
T000000000238,C00000433,A000001194,2025-02-04 17:25:44,purchase,branch,126.13,GBP,completed,utilities,payments
T000000000239,C00000309,A000001326,2025-09-18 22:46:06,purchase,atm,12.2,USD,completed,retail,cards
T000000000240,C00000628,A000001309,2025-11-20 20:16:09,purchase,mobile,10.91,GBP,completed,grocery,core_banking
T000000000241,C00000141,A000000509,2026-03-21 13:09:30,purchase,web,38.41,EUR,completed,restaurant,core_banking
T000000000242,C00000585,A000001273,2026-02-02 07:40:38,purchase,atm,63.65,GBP,reversed,travel,payments
T000000000243,C00000095,A000001319,2025-12-24 07:45:50,purchase,mobile,14.32,GBP,completed,retail,core_banking
T000000000244,C00000650,A000001392,2025-07-16 17:48:19,purchase,api,60.58,USD,completed,grocery,cards
T000000000245,C00000629,A000000509,2025-03-10 10:54:59,purchase,api,126.07,USD,completed,restaurant,payments
T000000000246,C00000085,A000000332,2025-10-03 02:33:20,cash_withdrawal,api,105.69,GBP,completed,other,core_banking
T000000000247,C00000758,A000000848,2025-06-15 16:15:48,purchase,atm,43.42,EUR,failed,other,payments
T000000000248,C00000416,A000001352,2025-12-21 03:18:48,purchase,mobile,27.25,GBP,completed,travel,core_banking
T000000000249,C00000787,A000001306,2026-05-25 23:41:08,purchase,web,185.38,GBP,completed,grocery,payments
T000000000250,C00000042,A000000829,2025-12-20 10:00:57,direct_debit,mobile,30.45,GBP,completed,grocery,core_banking
T000000000251,C00000180,A000000217,2026-01-08 08:12:28,direct_debit,atm,80.43,GBP,completed,retail,core_banking
T000000000252,C00000494,A000000613,2025-01-27 01:19:31,refund,mobile,234.2,GBP,completed,grocery,core_banking
T000000000253,C00000189,A000001036,2026-02-16 04:01:31,direct_debit,atm,72.03,GBP,completed,travel,payments
T000000000254,C00000330,A000000813,2025-10-08 22:44:41,purchase,mobile,10.52,USD,reversed,utilities,cards
T000000000255,C00000661,A000000501,2025-03-21 12:53:26,cash_withdrawal,mobile,8.16,GBP,completed,grocery,payments
T000000000256,C00000145,A000000497,2025-05-17 21:38:43,purchase,mobile,21.92,EUR,completed,utilities,cards
T000000000257,C00000678,A000000087,2026-05-14 22:56:31,direct_debit,branch,63.12,GBP,completed,other,payments
T000000000258,C00000104,A000000419,2026-08-09 01:10:27,purchase,mobile,47.8,GBP,completed,other,cards
T000000000259,C00000176,A000000971,2025-11-21 09:08:19,purchase,mobile,304.12,EUR,completed,other,core_banking
T000000000260,C00000588,A000000350,2026-09-17 20:07:10,direct_debit,mobile,47.31,GBP,completed,travel,cards
T000000000261,C00000794,A000001441,2025-04-26 11:53:45,direct_debit,mobile,21.25,GBP,completed,utilities,core_banking
T000000000262,C00000171,A000000120,2025-07-11 12:12:46,refund,api,9.12,USD,completed,grocery,mobile
T000000000263,C00000300,A000000854,2026-08-18 13:40:56,purchase,web,103.49,GBP,completed,travel,mobile
T000000000264,C00000926,A000000721,2025-04-22 16:50:49,purchase,mobile,29.77,GBP,completed,restaurant,core_banking
T000000000265,C00000990,A000001209,2026-02-26 22:31:48,purchase,mobile,6.16,GBP,completed,travel,mobile
T000000000266,C00000582,A000001288,2025-05-21 21:17:10,purchase,mobile,30.67,GBP,completed,travel,core_banking
T000000000267,C00000448,A000000789,2025-07-31 15:00:07,transfer,web,10.53,GBP,completed,retail,payments
T000000000268,C00000347,A000000914,2025-11-02 13:50:50,purchase,mobile,19.16,GBP,completed,travel,payments
T000000000269,C00000613,A000001014,2025-08-19 08:39:50,direct_debit,mobile,30.16,GBP,completed,restaurant,core_banking
T000000000270,C00000591,A000000756,2026-07-13 02:47:30,purchase,mobile,11.58,GBP,completed,other,core_banking
T000000000271,C00000295,A000000269,2026-09-14 17:00:58,cash_withdrawal,mobile,17.96,GBP,completed,utilities,payments
T000000000272,C00000023,A000000622,2025-11-16 00:03:42,direct_debit,atm,13.72,GBP,completed,utilities,core_banking
T000000000273,C00000152,A000000351,2025-12-02 16:45:22,transfer,mobile,14.11,USD,completed,restaurant,cards
T000000000274,C00000959,A000000674,2025-02-05 11:55:34,purchase,branch,10.4,GBP,completed,retail,payments
T000000000275,C00000419,A000000892,2025-05-30 18:52:31,purchase,branch,18.05,GBP,failed,retail,core_banking
T000000000276,C00000483,A000000304,2025-01-26 22:46:53,purchase,api,11.71,USD,completed,other,core_banking
T000000000277,C00000468,A000000362,2026-07-02 13:16:18,cash_withdrawal,mobile,55.47,EUR,completed,retail,mobile
T000000000278,C00000783,A000001194,2025-05-26 13:44:34,transfer,atm,37.0,GBP,completed,travel,payments
T000000000279,C00000065,A000000548,2025-08-06 11:41:49,purchase,atm,105.05,GBP,completed,grocery,cards
T000000000280,C00000083,A000000288,2026-06-23 08:57:01,refund,api,217.25,GBP,failed,grocery,core_banking
T000000000281,C00000276,A000001035,2026-04-01 02:07:58,transfer,atm,61.02,GBP,completed,restaurant,mobile
T000000000282,C00000487,A000001040,2026-02-02 00:44:31,direct_debit,mobile,48.04,GBP,completed,travel,core_banking
T000000000283,C00000672,A000001198,2025-01-25 17:21:07,purchase,api,65.19,GBP,completed,restaurant,core_banking
T000000000284,C00000491,A000001102,2025-12-26 21:57:34,refund,atm,48.91,USD,failed,grocery,core_banking
T000000000285,C00000442,A000001439,2025-12-25 01:17:33,purchase,mobile,31.59,GBP,completed,restaurant,payments
T000000000286,C00000938,A000000834,2025-07-23 07:51:06,purchase,mobile,29.06,GBP,completed,retail,core_banking
T000000000287,C00000162,A000000416,2026-04-22 14:35:48,direct_debit,api,10.25,USD,completed,restaurant,core_banking
T000000000288,C00000572,A000001252,2026-08-17 16:54:52,direct_debit,mobile,72.3,GBP,completed,restaurant,cards
T000000000289,C00000543,A000000384,2025-06-15 17:38:48,transfer,atm,29.0,GBP,failed,utilities,cards
T000000000290,C00000474,A000000423,2025-07-31 16:39:42,purchase,web,137.28,GBP,completed,other,core_banking
T000000000291,C00000808,A000001202,2025-07-25 02:00:45,purchase,branch,78.33,GBP,failed,other,cards
T000000000292,C00000267,A000001279,2026-06-18 06:05:35,cash_withdrawal,mobile,15.53,GBP,pending,restaurant,core_banking
T000000000293,C00000954,A000000493,2025-02-19 11:15:42,direct_debit,branch,110.94,GBP,failed,retail,core_banking
T000000000294,C00000332,A000001058,2026-07-27 01:31:50,purchase,web,2.04,EUR,completed,other,core_banking
T000000000295,C00000546,A000001338,2026-05-11 08:14:11,purchase,api,227.41,GBP,completed,other,mobile
T000000000296,C00000521,A000001159,2025-11-05 09:14:24,transfer,mobile,7.35,EUR,completed,retail,payments
T000000000297,C00000850,A000000008,2026-01-08 23:28:27,cash_withdrawal,mobile,50.39,GBP,completed,travel,core_banking
T000000000298,C00000439,A000000964,2026-07-26 07:36:40,purchase,mobile,46.94,GBP,completed,travel,core_banking
T000000000299,C00000285,A000000247,2026-05-07 23:18:46,transfer,mobile,97.5,GBP,completed,other,core_banking
T000000000300,C00000022,A000001228,2025-06-26 16:48:22,refund,api,21.22,GBP,pending,grocery,cards
T000000000301,C00000364,A000000098,2025-02-02 16:36:52,purchase,mobile,-25.0,GBP,completed,grocery,payments
T000000000302,C00000827,A000001440,2026-02-25 19:40:29,transfer,mobile,21.25,GBP,completed,utilities,core_banking
T000000000303,C00000010,A000000258,2025-04-04 20:12:55,transfer,atm,23.8,GBP,completed,other,mobile
T000000000304,C00000897,A000000610,2025-02-26 05:20:19,transfer,mobile,3.48,GBP,completed,travel,core_banking
T000000000305,C00000543,A000000340,2026-09-20 10:06:06,direct_debit,mobile,31.43,GBP,completed,utilities,core_banking
T000000000306,C00000141,A000001181,2025-10-30 12:40:39,transfer,branch,9.68,GBP,completed,grocery,core_banking
T000000000307,C00000303,A000000571,2026-02-20 23:26:32,transfer,web,59.24,GBP,completed,restaurant,core_banking
T000000000308,C00000555,A000001080,2025-05-19 00:58:28,purchase,atm,23.14,USD,completed,other,payments
T000000000309,C00000316,A000000098,2025-03-06 11:26:34,cash_withdrawal,branch,234.9,GBP,completed,utilities,cards
T000000000310,C00000109,A000000657,2025-02-10 05:08:31,purchase,mobile,22.9,GBP,completed,grocery,payments
T000000000311,C00000666,A000001322,2025-08-15 04:57:48,purchase,web,47.08,GBP,completed,grocery,core_banking
T000000000312,C00000673,A000001345,2025-01-03 18:16:56,transfer,atm,23.96,GBP,completed,restaurant,core_banking
T000000000313,C00000119,A000000303,2025-09-26 04:50:43,transfer,web,5.45,EUR,completed,grocery,core_banking
T000000000314,C00000282,A000000572,2025-07-27 19:02:29,refund,atm,24.17,USD,completed,grocery,cards
T000000000315,C00000244,A000000594,2025-12-03 23:51:14,cash_withdrawal,web,66.09,GBP,completed,other,core_banking
T000000000316,C00000660,A000000820,2026-01-12 18:38:01,direct_debit,web,56.38,USD,completed,utilities,core_banking
T000000000317,C00000731,A000000780,2025-07-17 04:04:41,purchase,atm,22.02,GBP,completed,utilities,mobile
T000000000318,C00000727,A000000154,2025-10-18 03:25:02,transfer,mobile,6.49,USD,completed,restaurant,cards
T000000000319,C00000939,A000001106,2025-02-19 10:29:27,refund,web,58.95,EUR,completed,retail,core_banking
T000000000320,C00000769,A000000328,2025-07-12 13:13:29,purchase,mobile,46.55,GBP,completed,travel,payments
T000000000321,C00000321,A000000457,2026-09-18 18:40:48,direct_debit,branch,72.64,EUR,completed,utilities,core_banking
T000000000322,C00000108,A000001220,2026-09-26 10:08:42,transfer,web,22.47,GBP,completed,grocery,payments
T000000000323,C00000615,A000001000,2025-11-07 04:00:34,purchase,mobile,5.11,GBP,completed,travel,mobile
T000000000324,C00000917,A000000576,2026-08-24 23:47:44,transfer,mobile,52.48,GBP,completed,utilities,core_banking
T000000000325,C00000976,A000001324,2025-11-17 21:42:33,purchase,api,29.68,GBP,completed,other,mobile
T000000000326,C00000231,A000000572,2025-03-22 15:41:51,purchase,mobile,129.19,GBP,completed,utilities,core_banking
T000000000327,C00000237,A000000820,2026-07-09 16:41:27,purchase,mobile,30.88,GBP,completed,restaurant,core_banking
T000000000328,C00000038,A000000357,2025-09-23 22:26:41,purchase,mobile,28.57,GBP,completed,travel,cards
T000000000329,C00000142,A000000266,2026-01-27 11:23:48,purchase,web,46.44,GBP,completed,grocery,payments
T000000000330,C00000555,A000000713,2026-02-19 03:29:18,direct_debit,mobile,16.01,GBP,completed,retail,core_banking
T000000000331,C00000547,A000000817,2025-07-16 14:32:34,purchase,atm,15.22,GBP,completed,restaurant,core_banking
T000000000332,C00000371,A000001169,2026-04-14 10:49:15,direct_debit,branch,27.04,GBP,completed,grocery,core_banking
T000000000333,C00000310,A000000567,2025-11-17 19:11:38,transfer,mobile,11.4,GBP,completed,other,core_banking
T000000000334,C00000830,A000001298,2025-08-23 18:31:06,purchase,web,23.56,GBP,completed,travel,core_banking
T000000000335,C00000461,A000000881,2025-07-10 11:18:52,purchase,mobile,229.65,GBP,completed,restaurant,core_banking
T000000000336,C00000809,A000000102,2026-04-22 08:49:42,direct_debit,mobile,89.55,GBP,completed,other,mobile
T000000000337,C00000964,A000001072,2025-06-09 10:07:45,transfer,branch,41.41,GBP,completed,utilities,payments
T000000000338,C00000318,A000000834,2025-03-21 15:10:48,direct_debit,mobile,152.82,GBP,completed,travel,mobile
T000000000339,C00000203,A000000565,2026-07-18 15:17:19,purchase,api,12.6,GBP,completed,travel,core_banking
T000000000340,C00000953,A000000678,2025-08-01 12:16:51,cash_withdrawal,web,409.51,GBP,completed,retail,core_banking
T000000000341,C00000635,A000000438,2026-02-14 12:45:54,cash_withdrawal,mobile,18.48,GBP,completed,other,cards
T000000000342,C00000291,A000000891,2026-04-03 23:48:22,refund,api,245.67,USD,completed,restaurant,cards
T000000000343,C00000622,A000000823,2026-06-20 06:05:22,purchase,web,244.54,GBP,reversed,utilities,cards
T000000000344,C00000516,A000000649,2026-02-04 04:10:22,refund,mobile,4.75,GBP,completed,restaurant,core_banking
T000000000345,C00000906,A000000414,2026-03-29 19:10:48,purchase,web,139.83,GBP,completed,grocery,payments
T000000000346,C00000256,A000000579,2026-06-19 22:26:54,direct_debit,api,22.24,GBP,pending,grocery,cards
T000000000347,C00000992,A000000722,2026-08-26 14:36:30,transfer,web,16.5,GBP,completed,utilities,core_banking
T000000000348,C00000937,A000000685,2025-01-30 09:38:15,transfer,web,51.98,GBP,completed,utilities,cards
T000000000349,C00000181,A000000449,2026-04-20 08:21:51,purchase,web,10.4,GBP,completed,travel,core_banking
T000000000350,C00000165,A000000844,2025-04-22 11:13:54,direct_debit,mobile,50.76,GBP,completed,utilities,core_banking
T000000000351,C00000534,A000000329,2026-07-24 01:15:32,purchase,mobile,11.16,GBP,failed,grocery,mobile
T000000000352,C00000045,A000000727,2025-01-31 12:41:11,transfer,web,36.09,GBP,reversed,travel,cards
T000000000353,C00000299,A000000177,2025-06-07 06:28:12,transfer,api,121.77,EUR,completed,other,core_banking
T000000000354,C00000436,A000000685,2025-05-03 06:22:07,cash_withdrawal,atm,44.96,GBP,failed,grocery,core_banking
T000000000355,C00000970,A000001137,2026-01-21 13:26:54,transfer,mobile,20.54,GBP,completed,utilities,core_banking
T000000000356,C00000993,A000001186,2025-01-03 23:07:40,transfer,web,52.9,GBP,completed,other,mobile
T000000000357,C00000152,A000001008,2025-01-11 04:56:26,transfer,mobile,6.84,GBP,completed,restaurant,payments
T000000000358,C00000892,A000001082,2025-11-19 21:52:32,transfer,mobile,12.42,GBP,completed,retail,cards
T000000000359,C00000091,A000000096,2026-09-13 12:27:56,transfer,branch,19.07,GBP,completed,travel,mobile
T000000000360,C00000749,A000000495,2025-12-04 23:20:59,cash_withdrawal,mobile,68.46,GBP,completed,grocery,core_banking
T000000000361,C00000846,A000000949,2025-10-12 09:10:23,direct_debit,atm,45.88,GBP,pending,grocery,payments
T000000000362,C00000891,A000001161,2026-02-25 23:55:33,transfer,web,52.56,GBP,completed,utilities,cards
T000000000363,C00000224,A000000846,2025-12-19 15:50:20,purchase,branch,29.11,EUR,completed,utilities,payments
T000000000364,C00000894,A000001238,2025-09-03 16:04:30,transfer,api,13.1,GBP,completed,retail,mobile
T000000000365,C00000116,A000000396,2026-01-12 13:31:02,purchase,branch,142.95,GBP,completed,travel,cards
T000000000366,C00000519,A000000223,2025-01-03 10:50:25,purchase,api,14.4,USD,completed,grocery,core_banking
T000000000367,C00000470,A000000126,2025-06-06 12:36:09,direct_debit,atm,46.53,GBP,completed,grocery,core_banking
T000000000368,C00000316,A000000845,2026-03-07 20:25:03,purchase,web,26.64,GBP,completed,travel,core_banking
T000000000369,C00000023,A000000965,2025-08-07 19:00:59,transfer,mobile,54.12,GBP,completed,other,core_banking
T000000000370,C00000773,A000000414,2025-02-04 00:34:16,refund,mobile,15.87,USD,completed,travel,core_banking
T000000000371,C00000336,A000001137,2025-03-21 16:40:15,purchase,atm,90.5,GBP,completed,grocery,cards
T000000000372,C00000662,A000001072,2026-07-08 20:01:32,purchase,mobile,127.38,GBP,completed,utilities,core_banking
T000000000373,C00000411,A000000523,2025-07-30 17:51:33,purchase,api,84.85,USD,completed,grocery,mobile
T000000000374,C00000374,A000000347,2025-01-15 11:56:05,purchase,mobile,35.36,GBP,completed,retail,core_banking
T000000000375,C00000887,A000001077,2026-04-11 08:03:08,cash_withdrawal,atm,18.97,GBP,completed,restaurant,core_banking
T000000000376,C00000095,A000000974,2025-12-05 16:09:26,cash_withdrawal,mobile,580.11,EUR,completed,grocery,core_banking
T000000000377,C00000737,A000000248,2025-10-16 15:55:41,transfer,api,10.58,EUR,completed,other,mobile
T000000000378,C00000747,A000000370,2026-07-26 08:58:37,purchase,mobile,75.59,GBP,failed,utilities,core_banking
T000000000379,C00000380,A000000705,2025-07-20 09:45:08,transfer,mobile,42.5,GBP,completed,other,core_banking
T000000000380,C00000263,A000000742,2026-01-01 08:50:49,purchase,atm,28.06,GBP,completed,restaurant,core_banking
T000000000381,C00000006,A000000241,2026-04-21 01:04:47,transfer,mobile,36.39,USD,completed,other,core_banking
T000000000382,C00000937,A000001376,2026-01-24 00:45:40,transfer,mobile,17.54,GBP,completed,utilities,mobile
T000000000383,C00000948,A000000564,2025-05-13 01:59:38,purchase,api,46.92,GBP,completed,grocery,cards
T000000000384,C00000241,A000000553,2026-03-12 10:10:15,direct_debit,atm,41.79,GBP,completed,grocery,core_banking
T000000000385,C00000032,A000000088,2026-04-21 12:14:59,cash_withdrawal,mobile,498.47,GBP,completed,travel,core_banking
T000000000386,C00000123,A000001270,2025-03-20 09:48:01,purchase,web,92.24,GBP,completed,grocery,core_banking
T000000000387,C00000068,A000000341,2025-04-16 22:55:26,transfer,mobile,51.5,GBP,completed,restaurant,cards
T000000000388,C00000832,A000001432,2026-03-08 05:23:41,transfer,mobile,54.84,GBP,completed,other,core_banking
T000000000389,C00000892,A000000720,2025-03-18 09:25:52,purchase,branch,206.75,GBP,completed,utilities,payments
T000000000390,C00000154,A000001269,2026-07-17 05:56:08,purchase,mobile,10.82,GBP,completed,travel,core_banking
T000000000391,C00000747,A000000260,2025-03-12 07:11:38,transfer,web,24.73,GBP,completed,other,core_banking
T000000000392,C00000180,A000000241,2026-09-15 14:01:09,direct_debit,mobile,4.05,GBP,completed,travel,cards
T000000000393,C00000368,A000001162,2026-03-06 07:26:16,transfer,atm,53.88,GBP,completed,other,payments
T000000000394,C00000600,A000001189,2025-10-11 07:37:35,transfer,web,73.01,GBP,reversed,restaurant,cards
T000000000395,C00000720,A000000788,2025-06-21 16:05:59,transfer,mobile,10.53,GBP,completed,retail,payments
T000000000396,C00000875,A000000047,2025-08-09 19:55:33,purchase,api,135.21,GBP,completed,restaurant,payments
T000000000397,C00000045,A000001369,2026-04-24 05:06:05,purchase,atm,14.09,GBP,completed,utilities,mobile
T000000000398,C00000197,A000000571,2026-04-27 02:40:23,purchase,mobile,20.91,GBP,completed,other,core_banking
T000000000399,C00000281,A000001358,2025-05-14 05:44:51,direct_debit,api,33.97,USD,failed,utilities,mobile
T000000000400,C00000311,A000001263,2025-12-13 13:51:48,direct_debit,mobile,159.8,GBP,reversed,retail,payments
T000000000401,C00000999,A000001235,2026-09-27 23:01:57,direct_debit,mobile,12.17,GBP,completed,grocery,cards
T000000000402,C00000778,A000000999,2025-06-14 03:50:27,purchase,web,40.68,GBP,completed,other,cards
T000000000403,C00000321,A000000977,2026-03-20 01:01:35,transfer,mobile,67.6,GBP,completed,restaurant,core_banking
T000000000404,C00000972,A000000773,2025-04-21 12:40:39,transfer,branch,54.43,USD,completed,grocery,cards
T000000000405,C00000500,A000000036,2026-06-17 23:46:56,purchase,web,56.58,GBP,completed,utilities,payments
T000000000406,C00000501,A000000563,2025-04-19 13:15:39,purchase,api,66.66,EUR,completed,restaurant,mobile
T000000000407,C00000434,A000001060,2025-07-10 22:11:13,cash_withdrawal,mobile,16.74,USD,completed,restaurant,core_banking
T000000000408,C00000144,A000001178,2025-10-21 15:24:54,transfer,mobile,176.3,EUR,completed,travel,mobile
T000000000409,C00000935,A000000812,2025-08-25 00:45:30,transfer,mobile,26.66,GBP,completed,grocery,core_banking
T000000000410,C00000014,A000001029,2025-04-19 10:15:29,purchase,mobile,23.2,EUR,completed,other,mobile
T000000000411,C00000175,A000000032,2026-02-14 18:28:51,transfer,api,123.35,GBP,completed,retail,cards
T000000000412,C00000230,A000000680,2025-01-13 12:13:38,purchase,branch,15.45,GBP,completed,other,cards
T000000000413,C00000280,A000000737,2026-09-21 04:40:30,purchase,atm,41.94,GBP,completed,retail,cards
T000000000414,C00000132,A000001295,2025-02-03 04:20:34,transfer,atm,14.03,USD,completed,restaurant,mobile
T000000000415,C00000018,A000000452,2025-08-02 15:55:29,purchase,mobile,422.08,EUR,completed,travel,core_banking
T000000000416,C00000678,A000000334,2026-08-18 11:06:44,refund,mobile,338.35,GBP,completed,utilities,core_banking
T000000000417,C00000970,A000000511,2025-04-10 13:46:45,transfer,web,26.69,EUR,completed,utilities,payments
T000000000418,C00000122,A000000248,2025-02-16 08:57:09,purchase,atm,51.72,GBP,completed,travel,core_banking
T000000000419,C00000297,A000000810,2026-04-21 08:08:13,purchase,mobile,30.13,GBP,failed,restaurant,cards
T000000000420,C00000507,A000000933,2025-02-16 15:59:13,cash_withdrawal,mobile,20.78,GBP,failed,retail,cards
T000000000421,C00000928,A000001162,2026-07-29 00:11:10,purchase,branch,33.97,GBP,completed,utilities,payments
T000000000422,C00000695,A000001410,2025-10-16 10:26:08,purchase,mobile,28.71,GBP,completed,grocery,mobile
T000000000423,C00000767,A000000107,2026-07-10 08:53:47,purchase,web,6.07,EUR,completed,grocery,core_banking
T000000000424,C00000582,A000000359,2025-06-06 18:42:15,purchase,mobile,39.5,USD,completed,restaurant,payments
T000000000425,C00000418,A000000437,2025-04-01 17:28:55,transfer,web,28.66,GBP,completed,other,cards
T000000000426,C00000200,A000000363,2026-09-08 10:13:25,transfer,web,41.59,GBP,completed,grocery,cards
T000000000427,C00000865,A000001200,2026-05-03 06:18:18,purchase,api,27.62,GBP,completed,grocery,core_banking
T000000000428,C00000805,A000000203,2026-08-06 05:39:30,cash_withdrawal,branch,20.53,GBP,completed,travel,core_banking
T000000000429,C00000026,A000000044,2025-07-24 05:04:12,purchase,mobile,75.09,GBP,completed,grocery,cards
T000000000430,C00000716,A000001248,2025-09-16 06:34:06,transfer,atm,52.45,GBP,reversed,travel,core_banking
T000000000431,C00000085,A000001395,2026-01-04 18:15:13,purchase,atm,129.78,GBP,completed,restaurant,payments
T000000000432,C00000739,A000000329,2025-10-14 01:05:12,transfer,branch,50.37,GBP,completed,restaurant,core_banking
T000000000433,C00000826,A000000483,2025-06-05 00:37:37,purchase,api,24.35,USD,completed,utilities,mobile
T000000000434,C00000132,A000000730,2025-08-28 12:57:28,transfer,atm,57.26,GBP,completed,retail,payments
T000000000435,C00000434,A000000763,2026-01-24 05:21:46,purchase,mobile,3.74,GBP,completed,grocery,cards
T000000000436,C00000124,A000001437,2025-01-25 19:56:28,refund,web,272.83,GBP,completed,utilities,payments
T000000000437,C00000568,A000000587,2025-08-03 18:03:10,purchase,mobile,39.97,GBP,reversed,other,mobile
T000000000438,C00000928,A000000018,2025-07-07 18:27:31,direct_debit,web,296.98,GBP,reversed,travel,payments
T000000000439,C00000081,A000000613,2025-02-14 10:58:07,direct_debit,api,12.03,GBP,pending,utilities,cards
T000000000440,C00000398,A000000807,2025-03-20 10:30:25,purchase,branch,9.27,GBP,completed,retail,core_banking
T000000000441,C00000974,A000000750,2025-11-13 10:12:50,purchase,mobile,44.0,GBP,completed,retail,payments
T000000000442,C00000301,A000000743,2025-03-07 04:42:24,purchase,api,43.85,GBP,completed,utilities,payments
T000000000443,C00000133,A000001338,2025-08-09 13:36:56,refund,branch,42.74,GBP,completed,travel,cards
T000000000444,C00000489,A000001171,2025-12-25 20:43:25,transfer,mobile,36.42,GBP,completed,travel,cards
T000000000445,C00000509,A000000365,2026-07-13 06:09:32,transfer,api,15.49,GBP,completed,grocery,core_banking
T000000000446,C00000663,A000000516,2025-03-05 01:21:45,purchase,mobile,6.3,EUR,pending,restaurant,payments
T000000000447,C00000314,A000000968,2025-10-05 13:33:10,direct_debit,web,40.34,GBP,completed,other,payments
T000000000448,C00000956,A000000595,2025-03-07 09:34:52,purchase,web,7.79,EUR,completed,retail,core_banking
T000000000449,C00000522,A000000622,2025-10-01 19:08:20,purchase,api,7.06,GBP,completed,utilities,core_banking
T000000000450,C00000287,A000000244,2025-11-04 20:33:31,purchase,mobile,20.09,GBP,completed,other,mobile
T000000000451,C00000961,A000000369,2026-05-26 22:48:55,transfer,mobile,47.1,GBP,completed,restaurant,core_banking
T000000000452,C00000925,A000001075,2025-10-10 09:26:10,direct_debit,branch,241.57,GBP,completed,travel,payments
T000000000453,C00000500,A000001223,2026-08-21 21:38:30,direct_debit,api,83.78,GBP,completed,restaurant,cards
T000000000454,C00000025,A000001138,2025-03-29 02:49:44,purchase,mobile,134.95,GBP,completed,retail,cards
T000000000455,C00000597,A000000447,2025-02-03 08:56:44,purchase,mobile,59.52,GBP,completed,other,core_banking
T000000000456,C00000556,A000000199,2025-01-03 06:22:58,cash_withdrawal,api,44.04,GBP,completed,other,core_banking
T000000000457,C00000149,A000000232,2025-08-16 22:09:15,transfer,atm,416.16,GBP,completed,grocery,cards
T000000000458,C00000634,A000000571,2025-05-04 14:24:02,purchase,mobile,7.47,GBP,completed,other,core_banking
T000000000459,C00000841,A000000751,2025-02-28 08:46:50,purchase,mobile,19.42,GBP,failed,travel,payments
T000000000460,C00000106,A000001295,2025-05-31 03:38:55,transfer,web,21.07,GBP,completed,retail,mobile
T000000000461,C00000724,A000001304,2026-09-16 18:47:30,refund,branch,76.57,GBP,completed,restaurant,payments
T000000000462,C00000141,A000000004,2026-05-27 15:43:06,transfer,web,10.72,GBP,completed,grocery,core_banking
T000000000463,C00000749,A000001026,2025-01-12 20:28:15,purchase,atm,66.79,GBP,completed,grocery,cards
T000000000464,C00000420,A000000434,2026-08-08 10:30:57,cash_withdrawal,mobile,55.07,GBP,completed,retail,core_banking
T000000000465,C00000007,A000000287,2025-05-12 03:35:51,purchase,atm,70.39,GBP,completed,utilities,payments
T000000000466,C00000967,A000000805,2025-09-17 08:01:31,direct_debit,mobile,69.06,GBP,completed,utilities,core_banking
T000000000467,C00000166,A000000050,2025-07-29 14:52:54,purchase,api,150.69,GBP,completed,other,payments
T000000000468,C00000597,A000000485,2025-09-16 05:46:55,purchase,mobile,28.46,GBP,completed,travel,cards
T000000000469,C00000182,A000000801,2026-05-02 01:41:49,transfer,mobile,52.28,GBP,completed,restaurant,core_banking
T000000000470,C00000934,A000000395,2026-04-01 19:45:35,purchase,mobile,13.83,GBP,completed,travel,core_banking
T000000000471,C00000739,A000000861,2026-01-15 12:43:57,purchase,mobile,10.88,GBP,completed,retail,payments
T000000000472,C00000805,A000000668,2026-02-05 09:31:12,transfer,web,191.15,GBP,completed,utilities,payments
T000000000473,C00000433,A000001160,2026-04-10 13:16:05,cash_withdrawal,branch,12.77,GBP,failed,retail,core_banking
T000000000474,C00000468,A000000264,2025-04-28 17:43:24,direct_debit,api,58.76,GBP,failed,travel,cards
T000000000475,C00000635,A000000083,2025-09-10 00:01:56,purchase,web,52.33,GBP,completed,travel,core_banking
T000000000476,C00000785,A000000768,2025-03-10 10:34:06,purchase,web,102.9,GBP,completed,other,mobile
T000000000477,C00000847,A000000373,2026-03-26 06:06:06,transfer,mobile,5.25,EUR,failed,other,cards
T000000000478,C00000018,A000001025,2025-10-07 02:12:17,purchase,atm,76.38,GBP,completed,grocery,payments
T000000000479,C00000664,A000000136,2026-02-12 00:51:47,purchase,mobile,28.19,GBP,completed,travel,core_banking
T000000000480,C00000110,A000000835,2025-12-27 10:34:19,direct_debit,mobile,15.96,EUR,completed,other,mobile
T000000000481,C00000288,A000001436,2025-06-24 13:03:17,refund,mobile,23.03,GBP,completed,grocery,payments
T000000000482,C00000830,A000000136,2025-03-30 12:11:04,purchase,mobile,89.0,GBP,completed,utilities,core_banking
T000000000483,C00000251,A000000438,2026-09-14 18:47:27,direct_debit,web,64.57,GBP,completed,travel,cards
T000000000484,C00000797,A000001225,2025-07-07 10:59:17,transfer,mobile,26.2,GBP,completed,other,core_banking
T000000000485,C00000464,A000000774,2025-03-12 14:09:26,purchase,mobile,9.06,USD,completed,restaurant,payments
T000000000486,C00000233,A000000254,2025-07-15 19:35:23,transfer,atm,9.76,EUR,completed,restaurant,payments
T000000000487,C00000335,A000000310,2026-07-31 15:46:30,purchase,mobile,66.07,GBP,completed,grocery,cards
T000000000488,C00000531,A000001109,2025-06-16 21:51:37,purchase,web,7.83,GBP,completed,grocery,core_banking
T000000000489,C00000766,A000001249,2026-09-23 05:19:05,refund,mobile,26.47,GBP,completed,restaurant,payments
T000000000490,C00000607,A000000523,2025-10-22 18:52:57,transfer,api,500.26,GBP,completed,travel,payments
T000000000491,C00000934,A000000688,2026-07-05 16:43:18,purchase,branch,48.55,GBP,reversed,retail,cards
T000000000492,C00000868,A000001136,2026-02-22 13:59:12,transfer,mobile,65.32,USD,completed,grocery,payments
T000000000493,C00000754,A000000257,2025-01-29 00:05:23,refund,api,9.83,GBP,completed,grocery,core_banking
T000000000494,C00000604,A000000300,2025-11-22 12:59:41,purchase,web,8.26,EUR,completed,restaurant,core_banking
T000000000495,C00000290,A000001123,2025-09-24 20:36:11,direct_debit,mobile,69.1,GBP,completed,travel,mobile
T000000000496,C00000413,A000000271,2025-05-09 15:28:14,direct_debit,branch,22.28,GBP,completed,travel,payments
T000000000497,C00000119,A000001118,2025-12-18 00:07:20,purchase,branch,102.75,EUR,pending,other,core_banking
T000000000498,C00000375,A000000721,2025-03-07 06:54:28,cash_withdrawal,mobile,34.82,GBP,completed,restaurant,cards
T000000000499,C00000927,A000001436,2026-03-23 13:39:51,transfer,mobile,1254.11,GBP,completed,travel,core_banking
T000000000500,C00000426,A000000048,2026-06-10 19:29:03,cash_withdrawal,mobile,18.25,GBP,completed,other,core_banking
T000000000501,C00000114,A000001372,2025-03-01 10:40:41,purchase,web,45.09,GBP,completed,other,mobile
T000000000502,C00000652,A000000327,2025-11-03 20:33:51,purchase,api,13.02,GBP,completed,retail,core_banking
T000000000503,C00000963,A000000051,2026-02-23 19:06:02,purchase,web,98.36,GBP,completed,retail,core_banking
T000000000504,C00000868,A000001050,2025-02-09 06:24:47,transfer,api,52.85,EUR,completed,utilities,payments
T000000000505,C00000275,A000000773,2025-09-06 04:40:44,cash_withdrawal,mobile,12.13,GBP,completed,grocery,core_banking
T000000000506,C00000454,A000001215,2025-06-14 21:40:03,cash_withdrawal,atm,23.85,EUR,failed,other,core_banking
T000000000507,C00000532,A000000158,2025-01-26 14:08:27,transfer,api,140.53,EUR,completed,grocery,cards
T000000000508,C00000248,A000000118,2026-05-29 20:22:10,purchase,branch,123.88,GBP,completed,restaurant,core_banking
T000000000509,C00000269,A000000823,2025-10-12 22:07:52,purchase,mobile,7.54,GBP,completed,utilities,core_banking
T000000000510,C00000237,A000001280,2026-04-26 10:11:15,cash_withdrawal,mobile,20.4,GBP,completed,grocery,cards
T000000000511,C00000995,A000000589,2026-01-11 01:05:51,transfer,mobile,225.31,GBP,failed,retail,mobile
T000000000512,C00000747,A000001157,2026-07-14 21:48:57,cash_withdrawal,web,27.92,GBP,completed,travel,payments
T000000000513,C00000841,A000001315,2026-09-30 14:00:20,purchase,api,40.35,GBP,completed,other,core_banking
T000000000514,C00000817,A000001262,2026-01-20 02:53:25,purchase,web,97.83,USD,completed,utilities,cards
T000000000515,C00000960,A000000738,2025-08-14 12:42:54,direct_debit,mobile,8.22,USD,completed,retail,cards
T000000000516,C00000106,A000001013,2025-09-28 00:40:18,purchase,mobile,12.41,GBP,completed,travel,core_banking
T000000000517,C00000882,A000000763,2026-06-12 06:57:18,purchase,web,23.69,EUR,completed,grocery,core_banking
T000000000518,C00000067,A000000978,2025-09-30 08:20:55,transfer,web,117.9,GBP,completed,utilities,cards
T000000000519,C00000476,A000000823,2025-11-29 10:54:16,transfer,mobile,97.1,EUR,failed,utilities,core_banking
T000000000520,C00000595,A000000762,2025-05-04 13:34:13,refund,atm,70.86,GBP,completed,other,mobile
T000000000521,C00000358,A000000634,2026-09-25 20:08:43,direct_debit,mobile,28.76,USD,completed,utilities,core_banking
T000000000522,C00000147,A000000947,2026-02-20 08:26:04,cash_withdrawal,branch,108.97,USD,completed,retail,core_banking
T000000000523,C00000193,A000001090,2025-07-31 17:38:52,purchase,web,28.35,GBP,failed,retail,payments
T000000000524,C00000825,A000001333,2026-01-09 22:36:34,transfer,mobile,61.06,USD,completed,travel,payments
T000000000525,C00000319,A000000890,2025-09-14 17:57:51,direct_debit,branch,86.72,GBP,failed,utilities,core_banking
T000000000526,C00000311,A000000146,2025-04-09 06:06:46,purchase,branch,197.68,GBP,completed,grocery,payments
T000000000527,C00000924,A000000852,2026-07-13 16:15:56,refund,web,31.37,GBP,completed,grocery,payments
T000000000528,C00000144,A000000458,2026-07-20 06:44:56,transfer,atm,22.74,GBP,completed,other,core_banking
T000000000529,C00000916,A000000039,2026-06-18 11:28:11,purchase,web,129.65,GBP,completed,grocery,cards
T000000000530,C00000921,A000000106,2025-08-24 15:14:09,transfer,mobile,140.53,GBP,completed,travel,payments
T000000000531,C00000599,A000000858,2025-06-13 07:02:14,cash_withdrawal,api,18.81,GBP,failed,utilities,core_banking
T000000000532,C00000166,A000001370,2025-02-01 00:05:33,purchase,api,10.43,GBP,completed,travel,mobile
T000000000533,C00000156,A000000734,2026-04-13 20:05:30,purchase,mobile,119.7,GBP,completed,restaurant,mobile
T000000000534,C00000285,A000000646,2025-07-29 17:27:40,cash_withdrawal,api,5.94,EUR,completed,utilities,cards
T000000000535,C00000578,A000000129,2026-07-25 02:57:18,purchase,atm,5.63,GBP,completed,grocery,core_banking
T000000000536,C00000154,A000000980,2026-07-10 09:03:33,purchase,mobile,25.11,GBP,completed,retail,mobile
T000000000537,C00000456,A000000081,2025-03-23 06:16:50,transfer,web,33.37,GBP,completed,restaurant,cards
T000000000538,C00000116,A000001220,2026-08-09 23:27:57,cash_withdrawal,mobile,9.85,EUR,reversed,retail,core_banking
T000000000539,C00000541,A000001184,2025-03-31 22:36:12,transfer,web,37.82,GBP,completed,restaurant,payments
T000000000540,C00000022,A000001437,2025-11-10 16:35:38,refund,api,39.64,EUR,completed,utilities,payments
T000000000541,C00000710,A000000413,2025-10-30 10:34:42,direct_debit,web,18.09,GBP,completed,retail,core_banking
T000000000542,C00000056,A000000235,2026-09-04 01:15:11,transfer,web,253.44,EUR,completed,utilities,core_banking
T000000000543,C00000195,A000000435,2026-02-25 05:55:33,purchase,mobile,47.05,GBP,completed,retail,payments
T000000000544,C00000175,A000001160,2026-07-14 02:13:23,cash_withdrawal,web,97.99,GBP,completed,grocery,mobile
T000000000545,C00000831,A000000318,2026-01-16 18:56:52,purchase,atm,6.49,GBP,completed,retail,core_banking
T000000000546,C00000054,A000001287,2026-06-12 02:06:57,direct_debit,mobile,6.44,GBP,reversed,retail,core_banking
T000000000547,C00000430,A000000224,2026-06-29 16:15:36,transfer,web,48.57,GBP,failed,restaurant,core_banking
T000000000548,C00000592,A000000071,2026-07-04 22:51:46,purchase,mobile,210.1,GBP,completed,restaurant,cards
T000000000549,C00000516,A000000319,2025-09-21 07:23:25,transfer,atm,10.38,GBP,reversed,utilities,core_banking
T000000000550,C00000681,A000001094,2025-09-02 16:25:02,transfer,branch,34.83,GBP,completed,retail,cards
T000000000551,C00000804,A000000874,2026-09-22 21:05:55,direct_debit,branch,8.19,GBP,completed,utilities,core_banking
T000000000552,C00000394,A000000515,2026-04-29 10:15:45,purchase,web,14.09,GBP,failed,other,payments
T000000000553,C00000829,A000000952,2026-08-10 10:46:20,direct_debit,web,36.7,GBP,pending,other,payments
T000000000554,C00000318,A000000941,2026-01-04 04:48:41,purchase,branch,17.86,GBP,completed,travel,payments
T000000000555,C00000985,A000000805,2026-08-17 10:15:36,cash_withdrawal,branch,7.61,GBP,completed,travel,core_banking
T000000000556,C00000505,A000000746,2026-04-05 20:58:02,direct_debit,web,7.43,GBP,completed,retail,cards
T000000000557,C00000737,A000000148,2026-04-20 15:55:13,purchase,atm,4.14,GBP,completed,utilities,core_banking
T000000000558,C00000876,A000000377,2025-04-24 04:50:14,purchase,mobile,49.42,EUR,completed,restaurant,core_banking
T000000000559,C00000793,A000000766,2025-12-29 12:38:13,direct_debit,mobile,56.12,GBP,completed,restaurant,payments
T000000000560,C00000852,A000000197,2026-04-13 16:57:37,direct_debit,api,55.82,GBP,completed,utilities,payments
T000000000561,C00000537,A000000690,2026-05-02 01:51:22,purchase,mobile,11.53,GBP,completed,restaurant,payments
T000000000562,C00000044,A000000170,2026-09-04 18:19:11,transfer,api,86.16,GBP,completed,grocery,core_banking
T000000000563,C00000494,A000001142,2025-07-28 04:49:47,direct_debit,branch,62.94,GBP,completed,travel,cards
T000000000564,C00000182,A000000150,2025-07-13 07:04:18,purchase,api,30.19,GBP,completed,utilities,core_banking
T000000000565,C00000890,A000000135,2026-09-12 09:59:32,transfer,web,25.41,GBP,completed,utilities,cards
T000000000566,C00000237,A000000925,2026-09-23 12:07:04,purchase,atm,15.16,GBP,completed,other,core_banking
T000000000567,C00000229,A000000320,2025-04-25 21:59:03,purchase,branch,36.66,GBP,completed,utilities,payments
T000000000568,C00000250,A000000510,2025-08-30 05:21:06,direct_debit,web,163.71,GBP,completed,retail,mobile
T000000000569,C00000643,A000000456,2026-08-29 06:08:25,purchase,web,98.96,GBP,failed,utilities,core_banking
T000000000570,C00000572,A000000315,2025-05-08 09:05:39,direct_debit,mobile,22.9,EUR,completed,grocery,payments
T000000000571,C00000949,A000001105,2026-05-16 20:34:28,transfer,mobile,52.75,USD,completed,retail,payments
T000000000572,C00000417,A000001004,2025-03-13 23:09:47,transfer,api,9.43,GBP,completed,grocery,cards
T000000000573,C00000283,A000000347,2025-04-24 10:54:28,purchase,mobile,64.49,GBP,completed,grocery,cards
T000000000574,C00000050,A000000996,2026-05-17 16:38:07,purchase,atm,12.52,GBP,completed,retail,core_banking
T000000000575,C00000008,A000001035,2026-01-24 22:00:51,direct_debit,web,61.85,EUR,completed,grocery,core_banking
T000000000576,C00000374,A000000782,2025-12-21 20:19:07,transfer,mobile,676.9,GBP,completed,travel,core_banking
T000000000577,C00000926,A000000839,2026-07-02 16:21:01,cash_withdrawal,api,16.47,GBP,failed,other,payments
T000000000578,C00000524,A000001356,2025-07-16 12:58:27,purchase,mobile,644.8,USD,completed,other,core_banking
T000000000579,C00000894,A000000659,2025-11-18 23:37:27,purchase,web,50.16,GBP,completed,utilities,cards
T000000000580,C00000102,A000000559,2026-01-24 05:44:13,purchase,web,13.64,USD,completed,other,payments
T000000000581,C00000094,A000000782,2026-04-18 08:42:22,cash_withdrawal,mobile,13.0,GBP,completed,grocery,payments
T000000000582,C00000834,A000001213,2025-08-01 17:06:32,purchase,mobile,358.96,GBP,completed,other,core_banking
T000000000583,C00000107,A000001029,2026-02-09 00:30:05,transfer,branch,50.28,USD,completed,retail,payments
T000000000584,C00000052,A000000109,2025-10-14 12:00:49,transfer,mobile,16.54,GBP,pending,retail,core_banking
T000000000585,C00000405,A000000666,2025-12-13 20:30:23,purchase,atm,24.2,GBP,completed,restaurant,payments
T000000000586,C00000925,A000001073,2026-07-06 04:14:39,transfer,branch,47.1,GBP,completed,retail,core_banking
T000000000587,C00000690,A000000325,2025-09-09 19:16:28,transfer,mobile,29.69,GBP,completed,utilities,core_banking
T000000000588,C00000100,A000001434,2026-03-03 09:53:53,refund,mobile,43.09,GBP,completed,travel,mobile
T000000000589,C00000838,A000001172,2026-08-25 20:39:08,purchase,mobile,192.92,GBP,failed,utilities,core_banking
T000000000590,C00000844,A000001228,2026-05-03 15:14:10,transfer,atm,9.17,GBP,completed,grocery,core_banking
T000000000591,C00000801,A000000119,2026-09-24 03:46:19,purchase,web,58.96,GBP,completed,travel,core_banking
T000000000592,C00000903,A000000841,2026-01-08 17:38:52,direct_debit,mobile,27.76,GBP,completed,utilities,core_banking
T000000000593,C00000240,A000000766,2025-06-30 01:20:51,transfer,web,17.74,USD,completed,other,payments
T000000000594,C00000980,A000000909,2026-09-26 05:50:14,purchase,web,92.37,EUR,completed,travel,core_banking
T000000000595,C00000321,A000001233,2026-02-16 21:19:17,direct_debit,branch,6.46,GBP,completed,utilities,core_banking
T000000000596,C00000803,A000000513,2025-06-04 21:01:26,transfer,mobile,2.5,USD,failed,grocery,payments
T000000000597,C00000580,A000000775,2025-07-22 01:06:43,purchase,mobile,37.93,GBP,completed,utilities,core_banking
T000000000598,C00000780,A000000986,2025-06-17 09:06:33,transfer,mobile,25.92,GBP,completed,other,core_banking
T000000000599,C00000628,A000001093,2026-06-17 02:15:33,purchase,branch,7.24,GBP,completed,retail,core_banking
T000000000600,C00000643,A000001118,2025-03-01 06:30:26,direct_debit,branch,4.97,EUR,completed,restaurant,payments
T000000000601,C00000617,A000000489,2026-04-18 23:13:08,cash_withdrawal,mobile,227.5,GBP,completed,retail,cards
T000000000602,C00000779,A000001448,2025-12-21 04:40:58,cash_withdrawal,mobile,48.72,GBP,completed,other,cards
T000000000603,C00000740,A000000014,2025-02-16 15:23:41,direct_debit,branch,30.59,USD,reversed,utilities,cards
T000000000604,C00000135,A000000715,2026-01-27 19:18:00,direct_debit,mobile,300.37,GBP,completed,travel,cards
T000000000605,C00000827,A000000883,2026-04-27 21:08:36,purchase,web,87.63,GBP,completed,travel,payments
T000000000606,C00000537,A000000089,2026-04-09 08:29:59,purchase,web,192.05,GBP,completed,other,mobile
T000000000607,C00000324,A000000655,2025-12-04 16:43:29,purchase,mobile,8.68,GBP,completed,retail,cards
T000000000608,C00000515,A000000864,2025-08-03 11:36:05,direct_debit,web,8.35,GBP,completed,retail,payments
T000000000609,C00000967,A000000882,2025-04-15 02:34:33,refund,mobile,57.28,GBP,completed,utilities,core_banking
T000000000610,C00000858,A000000173,2025-01-08 05:20:51,cash_withdrawal,web,46.3,GBP,completed,grocery,cards
T000000000611,C00000834,A000000403,2025-08-18 17:57:21,purchase,mobile,111.29,GBP,completed,travel,cards
T000000000612,C00000463,A000000355,2026-02-08 16:27:58,purchase,web,5.41,USD,failed,retail,core_banking
T000000000613,C00000785,A000000928,2025-01-25 12:30:22,direct_debit,web,62.73,GBP,completed,travel,core_banking
T000000000614,C00000386,A000000477,2026-10-01 18:44:41,purchase,mobile,84.67,GBP,completed,utilities,core_banking
T000000000615,C00000687,A000000829,2026-01-10 16:35:24,transfer,branch,80.08,GBP,failed,retail,core_banking
T000000000616,C00000640,A000001060,2025-07-08 08:08:46,purchase,atm,19.55,EUR,completed,retail,payments
T000000000617,C00000250,A000001157,2026-09-07 07:03:17,purchase,api,51.65,USD,completed,restaurant,core_banking
T000000000618,C00000267,A000000267,2025-04-28 22:40:54,transfer,mobile,13.27,GBP,completed,restaurant,cards
T000000000619,C00000062,A000001311,2026-09-04 23:19:26,refund,mobile,22.03,GBP,completed,travel,core_banking
T000000000620,C00000140,A000000241,2025-06-30 00:44:04,cash_withdrawal,mobile,10.02,GBP,completed,retail,cards
T000000000621,C00000434,A000000032,2025-08-31 18:58:41,transfer,api,13.51,GBP,completed,utilities,core_banking
T000000000622,C00000478,A000000066,2025-09-29 03:11:26,purchase,web,23.27,GBP,completed,other,core_banking
T000000000623,C00000166,A000000292,2026-09-28 20:40:10,direct_debit,mobile,17.89,GBP,completed,utilities,cards
T000000000624,C00000417,A000001267,2025-06-10 14:07:51,transfer,atm,13.51,GBP,completed,grocery,core_banking
T000000000625,C00000605,A000000302,2026-09-14 16:30:23,transfer,mobile,7.66,GBP,completed,utilities,core_banking
T000000000626,C00000233,A000001006,2025-08-10 16:50:01,transfer,web,234.9,GBP,completed,restaurant,cards
T000000000627,C00000339,A000000607,2025-07-02 14:31:05,purchase,web,17.71,GBP,completed,other,mobile
T000000000628,C00000368,A000000058,2026-02-12 06:00:59,purchase,branch,42.37,EUR,completed,other,cards
T000000000629,C00000506,A000000645,2026-03-20 19:22:21,direct_debit,atm,4.73,GBP,completed,restaurant,cards
T000000000630,C00000367,A000000042,2025-08-09 13:17:51,transfer,mobile,124.65,GBP,completed,utilities,cards
T000000000631,C00000737,A000000691,2025-03-27 13:04:52,purchase,branch,35.71,GBP,completed,travel,cards
T000000000632,C00000328,A000000811,2025-09-11 07:38:28,purchase,web,18.8,GBP,completed,other,cards
T000000000633,C00000434,A000000756,2025-12-12 00:14:27,refund,mobile,18.97,GBP,completed,retail,cards
T000000000634,C00000380,A000000410,2025-01-26 13:17:53,transfer,api,74.66,GBP,completed,restaurant,cards
T000000000635,C00000183,A000001112,2025-02-20 08:16:55,transfer,atm,1.35,GBP,completed,restaurant,payments
T000000000636,C00000686,A000000866,2026-08-10 15:49:25,purchase,api,12.61,EUR,completed,grocery,core_banking
T000000000637,C00000236,A000000370,2025-01-23 08:44:54,refund,branch,26.44,GBP,completed,retail,core_banking
T000000000638,C00000297,A000000631,2025-09-18 23:20:50,direct_debit,mobile,26.12,EUR,completed,restaurant,cards
T000000000639,C00000793,A000000158,2026-05-04 16:20:27,transfer,web,415.96,GBP,completed,retail,payments
T000000000640,C00000949,A000001339,2025-07-29 10:56:12,purchase,web,21.02,GBP,completed,utilities,payments
T000000000641,C00000671,A000001092,2025-11-13 16:59:48,cash_withdrawal,mobile,84.75,GBP,completed,utilities,core_banking
T000000000642,C00000917,A000000418,2025-02-25 15:33:25,direct_debit,web,200.79,USD,completed,grocery,cards
T000000000643,C00000855,A000000979,2026-05-23 14:53:34,cash_withdrawal,mobile,60.59,GBP,completed,travel,mobile
T000000000644,C00000481,A000000985,2026-02-10 13:52:22,refund,mobile,14.77,GBP,completed,retail,core_banking
T000000000645,C00000771,A000000885,2026-06-29 22:21:54,transfer,atm,7.78,GBP,completed,retail,cards
T000000000646,C00000329,A000000079,2026-07-06 07:37:16,purchase,mobile,65.54,GBP,completed,grocery,core_banking
T000000000647,C00000461,A000001274,2025-08-13 10:22:34,transfer,web,168.56,GBP,completed,grocery,payments
T000000000648,C00000536,A000001386,2025-01-27 06:04:24,direct_debit,atm,53.16,GBP,completed,travel,core_banking
T000000000649,C00000961,A000001413,2025-08-10 13:40:05,purchase,web,109.41,GBP,completed,other,payments
T000000000650,C00000849,A000001423,2025-04-03 23:42:32,purchase,mobile,455.57,GBP,completed,other,core_banking
T000000000651,C00000490,A000001347,2025-12-07 14:36:03,cash_withdrawal,branch,72.19,GBP,completed,other,core_banking
T000000000652,C00000653,A000001072,2025-04-04 04:57:52,purchase,atm,9.43,EUR,completed,other,core_banking
T000000000653,C00000203,A000000083,2026-08-13 22:06:58,direct_debit,atm,31.61,EUR,completed,other,core_banking
T000000000654,C00000805,A000000675,2026-01-20 18:57:59,purchase,mobile,126.31,USD,failed,restaurant,payments
T000000000655,C00000554,A000000356,2025-06-11 10:33:47,purchase,mobile,23.08,GBP,reversed,grocery,core_banking
T000000000656,C00000533,A000000319,2026-08-12 03:31:05,purchase,web,145.62,GBP,completed,retail,core_banking
T000000000657,C00000767,A000001205,2026-05-07 09:39:49,cash_withdrawal,mobile,27.93,GBP,completed,restaurant,payments
T000000000658,C00000633,A000001179,2025-10-07 19:18:15,cash_withdrawal,atm,42.57,GBP,completed,retail,core_banking
T000000000659,C00000073,A000000757,2025-04-04 13:51:02,transfer,branch,20.73,GBP,completed,travel,cards
T000000000660,C00000289,A000001068,2025-08-08 04:27:26,transfer,atm,35.43,GBP,completed,grocery,core_banking
T000000000661,C00000177,A000000188,2026-01-09 03:48:18,purchase,api,37.45,GBP,completed,retail,mobile
T000000000662,C00000735,A000000322,2026-05-05 23:12:42,cash_withdrawal,web,5.53,EUR,completed,retail,cards
T000000000663,C00000036,A000001248,2025-06-17 10:44:00,refund,api,18.85,GBP,completed,restaurant,core_banking
T000000000664,C00000203,A000000655,2026-04-20 16:27:49,cash_withdrawal,branch,8.21,USD,completed,restaurant,cards
T000000000665,C00000598,A000000793,2025-06-30 08:39:19,purchase,mobile,19.54,GBP,completed,grocery,core_banking
T000000000666,C00000695,A000000672,2025-06-07 02:09:46,transfer,atm,13.0,USD,completed,utilities,core_banking
T000000000667,C00000504,A000000294,2025-10-13 09:53:11,purchase,branch,86.7,GBP,completed,other,core_banking
T000000000668,C00000861,A000001199,2025-04-13 16:38:10,purchase,api,87.76,GBP,completed,retail,cards
T000000000669,C00000919,A000001100,2025-09-16 08:00:00,purchase,mobile,53.96,GBP,completed,other,cards
T000000000670,C00000133,A000000992,2025-08-17 14:29:12,purchase,mobile,7.92,GBP,completed,grocery,core_banking
T000000000671,C00000953,A000000513,2025-06-28 10:30:51,purchase,atm,27.03,EUR,completed,travel,payments
T000000000672,C00000615,A000000933,2026-05-11 08:06:03,direct_debit,mobile,7.28,GBP,completed,other,core_banking
T000000000673,C00000637,A000001383,2025-07-31 06:07:13,purchase,branch,25.67,EUR,failed,restaurant,payments
T000000000674,C00000096,A000000943,2026-03-21 06:15:27,cash_withdrawal,web,59.13,GBP,failed,travel,core_banking
T000000000675,C00000622,A000000717,2026-04-06 06:08:13,refund,mobile,84.92,USD,completed,other,core_banking
T000000000676,C00000726,A000000393,2026-03-02 17:15:00,transfer,mobile,49.23,GBP,completed,retail,cards
T000000000677,C00000581,A000000759,2025-06-22 08:05:45,transfer,atm,112.32,GBP,completed,restaurant,cards
T000000000678,C00000085,A000000539,2026-06-15 17:47:33,cash_withdrawal,mobile,39.36,EUR,failed,travel,payments
T000000000679,C00000524,A000000887,2025-06-01 07:27:55,purchase,atm,23.45,GBP,completed,retail,cards
T000000000680,C00000936,A000000067,2025-06-27 07:51:10,purchase,atm,74.99,GBP,completed,travel,payments
T000000000681,C00000724,A000000276,2026-07-14 22:10:53,transfer,branch,77.62,GBP,completed,retail,mobile
T000000000682,C00000138,A000001142,2025-08-06 21:01:46,direct_debit,web,17.28,GBP,completed,utilities,mobile
T000000000683,C00000960,A000000553,2026-03-22 09:37:00,direct_debit,mobile,44.61,EUR,completed,restaurant,core_banking
T000000000684,C00000959,A000000628,2025-01-28 06:27:06,direct_debit,atm,22.0,GBP,completed,utilities,core_banking
T000000000685,C00000170,A000000789,2026-01-28 17:10:30,cash_withdrawal,mobile,3.64,EUR,completed,grocery,payments
T000000000686,C00000801,A000000636,2026-07-10 01:40:36,transfer,mobile,47.57,USD,completed,utilities,core_banking
T000000000687,C00000407,A000001101,2026-03-29 10:57:17,direct_debit,api,7.7,GBP,completed,retail,payments
T000000000688,C00000594,A000000356,2026-01-08 14:23:48,direct_debit,mobile,42.29,GBP,completed,grocery,core_banking
T000000000689,C00000446,A000001100,2026-06-27 16:13:07,transfer,mobile,5.98,GBP,completed,travel,payments
T000000000690,C00000783,A000000304,2025-07-10 02:34:10,refund,api,14.07,USD,completed,other,core_banking
T000000000691,C00000997,A000000538,2025-08-29 00:04:18,direct_debit,mobile,19.01,GBP,completed,retail,payments
T000000000692,C00000796,A000000853,2025-02-14 06:38:23,transfer,mobile,105.83,GBP,failed,restaurant,cards
T000000000693,C00000932,A000001285,2026-03-23 02:51:42,purchase,web,17.11,USD,completed,travel,core_banking
T000000000694,C00000947,A000000338,2026-04-08 12:10:20,purchase,atm,9.69,GBP,completed,other,cards
T000000000695,C00000091,A000000852,2026-04-26 22:04:05,cash_withdrawal,api,43.93,GBP,failed,restaurant,cards
T000000000696,C00000254,A000000094,2026-04-24 06:52:21,purchase,atm,23.86,GBP,completed,grocery,payments
T000000000697,C00000722,A000000110,2025-03-23 10:53:20,transfer,api,68.72,EUR,pending,restaurant,cards
T000000000698,C00000591,A000001113,2026-03-02 05:09:35,transfer,mobile,10.36,GBP,completed,other,cards
T000000000699,C00000051,A000001043,2026-05-03 01:03:19,direct_debit,branch,37.39,GBP,completed,other,core_banking
T000000000700,C00000096,A000000546,2025-05-11 16:52:35,direct_debit,mobile,400.63,GBP,completed,restaurant,payments
T000000000701,C00000521,A000000904,2025-11-01 06:09:12,cash_withdrawal,api,23.31,USD,completed,restaurant,core_banking
T000000000702,C00000617,A000000552,2026-08-07 13:07:40,purchase,api,36.45,GBP,completed,utilities,mobile
T000000000703,C00000168,A000000403,2025-09-23 16:23:39,purchase,mobile,5.24,GBP,completed,grocery,cards
T000000000704,C00000172,A000000626,2026-04-27 20:09:15,transfer,atm,12.24,USD,pending,grocery,payments
T000000000705,C00000130,A000000453,2025-12-05 04:27:13,purchase,branch,48.56,GBP,completed,travel,payments
T000000000706,C00000565,A000001182,2026-02-25 13:56:59,transfer,mobile,21.19,GBP,completed,travel,core_banking
T000000000707,C00000008,A000000597,2026-02-05 21:51:30,refund,web,57.12,USD,completed,other,core_banking
T000000000708,C00000573,A000000466,2026-02-20 11:36:09,transfer,api,46.81,GBP,completed,other,core_banking
T000000000709,C00000476,A000000778,2026-05-14 00:58:28,transfer,mobile,7.51,EUR,completed,travel,core_banking
T000000000710,C00000466,A000001100,2026-08-01 06:16:12,transfer,mobile,87.01,EUR,completed,retail,core_banking
T000000000711,C00000680,A000000397,2025-07-08 19:04:25,direct_debit,api,8.13,GBP,completed,restaurant,payments
T000000000712,C00000523,A000001363,2026-08-17 19:00:34,purchase,web,13.42,GBP,completed,restaurant,cards
T000000000713,C00000728,A000000673,2026-02-06 07:32:52,transfer,web,38.13,EUR,completed,other,cards
T000000000714,C00000764,A000000959,2026-01-16 04:43:29,purchase,branch,155.3,GBP,completed,restaurant,cards
T000000000715,C00000921,A000001389,2025-07-29 07:00:09,transfer,web,10.44,GBP,pending,restaurant,core_banking
T000000000716,C00000800,A000000626,2025-09-24 05:48:48,purchase,mobile,34.99,GBP,completed,restaurant,core_banking
T000000000717,C00000518,A000000290,2026-02-21 17:46:59,transfer,mobile,35.3,GBP,completed,other,core_banking
T000000000718,C00000493,A000001085,2025-08-21 20:11:53,cash_withdrawal,atm,59.75,GBP,completed,retail,payments
T000000000719,C00000236,A000000010,2025-07-03 01:07:06,purchase,web,103.88,GBP,completed,travel,payments
T000000000720,C00000600,A000000664,2026-06-08 17:47:19,transfer,branch,19.6,EUR,completed,other,core_banking
T000000000721,C00000140,A000001421,2025-09-23 18:03:32,purchase,atm,86.7,GBP,pending,grocery,payments
T000000000722,C00000932,A000000601,2026-02-16 14:42:32,purchase,mobile,121.13,GBP,completed,travel,cards
T000000000723,C00000846,A000000992,2025-01-20 20:54:39,purchase,atm,195.03,GBP,completed,grocery,core_banking
T000000000724,C00000120,A000000762,2025-02-19 00:56:02,purchase,atm,50.76,GBP,completed,other,core_banking
T000000000725,C00000786,A000000312,2026-06-26 16:47:38,refund,api,35.35,GBP,completed,other,core_banking
T000000000726,C00000118,A000000461,2025-04-01 03:03:15,refund,mobile,18.2,GBP,completed,retail,payments
T000000000727,C00000722,A000000760,2026-05-24 21:31:41,cash_withdrawal,mobile,6.48,GBP,failed,grocery,payments
T000000000728,C00000088,A000000152,2026-07-30 11:59:56,transfer,branch,22.38,GBP,reversed,travel,cards
T000000000729,C00000489,A000000602,2025-11-04 02:10:50,cash_withdrawal,api,33.72,GBP,completed,utilities,core_banking
T000000000730,C00000658,A000000602,2026-07-20 17:54:43,direct_debit,api,26.71,EUR,completed,retail,core_banking
T000000000731,C00000729,A000001211,2025-09-30 17:58:52,transfer,web,56.13,GBP,completed,restaurant,core_banking
T000000000732,C00000419,A000000180,2026-09-01 11:08:18,purchase,web,6.51,GBP,completed,restaurant,core_banking
T000000000733,C00000922,A000001222,2025-06-01 07:27:00,cash_withdrawal,mobile,24.75,GBP,completed,retail,cards
T000000000734,C00000775,A000000596,2025-10-01 00:24:54,refund,branch,243.35,GBP,completed,utilities,core_banking
T000000000735,C00000209,A000000945,2025-09-06 21:47:28,purchase,atm,85.23,USD,completed,grocery,core_banking
T000000000736,C00000672,A000000808,2026-05-17 04:25:20,transfer,atm,57.23,GBP,failed,grocery,cards
T000000000737,C00000731,A000000435,2025-01-28 20:13:28,purchase,mobile,45.16,USD,completed,retail,core_banking
T000000000738,C00000334,A000001350,2026-06-14 14:07:49,purchase,api,20.42,GBP,completed,grocery,payments
T000000000739,C00000739,A000000326,2025-01-15 16:26:41,cash_withdrawal,mobile,4.75,GBP,completed,grocery,payments
T000000000740,C00000899,A000000053,2025-07-21 16:39:40,purchase,web,48.42,GBP,completed,restaurant,cards
T000000000741,C00000818,A000001088,2026-01-16 20:35:39,refund,web,2.29,GBP,completed,grocery,mobile
T000000000742,C00000763,A000000902,2025-04-03 00:48:08,cash_withdrawal,web,21.29,GBP,completed,travel,cards
T000000000743,C00000635,A000001292,2025-11-10 23:47:18,purchase,atm,29.85,GBP,completed,restaurant,payments
T000000000744,C00000271,A000000664,2026-09-30 01:02:23,direct_debit,web,18.74,GBP,completed,travel,cards
T000000000745,C00000796,A000000025,2026-06-11 23:58:39,cash_withdrawal,mobile,292.94,GBP,completed,travel,payments
T000000000746,C00000365,A000000030,2025-01-20 06:16:17,transfer,mobile,203.48,GBP,reversed,restaurant,core_banking
T000000000747,C00000533,A000000629,2026-01-14 20:18:01,transfer,web,88.63,GBP,completed,grocery,core_banking
T000000000748,C00000315,A000000362,2026-01-17 02:00:14,direct_debit,branch,11.34,GBP,completed,travel,core_banking
T000000000749,C00000314,A000001338,2025-02-13 11:03:43,purchase,web,225.31,EUR,completed,utilities,cards
T000000000750,C00000158,A000000172,2026-02-20 13:00:24,purchase,mobile,57.39,GBP,completed,grocery,core_banking
T000000000751,C00000962,A000001278,2025-11-29 22:54:13,purchase,mobile,11.14,EUR,pending,utilities,mobile
T000000000752,C00000148,A000000315,2026-03-12 02:58:07,purchase,atm,31.01,GBP,completed,retail,cards
T000000000753,C00000087,A000000174,2025-07-10 00:52:31,transfer,web,81.98,GBP,completed,travel,core_banking
T000000000754,C00000937,A000000399,2025-06-13 15:33:26,purchase,web,15.98,EUR,completed,utilities,cards
T000000000755,C00000556,A000000210,2026-04-16 01:10:54,transfer,web,34.73,USD,completed,grocery,payments
T000000000756,C00000438,A000000582,2026-04-07 18:39:12,transfer,mobile,41.78,USD,completed,utilities,payments
T000000000757,C00000738,A000000480,2025-04-14 00:55:11,direct_debit,mobile,9.43,GBP,completed,retail,cards
T000000000758,C00000384,A000000768,2025-05-19 23:17:32,transfer,mobile,22.57,GBP,completed,grocery,core_banking
T000000000759,C00000128,A000000779,2026-01-10 12:47:06,direct_debit,branch,10.21,GBP,completed,restaurant,payments
T000000000760,C00000730,A000000002,2026-06-14 22:45:42,direct_debit,mobile,74.6,EUR,completed,retail,mobile
T000000000761,C00000176,A000000182,2025-05-09 03:02:22,purchase,mobile,11.55,GBP,completed,grocery,payments
T000000000762,C00000553,A000000235,2025-05-21 06:33:38,transfer,api,40.71,GBP,completed,retail,payments
T000000000763,C00000950,A000000283,2026-06-01 10:55:01,purchase,web,6.96,GBP,completed,restaurant,core_banking
T000000000764,C00000937,A000000136,2026-03-22 00:42:20,direct_debit,web,9.11,GBP,completed,retail,mobile
T000000000765,C00000361,A000000457,2026-07-31 02:28:12,transfer,web,8.66,GBP,completed,retail,core_banking
T000000000766,C00000781,A000000798,2026-05-16 07:54:21,purchase,mobile,22.11,GBP,completed,grocery,core_banking
T000000000767,C00000613,A000000448,2026-09-02 17:41:20,purchase,mobile,36.21,GBP,completed,grocery,cards
T000000000768,C00000480,A000000478,2025-05-01 17:00:12,purchase,atm,43.95,GBP,completed,travel,cards
T000000000769,C00000140,A000000681,2025-06-23 02:05:00,direct_debit,web,4.66,GBP,completed,travel,payments
T000000000770,C00000377,A000000796,2025-06-02 01:26:06,direct_debit,branch,25.1,GBP,completed,utilities,cards
T000000000771,C00000652,A000000480,2025-02-05 15:44:40,purchase,api,13.62,GBP,completed,retail,core_banking
T000000000772,C00000987,A000000322,2026-05-13 08:37:59,purchase,mobile,52.5,USD,completed,grocery,cards
T000000000773,C00000005,A000000594,2026-02-27 19:00:39,purchase,branch,22.62,GBP,completed,utilities,payments
T000000000774,C00000718,A000000036,2025-02-24 07:09:10,transfer,mobile,27.53,EUR,completed,other,payments
T000000000775,C00000847,A000000715,2025-05-07 08:42:28,purchase,web,13.71,GBP,completed,other,core_banking
T000000000776,C00000952,A000001365,2025-05-02 05:15:51,purchase,atm,183.26,GBP,completed,other,core_banking
T000000000777,C00000424,A000000578,2025-09-15 06:23:45,direct_debit,mobile,7.79,USD,completed,retail,core_banking
T000000000778,C00000119,A000000158,2025-10-19 16:56:49,transfer,api,19.69,GBP,completed,retail,payments
T000000000779,C00000271,A000001026,2025-07-04 11:18:34,cash_withdrawal,web,33.55,GBP,completed,grocery,cards
T000000000780,C00000851,A000000184,2026-08-18 15:49:05,transfer,web,23.01,USD,completed,restaurant,cards
T000000000781,C00000878,A000000281,2025-05-16 01:53:15,transfer,mobile,13.44,GBP,completed,retail,core_banking
T000000000782,C00000638,A000000213,2025-12-26 12:51:06,transfer,web,4.47,GBP,completed,utilities,payments
T000000000783,C00000123,A000001282,2025-10-07 11:00:26,purchase,web,14.5,USD,completed,travel,payments
T000000000784,C00000122,A000001423,2025-09-05 21:51:30,purchase,mobile,10.94,GBP,completed,travel,cards
T000000000785,C00000479,A000000826,2026-06-12 10:09:48,refund,web,174.72,GBP,completed,restaurant,core_banking
T000000000786,C00000589,A000000896,2026-09-18 02:28:31,direct_debit,mobile,323.09,EUR,completed,retail,cards
T000000000787,C00000033,A000000936,2025-01-04 16:43:55,cash_withdrawal,api,28.41,EUR,completed,utilities,payments
T000000000788,C00000687,A000000885,2025-10-24 03:35:33,purchase,mobile,6.86,GBP,completed,other,cards
T000000000789,C00000545,A000000789,2025-03-18 21:49:03,purchase,web,65.04,GBP,completed,travel,payments
T000000000790,C00000013,A000001431,2025-10-05 09:12:10,purchase,atm,10.7,EUR,completed,grocery,core_banking
T000000000791,C00000096,A000001064,2026-01-30 18:49:43,direct_debit,branch,16.83,EUR,completed,restaurant,core_banking
T000000000792,C00000455,A000000129,2025-09-21 15:44:28,direct_debit,api,15.48,GBP,completed,utilities,core_banking
T000000000793,C00000723,A000000569,2025-07-17 11:09:24,transfer,api,17.72,GBP,failed,retail,core_banking
T000000000794,C00000826,A000001414,2025-07-19 14:01:04,refund,mobile,20.65,GBP,completed,utilities,core_banking
T000000000795,C00000432,A000000586,2025-07-11 04:23:06,purchase,web,7.54,GBP,completed,other,cards
T000000000796,C00000296,A000000296,2025-07-28 01:46:37,transfer,branch,14.34,EUR,completed,travel,core_banking
T000000000797,C00000969,A000001260,2025-08-27 18:23:28,purchase,mobile,87.44,USD,completed,restaurant,payments
T000000000798,C00000459,A000000904,2026-03-16 23:00:07,purchase,branch,28.93,GBP,completed,utilities,core_banking
T000000000799,C00000316,A000000816,2025-03-03 20:41:09,refund,mobile,34.18,USD,completed,restaurant,core_banking
T000000000800,C00000443,A000000610,2025-01-27 07:19:17,direct_debit,api,2.88,EUR,completed,other,core_banking
T000000000801,C00000013,A000000181,2025-11-27 08:35:33,purchase,branch,81.06,GBP,completed,grocery,core_banking
T000000000802,C00000302,A000000557,2026-03-12 08:36:55,purchase,web,14.59,USD,completed,grocery,payments
T000000000803,C00000516,A000000635,2025-06-15 16:51:40,transfer,web,97.53,GBP,completed,grocery,cards
T000000000804,C00000919,A000001351,2025-05-09 14:58:01,purchase,api,35.23,USD,completed,travel,cards
T000000000805,C00000739,A000000446,2026-02-04 19:06:55,transfer,atm,16.61,GBP,completed,retail,payments
T000000000806,C00000782,A000000217,2025-09-03 22:41:02,transfer,atm,5.15,GBP,completed,travel,core_banking
T000000000807,C00000545,A000000620,2026-04-16 09:25:01,purchase,atm,294.0,GBP,completed,restaurant,cards
T000000000808,C00000111,A000001446,2025-04-04 15:54:16,purchase,mobile,69.64,GBP,completed,restaurant,core_banking
T000000000809,C00000391,A000000700,2025-03-19 12:00:36,purchase,mobile,74.16,GBP,failed,retail,core_banking
T000000000810,C00000998,A000000550,2025-12-20 22:54:52,direct_debit,mobile,202.3,GBP,completed,utilities,core_banking
T000000000811,C00000045,A000000967,2025-09-08 08:29:46,purchase,branch,37.91,GBP,completed,travel,payments
T000000000812,C00000880,A000000941,2026-04-12 04:30:07,transfer,branch,123.97,GBP,completed,utilities,payments
T000000000813,C00000685,A000000434,2025-11-20 09:05:31,purchase,mobile,18.13,GBP,completed,travel,core_banking
T000000000814,C00000284,A000001404,2025-08-15 14:51:05,cash_withdrawal,api,65.0,GBP,completed,restaurant,core_banking
T000000000815,C00000778,A000000860,2025-04-13 22:52:50,purchase,mobile,15.46,GBP,completed,travel,payments
T000000000816,C00000837,A000000084,2025-04-15 19:53:35,purchase,atm,17.65,USD,completed,other,payments
T000000000817,C00000044,A000000591,2026-04-28 00:26:26,cash_withdrawal,web,33.18,GBP,completed,other,payments
T000000000818,C00000107,A000001339,2025-05-25 12:12:59,cash_withdrawal,web,7.92,GBP,completed,travel,core_banking
T000000000819,C00000666,A000000571,2025-11-18 03:49:08,purchase,mobile,42.35,GBP,completed,utilities,core_banking
T000000000820,C00001000,A000000824,2026-06-07 08:41:31,purchase,branch,21.59,GBP,completed,restaurant,payments
T000000000821,C00000024,A000000889,2026-07-28 22:39:16,refund,atm,3.72,GBP,reversed,other,core_banking
T000000000822,C00000666,A000001022,2025-06-21 23:38:03,purchase,mobile,18.53,GBP,completed,retail,cards
T000000000823,C00000137,A000001265,2025-03-12 03:41:17,purchase,web,20.86,GBP,completed,utilities,core_banking
T000000000824,C00000651,A000000217,2026-05-11 03:23:01,purchase,web,73.37,GBP,completed,grocery,cards
T000000000825,C00000624,A000000750,2026-03-16 16:42:41,purchase,web,40.43,EUR,pending,travel,cards
T000000000826,C00000091,A000000774,2025-07-31 09:51:44,transfer,branch,136.98,GBP,failed,travel,core_banking
T000000000827,C00000681,A000000221,2026-01-15 10:23:16,cash_withdrawal,web,51.73,GBP,completed,travel,core_banking
T000000000828,C00000898,A000000977,2025-05-01 20:57:39,transfer,atm,16.75,GBP,completed,retail,core_banking
T000000000829,C00000864,A000000172,2026-03-24 22:05:39,transfer,branch,28.18,GBP,reversed,restaurant,payments
T000000000830,C00000029,A000000662,2026-04-10 21:36:41,purchase,mobile,20.79,USD,completed,other,mobile
T000000000831,C00000246,A000000479,2025-07-11 18:47:29,cash_withdrawal,atm,50.02,GBP,completed,utilities,core_banking
T000000000832,C00000241,A000000225,2025-10-27 23:31:45,purchase,mobile,31.91,GBP,completed,retail,core_banking
T000000000833,C00000454,A000001193,2025-08-02 17:16:36,purchase,api,15.49,GBP,completed,restaurant,payments
T000000000834,C00000144,A000000354,2025-01-20 21:14:10,transfer,web,30.24,GBP,completed,utilities,payments
T000000000835,C00000855,A000000371,2025-03-23 12:58:08,purchase,mobile,48.63,GBP,completed,retail,payments
T000000000836,C00000777,A000001239,2026-09-06 01:13:22,purchase,atm,10.42,GBP,completed,grocery,core_banking
T000000000837,C00000809,A000001273,2025-10-19 19:35:42,purchase,mobile,41.8,GBP,completed,utilities,core_banking
T000000000838,C00000199,A000000050,2025-04-05 22:18:51,cash_withdrawal,atm,5.71,GBP,completed,grocery,mobile
T000000000839,C00000015,A000000403,2025-01-29 07:29:44,purchase,api,95.66,GBP,completed,utilities,cards
T000000000840,C00000911,A000001028,2025-08-14 10:16:33,cash_withdrawal,branch,52.12,GBP,completed,other,core_banking
T000000000841,C00000289,A000001129,2026-09-21 13:43:50,cash_withdrawal,web,165.79,USD,reversed,restaurant,payments
T000000000842,C00000657,A000001450,2025-09-03 15:38:19,transfer,web,9.28,GBP,completed,other,payments
T000000000843,C00000910,A000000805,2026-10-01 16:11:38,purchase,web,98.51,GBP,completed,retail,core_banking
T000000000844,C00000037,A000000011,2025-11-09 09:27:45,direct_debit,mobile,80.04,GBP,completed,retail,mobile
T000000000845,C00000006,A000001267,2026-05-04 20:30:21,purchase,api,24.75,EUR,completed,utilities,cards
T000000000846,C00000006,A000000234,2026-05-17 19:31:40,direct_debit,mobile,20.18,GBP,completed,travel,core_banking
T000000000847,C00000157,A000000176,2025-01-18 22:36:51,cash_withdrawal,mobile,9.59,GBP,completed,other,core_banking
T000000000848,C00000052,A000000978,2025-01-04 13:49:19,purchase,mobile,7.29,GBP,completed,grocery,cards
T000000000849,C00000820,A000000876,2026-08-13 01:51:32,direct_debit,api,13.62,GBP,completed,other,cards
T000000000850,C00000606,A000000087,2026-08-19 20:17:35,transfer,api,8.02,GBP,completed,other,core_banking
T000000000851,C00000981,A000000246,2025-03-26 01:54:28,transfer,mobile,160.05,GBP,completed,other,cards
T000000000852,C00000802,A000000856,2026-02-17 04:39:01,purchase,mobile,6.19,GBP,completed,grocery,core_banking
T000000000853,C00000964,A000000371,2026-08-14 06:50:39,transfer,atm,35.03,GBP,completed,other,core_banking
T000000000854,C00000239,A000000992,2026-08-31 04:26:22,cash_withdrawal,web,47.35,GBP,completed,travel,mobile
T000000000855,C00000288,A000000598,2025-07-09 17:22:11,direct_debit,api,43.61,GBP,failed,travel,core_banking
T000000000856,C00000850,A000000853,2026-06-07 10:34:08,purchase,api,47.83,GBP,completed,restaurant,payments
T000000000857,C00000245,A000000689,2026-02-18 05:15:49,transfer,atm,80.94,GBP,completed,retail,core_banking
T000000000858,C00000058,A000000530,2026-08-16 00:06:50,transfer,mobile,18.76,EUR,completed,other,core_banking
T000000000859,C00000670,A000000497,2025-04-04 05:11:36,transfer,branch,32.85,GBP,completed,retail,core_banking
T000000000860,C00000801,A000001012,2026-01-20 16:37:42,transfer,api,22.02,GBP,completed,grocery,mobile
T000000000861,C00000969,A000000746,2025-01-16 19:03:46,purchase,web,117.64,GBP,completed,travel,core_banking
T000000000862,C00000928,A000000862,2025-08-17 07:06:19,cash_withdrawal,api,271.74,USD,completed,restaurant,core_banking
T000000000863,C00000121,A000000838,2025-01-08 01:45:28,purchase,web,8.55,GBP,completed,utilities,core_banking
T000000000864,C00000773,A000000302,2025-10-11 13:22:30,purchase,api,3.55,GBP,completed,travel,cards
T000000000865,C00000847,A000001325,2026-06-03 18:47:22,transfer,branch,54.47,GBP,completed,travel,core_banking
T000000000866,C00000699,A000000817,2026-02-25 01:40:48,purchase,mobile,92.19,GBP,completed,restaurant,core_banking
T000000000867,C00000820,A000001042,2025-07-22 19:05:34,purchase,web,233.88,GBP,completed,travel,cards
T000000000868,C00000838,A000001279,2025-09-30 04:05:43,purchase,mobile,65.03,EUR,completed,grocery,payments
T000000000869,C00000447,A000001341,2025-08-23 06:11:23,cash_withdrawal,web,129.74,USD,completed,utilities,payments
T000000000870,C00000041,A000000967,2026-04-13 14:56:55,refund,api,171.24,GBP,completed,other,mobile
T000000000871,C00000457,A000001142,2025-06-20 01:13:58,transfer,mobile,139.49,GBP,completed,travel,core_banking
T000000000872,C00000202,A000000685,2025-02-28 07:20:09,purchase,api,75.58,EUR,completed,restaurant,core_banking
T000000000873,C00000114,A000001070,2025-11-20 03:19:59,direct_debit,mobile,7.8,EUR,completed,retail,core_banking
T000000000874,C00000125,A000000467,2026-06-15 05:09:11,purchase,branch,29.7,GBP,completed,other,payments
T000000000875,C00000698,A000001033,2025-11-01 18:33:41,refund,api,41.06,GBP,completed,utilities,payments
T000000000876,C00000505,A000000125,2025-05-11 05:29:32,transfer,branch,26.98,USD,completed,utilities,cards
T000000000877,C00000540,A000001326,2025-01-30 01:02:38,purchase,api,28.79,GBP,completed,travel,cards
T000000000878,C00000746,A000000355,2026-08-27 05:09:20,transfer,api,155.34,GBP,completed,other,cards
T000000000879,C00000549,A000000953,2026-05-02 02:04:55,purchase,branch,13.54,GBP,completed,grocery,cards
T000000000880,C00000631,A000000017,2025-04-10 14:56:54,cash_withdrawal,atm,69.34,GBP,completed,utilities,core_banking
T000000000881,C00000087,A000000226,2025-02-17 23:20:53,purchase,mobile,41.77,GBP,completed,travel,cards
T000000000882,C00000852,A000001431,2025-03-24 04:01:28,direct_debit,web,12.18,GBP,completed,utilities,core_banking
T000000000883,C00000449,A000001209,2025-08-29 17:29:33,cash_withdrawal,mobile,9.68,USD,completed,other,core_banking
T000000000884,C00000156,A000000323,2026-06-03 08:42:17,direct_debit,atm,5.02,GBP,completed,grocery,core_banking
T000000000885,C00000814,A000000190,2025-04-13 01:43:25,direct_debit,branch,49.89,USD,completed,grocery,mobile
T000000000886,C00000735,A000001182,2026-06-08 16:30:33,purchase,branch,28.04,USD,completed,restaurant,mobile
T000000000887,C00000054,A000001436,2025-01-02 05:02:15,transfer,api,12.59,EUR,completed,restaurant,payments
T000000000888,C00000194,A000000245,2026-04-18 12:19:41,direct_debit,mobile,4.18,GBP,completed,retail,payments
T000000000889,C00000016,A000000963,2025-06-30 12:10:13,purchase,api,47.2,EUR,completed,travel,core_banking
T000000000890,C00000271,A000000412,2026-09-06 14:20:05,purchase,mobile,24.97,GBP,completed,utilities,core_banking
T000000000891,C00000100,A000001080,2025-11-01 03:14:19,purchase,mobile,14.16,GBP,completed,travel,core_banking
T000000000892,C00000710,A000000607,2025-06-22 06:01:18,purchase,branch,10.89,USD,completed,utilities,core_banking
T000000000893,C00000523,A000000182,2025-06-05 17:41:46,direct_debit,mobile,23.32,GBP,completed,retail,payments
T000000000894,C00000981,A000000471,2026-06-13 22:23:06,transfer,branch,49.08,USD,completed,restaurant,core_banking
T000000000895,C00000750,A000000782,2025-09-15 00:16:53,transfer,atm,21.19,GBP,completed,utilities,mobile
T000000000896,C00000612,A000001158,2025-08-13 09:55:59,refund,atm,8.6,GBP,completed,utilities,cards
T000000000897,C00000510,A000000031,2026-04-16 21:09:12,purchase,mobile,28.19,GBP,completed,grocery,core_banking
T000000000898,C00000055,A000001389,2025-12-10 06:53:13,cash_withdrawal,mobile,89.82,GBP,completed,utilities,payments
T000000000899,C00000071,A000000942,2026-03-01 10:44:33,purchase,mobile,31.26,GBP,completed,restaurant,payments
T000000000900,C00000617,A000001270,2025-10-12 21:42:13,purchase,web,32.2,EUR,completed,utilities,cards
T000000000901,C00000005,A000001349,2025-02-10 23:15:18,purchase,mobile,21.29,GBP,completed,utilities,core_banking
T000000000902,C00000043,A000000223,2025-01-04 15:43:37,purchase,mobile,11.77,GBP,completed,utilities,core_banking
T000000000903,C00000220,A000000136,2025-01-25 16:39:33,purchase,atm,11.37,GBP,completed,travel,cards
T000000000904,C00000885,A000001127,2026-01-03 14:44:04,transfer,api,5.23,GBP,completed,retail,payments
T000000000905,C00000459,A000000273,2025-11-25 06:48:25,purchase,atm,103.57,GBP,completed,grocery,core_banking
T000000000906,C00000710,A000000215,2026-04-23 21:16:53,purchase,mobile,48.7,GBP,completed,restaurant,payments
T000000000907,C00000412,A000000680,2026-07-26 00:49:03,transfer,web,32.68,GBP,completed,grocery,core_banking
T000000000908,C00000174,A000001325,2025-04-22 01:24:17,purchase,mobile,40.87,USD,completed,restaurant,mobile
T000000000909,C00000372,A000001154,2026-09-04 14:26:35,direct_debit,web,42.8,GBP,failed,utilities,core_banking
T000000000910,C00000092,A000000751,2026-08-19 20:06:15,direct_debit,web,13.86,GBP,completed,utilities,payments
T000000000911,C00000771,A000000285,2026-01-29 19:32:30,cash_withdrawal,api,21.3,GBP,completed,utilities,core_banking
T000000000912,C00000184,A000000488,2025-12-05 16:16:07,transfer,branch,18.21,GBP,completed,grocery,payments
T000000000913,C00000377,A000000999,2025-04-23 09:01:51,transfer,mobile,418.63,USD,completed,utilities,payments
T000000000914,C00000981,A000000228,2025-04-24 08:38:23,transfer,branch,87.46,GBP,completed,retail,core_banking
T000000000915,C00000592,A000000761,2025-01-12 10:12:56,direct_debit,api,35.74,GBP,failed,restaurant,core_banking
T000000000916,C00000459,A000000018,2026-02-17 06:09:08,refund,mobile,125.75,EUR,completed,other,mobile
T000000000917,C00000544,A000000472,2025-10-04 10:03:33,purchase,atm,110.13,GBP,pending,other,mobile
T000000000918,C00000785,A000000360,2025-05-03 02:30:55,transfer,mobile,7.03,GBP,completed,other,payments
T000000000919,C00000255,A000000988,2025-03-27 07:40:36,direct_debit,mobile,23.71,EUR,completed,restaurant,core_banking
T000000000920,C00000637,A000001326,2025-02-10 22:35:08,purchase,api,29.45,USD,completed,travel,core_banking
T000000000921,C00000873,A000000213,2026-02-14 16:57:58,transfer,mobile,56.95,GBP,completed,travel,core_banking
T000000000922,C00000573,A000001157,2026-03-14 03:24:21,transfer,atm,23.68,GBP,completed,other,payments
T000000000923,C00000447,A000000952,2026-02-08 06:52:14,cash_withdrawal,mobile,27.02,GBP,completed,other,core_banking
T000000000924,C00000146,A000001407,2025-03-12 06:13:35,purchase,branch,18.46,GBP,completed,travel,core_banking
T000000000925,C00000249,A000001322,2025-01-27 06:45:36,purchase,branch,90.14,GBP,completed,utilities,mobile
T000000000926,C00000947,A000000147,2025-03-09 16:35:11,purchase,atm,6.58,GBP,completed,other,payments
T000000000927,C00000542,A000001078,2026-04-26 21:28:48,transfer,atm,19.13,GBP,completed,other,payments
T000000000928,C00000302,A000000859,2026-04-18 17:02:37,direct_debit,branch,4.32,GBP,completed,other,mobile
T000000000929,C00000419,A000000164,2025-07-08 11:43:20,direct_debit,web,10.16,GBP,completed,retail,cards
T000000000930,C00000579,A000000373,2025-02-05 03:51:30,purchase,mobile,41.81,GBP,completed,utilities,core_banking
T000000000931,C00000538,A000001345,2025-07-24 03:25:45,purchase,branch,42.65,GBP,completed,utilities,mobile
T000000000932,C00000700,A000000788,2026-06-02 19:32:20,cash_withdrawal,web,21.57,GBP,reversed,other,mobile
T000000000933,C00000258,A000000491,2025-04-02 16:15:46,cash_withdrawal,mobile,97.53,GBP,failed,other,core_banking
T000000000934,C00000650,A000000465,2026-05-24 12:14:48,transfer,api,124.18,GBP,completed,utilities,core_banking
T000000000935,C00000443,A000001215,2025-10-24 13:51:09,purchase,mobile,27.86,GBP,completed,other,core_banking
T000000000936,C00000941,A000000412,2025-04-01 20:21:46,purchase,mobile,38.98,GBP,completed,retail,core_banking
T000000000937,C00000158,A000000231,2026-08-20 19:31:53,cash_withdrawal,api,18.63,GBP,completed,utilities,core_banking
T000000000938,C00000149,A000000833,2025-11-28 02:05:41,transfer,web,57.87,GBP,completed,restaurant,core_banking
T000000000939,C00000462,A000001440,2026-03-06 09:28:57,purchase,atm,8.55,GBP,failed,other,payments
T000000000940,C00000509,A000000266,2025-03-03 01:01:40,direct_debit,mobile,197.48,GBP,pending,grocery,core_banking
T000000000941,C00000691,A000000371,2025-08-26 09:14:06,transfer,web,99.18,GBP,completed,grocery,payments
T000000000942,C00000405,A000000681,2026-02-09 15:17:15,direct_debit,branch,8.51,GBP,completed,travel,cards
T000000000943,C00000914,A000000290,2026-02-17 05:00:06,transfer,mobile,13.09,GBP,completed,grocery,core_banking
T000000000944,C00000475,A000000944,2025-02-10 03:36:02,transfer,branch,46.63,GBP,completed,travel,payments
T000000000945,C00000130,A000000368,2026-01-22 11:46:56,direct_debit,mobile,21.01,GBP,completed,other,cards
T000000000946,C00000120,A000000186,2026-08-27 12:35:55,refund,mobile,53.08,USD,completed,utilities,payments
T000000000947,C00000974,A000000379,2026-05-18 17:08:18,refund,mobile,20.55,GBP,completed,grocery,payments
T000000000948,C00000135,A000001350,2025-05-13 00:20:18,direct_debit,mobile,148.57,GBP,completed,restaurant,payments
T000000000949,C00000948,A000001356,2026-08-07 05:57:05,transfer,mobile,30.23,EUR,completed,other,payments
T000000000950,C00000279,A000000734,2026-03-13 18:43:05,purchase,atm,380.54,USD,completed,other,payments
T000000000951,C00000094,A000000581,2025-02-06 16:22:02,purchase,web,56.42,GBP,failed,other,core_banking
T000000000952,C00000305,A000001189,2025-03-23 21:35:19,direct_debit,mobile,7.27,GBP,completed,other,cards
T000000000953,C00000615,A000000282,2026-08-12 19:33:16,purchase,web,267.96,GBP,completed,restaurant,cards
T000000000954,C00000428,A000000949,2025-05-14 20:07:59,cash_withdrawal,mobile,94.97,EUR,completed,other,mobile
T000000000955,C00000786,A000000987,2025-03-03 12:15:19,direct_debit,web,44.66,GBP,completed,restaurant,cards
T000000000956,C00000611,A000001030,2025-10-16 23:00:01,refund,api,59.08,GBP,completed,restaurant,core_banking
T000000000957,C00000401,A000000317,2025-12-02 09:58:57,refund,branch,8.6,GBP,completed,travel,cards
T000000000958,C00000635,A000001039,2026-01-02 21:40:27,transfer,branch,4.51,GBP,completed,other,core_banking
T000000000959,C00000972,A000000888,2026-02-26 09:24:15,transfer,mobile,28.68,GBP,completed,grocery,cards
T000000000960,C00000412,A000001269,2026-10-01 10:39:23,refund,mobile,127.45,GBP,completed,travel,cards
T000000000961,C00000154,A000000253,2026-05-01 16:27:20,purchase,atm,45.4,GBP,completed,restaurant,mobile
T000000000962,C00000409,A000000890,2025-01-17 09:33:37,purchase,web,180.3,GBP,completed,restaurant,core_banking
T000000000963,C00000841,A000001203,2025-02-26 03:31:49,refund,branch,119.97,GBP,completed,other,mobile
T000000000964,C00000218,A000000404,2025-01-01 21:30:30,transfer,api,30.62,GBP,failed,grocery,payments
T000000000965,C00000950,A000001079,2025-09-10 10:52:12,transfer,mobile,103.85,USD,completed,restaurant,core_banking
T000000000966,C00000589,A000000145,2025-08-12 22:14:47,purchase,atm,148.22,GBP,completed,grocery,core_banking
T000000000967,C00000602,A000001042,2026-08-20 09:34:43,transfer,web,27.54,GBP,completed,utilities,mobile
T000000000968,C00000318,A000000880,2025-08-22 23:20:53,refund,mobile,23.94,GBP,completed,travel,payments
T000000000969,C00000921,A000000280,2025-01-20 14:28:10,transfer,mobile,34.73,GBP,completed,utilities,core_banking
T000000000970,C00000037,A000000097,2026-07-19 18:26:22,purchase,branch,2.38,GBP,completed,grocery,cards
T000000000971,C00000299,A000001081,2025-06-16 18:07:58,transfer,mobile,40.22,GBP,completed,grocery,core_banking
T000000000972,C00000419,A000000350,2026-08-07 04:50:51,direct_debit,branch,63.85,GBP,completed,other,cards
T000000000973,C00000478,A000000722,2026-05-10 19:34:17,direct_debit,branch,34.87,GBP,failed,utilities,core_banking
T000000000974,C00000475,A000000089,2026-07-17 22:40:44,purchase,web,43.03,EUR,failed,retail,core_banking
T000000000975,C00000148,A000001398,2026-06-08 15:52:01,transfer,web,28.63,GBP,completed,retail,core_banking
T000000000976,C00000226,A000000796,2025-04-02 22:43:53,purchase,branch,3.68,EUR,completed,other,cards
T000000000977,C00000096,A000001351,2026-02-05 20:18:21,transfer,web,171.7,EUR,reversed,restaurant,core_banking
T000000000978,C00000573,A000000233,2025-09-21 15:59:13,purchase,atm,20.36,GBP,completed,retail,payments
T000000000979,C00000351,A000000299,2026-02-06 11:27:10,transfer,mobile,15.66,GBP,completed,grocery,payments
T000000000980,C00000566,A000000886,2026-04-22 20:34:29,transfer,api,124.7,GBP,completed,restaurant,cards
T000000000981,C00000590,A000000877,2025-11-17 04:27:06,purchase,mobile,83.73,EUR,completed,travel,mobile
T000000000982,C00000703,A000001147,2025-07-19 13:28:05,purchase,mobile,39.91,GBP,completed,travel,payments
T000000000983,C00000548,A000001346,2026-08-09 19:34:38,purchase,branch,67.21,GBP,completed,utilities,core_banking
T000000000984,C00000648,A000001192,2026-02-28 22:39:32,purchase,mobile,8.91,GBP,completed,other,core_banking
T000000000985,C00000588,A000000204,2026-07-20 06:24:38,cash_withdrawal,mobile,27.52,GBP,completed,travel,cards
T000000000986,C00000653,A000000449,2025-06-01 02:15:16,purchase,mobile,116.69,GBP,completed,grocery,payments
T000000000987,C00000617,A000001326,2026-06-20 08:00:02,purchase,branch,14.72,GBP,completed,retail,mobile
T000000000988,C00000317,A000000796,2025-07-26 20:44:06,refund,web,10.5,GBP,completed,restaurant,core_banking
T000000000989,C00000247,A000001258,2025-10-22 12:34:18,purchase,mobile,32.54,GBP,completed,utilities,core_banking
T000000000990,C00000788,A000000817,2026-07-04 01:19:55,direct_debit,web,33.35,GBP,completed,other,payments
T000000000991,C00000343,A000000073,2025-08-15 02:51:52,transfer,mobile,59.14,USD,completed,travel,payments
T000000000992,C00000550,A000000686,2025-06-10 08:08:18,cash_withdrawal,api,7.05,GBP,completed,restaurant,cards
T000000000993,C00000197,A000001196,2026-08-09 08:13:32,transfer,mobile,2.06,GBP,completed,restaurant,cards
T000000000994,C00000432,A000000950,2026-09-09 03:14:52,purchase,web,78.83,GBP,completed,restaurant,payments
T000000000995,C00000530,A000000193,2025-07-18 11:51:34,direct_debit,web,9.61,GBP,completed,other,cards
T000000000996,C00000627,A000000305,2025-07-15 11:29:57,direct_debit,web,15.79,GBP,completed,travel,payments
T000000000997,C00000527,A000001239,2025-05-26 04:47:00,purchase,api,3.03,GBP,completed,travel,mobile
T000000000998,C00000361,A000001420,2025-01-16 05:34:26,cash_withdrawal,mobile,87.71,EUR,completed,retail,core_banking
T000000000999,C00000962,A000001092,2025-12-20 15:56:46,transfer,atm,43.29,EUR,completed,retail,core_banking
T000000001000,C00000513,A000000143,2025-06-12 22:50:59,direct_debit,web,41.5,GBP,completed,grocery,mobile
T000000001001,C00000809,A000000898,2026-06-27 23:54:57,direct_debit,branch,41.21,GBP,completed,travel,core_banking
T000000001002,C00000737,A000001203,2025-04-20 13:25:25,purchase,web,3.44,GBP,completed,retail,core_banking
T000000001003,C00000559,A000000929,2026-02-10 00:55:26,direct_debit,mobile,10.65,EUR,completed,restaurant,cards
T000000001004,C00000887,A000000862,2025-11-20 21:32:43,refund,mobile,18.65,GBP,completed,grocery,cards
T000000001005,C00000129,A000000678,2026-01-27 22:48:45,cash_withdrawal,mobile,13.65,GBP,completed,restaurant,core_banking
T000000001006,C00000922,A000000356,2025-03-14 06:40:24,purchase,api,22.53,GBP,completed,restaurant,payments
T000000001007,C00000851,A000000408,2025-10-26 09:36:30,direct_debit,atm,38.8,GBP,reversed,grocery,core_banking
T000000001008,C00000504,A000001082,2026-02-05 00:37:24,transfer,mobile,86.21,EUR,completed,other,core_banking
T000000001009,C00000734,A000000102,2025-08-06 19:13:43,purchase,web,6.33,GBP,completed,restaurant,core_banking
T000000001010,C00000521,A000000123,2026-07-14 18:36:56,direct_debit,branch,29.69,GBP,completed,restaurant,cards
T000000001011,C00000269,A000000576,2025-12-05 00:29:42,transfer,mobile,63.25,GBP,reversed,restaurant,payments
T000000001012,C00000800,A000001123,2025-08-20 16:51:25,direct_debit,web,11.36,EUR,completed,restaurant,cards
T000000001013,C00000246,A000000953,2025-01-20 09:53:06,transfer,branch,24.47,GBP,completed,retail,payments
T000000001014,C00000315,A000000856,2025-04-18 13:05:30,purchase,mobile,48.91,GBP,completed,utilities,core_banking
T000000001015,C00000520,A000000775,2025-11-01 05:14:24,refund,web,30.32,GBP,completed,utilities,core_banking
T000000001016,C00000838,A000000161,2025-09-13 19:34:05,transfer,mobile,60.82,GBP,completed,travel,core_banking
T000000001017,C00000384,A000000482,2026-07-11 09:42:20,transfer,mobile,33.1,GBP,completed,grocery,payments
T000000001018,C00000495,A000000116,2026-05-18 20:09:43,purchase,branch,21.6,GBP,completed,restaurant,cards
T000000001019,C00000042,A000001100,2025-04-12 03:33:30,purchase,branch,8.75,USD,failed,travel,payments
T000000001020,C00000116,A000001089,2026-01-13 14:06:34,transfer,api,38.84,GBP,completed,travel,core_banking
T000000001021,C00000056,A000000375,2025-10-18 07:26:37,purchase,mobile,33.28,GBP,failed,grocery,mobile
T000000001022,C00000073,A000000425,2025-03-06 23:10:56,direct_debit,atm,10.56,GBP,completed,retail,payments
T000000001023,C00000869,A000000461,2026-03-02 13:21:54,refund,api,55.21,EUR,completed,utilities,mobile
T000000001024,C00000842,A000001290,2025-12-10 17:16:23,cash_withdrawal,branch,113.45,GBP,completed,other,core_banking
T000000001025,C00000822,A000000709,2025-02-25 02:04:06,purchase,api,14.98,GBP,completed,retail,core_banking
T000000001026,C00000056,A000001106,2025-10-27 16:14:42,cash_withdrawal,api,13.96,GBP,completed,retail,cards
T000000001027,C00000078,A000000651,2026-04-13 02:25:33,purchase,atm,13.43,EUR,completed,restaurant,cards
T000000001028,C00000281,A000001013,2025-07-29 08:40:26,direct_debit,api,5.14,GBP,reversed,travel,payments
T000000001029,C00000566,A000000767,2025-08-17 05:20:22,transfer,branch,245.85,USD,completed,grocery,core_banking
T000000001030,C00000335,A000000404,2025-03-12 00:03:15,direct_debit,web,18.7,GBP,completed,grocery,cards
T000000001031,C00000488,A000001271,2025-05-11 14:04:15,purchase,api,12.17,GBP,completed,other,core_banking
T000000001032,C00000173,A000001028,2026-09-19 05:46:57,purchase,atm,9.18,GBP,completed,restaurant,cards
T000000001033,C00000731,A000001116,2026-02-01 12:18:06,refund,mobile,19.94,GBP,completed,travel,core_banking
T000000001034,C00000314,A000001375,2025-04-23 18:20:02,transfer,mobile,14.44,GBP,reversed,travel,mobile
T000000001035,C00000067,A000000361,2025-11-05 04:16:32,direct_debit,mobile,135.64,GBP,completed,other,core_banking
T000000001036,C00000743,A000000133,2025-05-04 17:02:12,direct_debit,atm,8.08,GBP,completed,utilities,cards
T000000001037,C00000903,A000000845,2025-10-10 07:07:43,transfer,mobile,5.96,GBP,completed,retail,core_banking
T000000001038,C00000015,A000000473,2025-04-04 07:56:40,transfer,mobile,53.48,USD,completed,retail,core_banking
T000000001039,C00000437,A000000632,2026-01-31 13:50:52,transfer,web,26.77,EUR,completed,retail,cards
T000000001040,C00000828,A000000341,2025-12-31 15:00:50,direct_debit,mobile,23.71,GBP,completed,restaurant,core_banking
T000000001041,C00000707,A000000578,2026-02-09 15:43:46,refund,api,53.93,GBP,completed,travel,cards
T000000001042,C00000857,A000000571,2025-10-11 04:41:12,purchase,web,34.59,GBP,completed,other,core_banking
T000000001043,C00000416,A000000509,2025-07-02 13:54:38,cash_withdrawal,mobile,28.53,GBP,completed,travel,payments
T000000001044,C00000373,A000001077,2025-06-09 06:19:37,purchase,mobile,6.85,GBP,pending,travel,payments
T000000001045,C00000710,A000000860,2025-05-18 06:38:45,transfer,atm,5.2,GBP,completed,retail,payments
T000000001046,C00000154,A000000688,2025-10-02 22:44:16,direct_debit,branch,14.36,EUR,completed,restaurant,core_banking
T000000001047,C00000240,A000000164,2025-10-16 02:25:19,direct_debit,web,9.6,GBP,completed,grocery,cards
T000000001048,C00000601,A000000828,2026-03-07 09:54:58,purchase,mobile,39.75,GBP,completed,grocery,core_banking
T000000001049,C00000669,A000000254,2025-02-03 10:32:35,purchase,api,4.53,GBP,completed,retail,core_banking
T000000001050,C00000120,A000000456,2025-06-30 05:52:46,purchase,atm,18.74,GBP,completed,grocery,payments
T000000001051,C00000509,A000000602,2026-06-29 18:50:55,purchase,branch,24.98,GBP,completed,retail,core_banking
T000000001052,C00000365,A000000205,2026-08-08 11:41:26,purchase,web,28.74,GBP,completed,retail,core_banking
T000000001053,C00000502,A000000565,2026-08-18 17:15:56,direct_debit,api,45.55,GBP,completed,utilities,payments
T000000001054,C00000959,A000000388,2025-07-15 09:17:18,purchase,branch,21.27,GBP,completed,travel,core_banking
T000000001055,C00000077,A000001233,2025-03-29 21:31:21,purchase,web,14.87,GBP,completed,utilities,core_banking
T000000001056,C00000996,A000001247,2025-05-07 17:30:31,cash_withdrawal,api,110.69,USD,completed,other,mobile
T000000001057,C00000450,A000000007,2025-03-26 07:59:47,purchase,api,21.41,GBP,completed,retail,core_banking
T000000001058,C00000773,A000000874,2026-09-02 23:05:26,purchase,atm,132.97,GBP,completed,restaurant,payments
T000000001059,C00000425,A000000929,2026-07-19 20:45:40,direct_debit,atm,21.3,GBP,completed,travel,core_banking
T000000001060,C00000311,A000000549,2026-06-02 14:12:06,purchase,web,29.46,EUR,completed,other,mobile
T000000001061,C00000771,A000000681,2026-04-12 00:23:41,purchase,web,25.9,GBP,completed,utilities,payments
T000000001062,C00000688,A000001146,2025-08-08 14:11:15,transfer,mobile,38.2,GBP,completed,grocery,core_banking
T000000001063,C00000145,A000000549,2025-10-31 16:34:48,purchase,web,19.28,GBP,completed,other,mobile
T000000001064,C00000706,A000000094,2026-06-22 08:45:21,purchase,web,33.15,USD,completed,restaurant,core_banking
T000000001065,C00000754,A000000541,2026-06-05 03:27:12,purchase,mobile,149.51,GBP,completed,retail,payments
T000000001066,C00000388,A000000369,2025-11-28 13:33:04,purchase,api,90.13,GBP,completed,utilities,payments
T000000001067,C00000926,A000000555,2026-06-20 19:14:10,direct_debit,mobile,90.79,GBP,completed,other,core_banking
T000000001068,C00000641,A000000334,2025-08-10 07:39:50,purchase,atm,7.32,GBP,completed,grocery,cards
T000000001069,C00000334,A000000218,2025-09-22 10:57:05,purchase,mobile,8.68,GBP,reversed,grocery,core_banking
T000000001070,C00000011,A000001429,2026-06-21 00:01:34,purchase,mobile,37.66,EUR,completed,restaurant,cards
T000000001071,C00000675,A000000187,2025-08-29 16:53:33,refund,mobile,67.31,GBP,completed,travel,cards
T000000001072,C00000210,A000001024,2026-04-26 20:47:10,purchase,web,17.37,USD,completed,other,core_banking
T000000001073,C00000757,A000001041,2025-10-17 18:37:56,direct_debit,web,14.4,USD,completed,restaurant,payments
T000000001074,C00000526,A000000896,2025-07-10 10:18:23,purchase,mobile,129.48,GBP,completed,other,mobile
T000000001075,C00000467,A000001322,2025-05-20 01:04:56,refund,branch,61.57,EUR,completed,restaurant,cards
T000000001076,C00000164,A000000008,2026-01-23 11:48:36,purchase,web,91.0,GBP,completed,other,payments
T000000001077,C00000712,A000000438,2025-11-03 22:34:12,purchase,mobile,18.85,GBP,completed,utilities,core_banking
T000000001078,C00000166,A000000268,2025-08-25 02:00:14,transfer,mobile,17.36,GBP,completed,grocery,mobile
T000000001079,C00000418,A000000837,2026-04-20 05:08:03,purchase,mobile,81.15,USD,completed,travel,payments
T000000001080,C00000837,A000000922,2025-01-01 20:05:26,cash_withdrawal,mobile,22.74,GBP,completed,other,mobile
T000000001081,C00000921,A000001302,2025-02-28 13:38:12,transfer,mobile,15.78,GBP,completed,travel,payments
T000000001082,C00000990,A000000551,2026-09-07 04:05:17,transfer,branch,11.49,GBP,completed,other,core_banking
T000000001083,C00000959,A000000343,2026-02-28 00:34:56,purchase,branch,17.52,EUR,completed,other,core_banking
T000000001084,C00000556,A000001341,2025-12-18 09:51:17,cash_withdrawal,atm,75.1,GBP,failed,restaurant,cards
T000000001085,C00000201,A000000976,2025-01-10 14:16:41,purchase,atm,6.14,GBP,reversed,grocery,core_banking
T000000001086,C00000840,A000001109,2026-01-18 20:09:58,refund,web,58.0,GBP,completed,travel,cards
T000000001087,C00000802,A000000646,2025-10-05 21:12:39,cash_withdrawal,mobile,14.24,GBP,completed,restaurant,core_banking
T000000001088,C00000991,A000000649,2026-01-19 10:59:12,transfer,mobile,24.03,GBP,completed,retail,payments
T000000001089,C00000651,A000000565,2025-01-27 10:08:22,direct_debit,branch,25.7,GBP,completed,retail,cards
T000000001090,C00000142,A000001087,2025-12-18 22:20:51,transfer,mobile,23.77,GBP,failed,grocery,core_banking
T000000001091,C00000503,A000000306,2026-01-05 18:38:42,transfer,mobile,22.17,GBP,completed,retail,payments
T000000001092,C00000449,A000001415,2025-07-05 05:01:24,purchase,api,18.79,GBP,completed,grocery,core_banking
T000000001093,C00000843,A000000256,2025-02-04 16:21:01,transfer,mobile,16.44,GBP,completed,grocery,core_banking
T000000001094,C00000393,A000000669,2026-09-13 17:09:56,purchase,mobile,119.79,GBP,completed,other,core_banking
T000000001095,C00000329,A000000457,2026-03-30 05:36:49,purchase,api,30.76,GBP,completed,restaurant,core_banking
T000000001096,C00000081,A000000932,2026-02-02 23:28:19,direct_debit,mobile,26.25,EUR,completed,other,core_banking
T000000001097,C00000836,A000000988,2026-05-06 07:07:27,purchase,web,15.23,GBP,completed,other,core_banking
T000000001098,C00000756,A000001333,2026-03-05 13:11:26,transfer,mobile,19.52,EUR,completed,other,core_banking
T000000001099,C00000042,A000001145,2025-03-27 11:50:58,purchase,web,15.28,GBP,completed,retail,core_banking
T000000001100,C00000434,A000000361,2025-10-18 16:36:44,purchase,api,66.93,GBP,pending,travel,cards
T000000001101,C00000480,A000000300,2026-07-22 21:38:23,direct_debit,branch,13.58,GBP,completed,restaurant,payments
T000000001102,C00000470,A000001286,2025-07-03 09:26:14,purchase,web,2.83,GBP,completed,utilities,core_banking
T000000001103,C00000919,A000000708,2026-09-14 09:13:43,transfer,mobile,31.86,USD,completed,retail,core_banking
T000000001104,C00000151,A000000142,2025-02-11 18:01:55,transfer,web,22.35,GBP,completed,retail,core_banking
T000000001105,C00000307,A000001197,2025-07-31 22:51:16,direct_debit,branch,16.2,EUR,completed,travel,core_banking
T000000001106,C00000181,A000000941,2025-08-12 21:48:46,purchase,mobile,78.03,GBP,completed,retail,core_banking
T000000001107,C00000245,A000000038,2026-01-30 18:03:58,direct_debit,mobile,1.7,EUR,completed,other,cards
T000000001108,C00000908,A000001136,2025-04-23 16:52:24,transfer,branch,156.81,GBP,completed,retail,payments
T000000001109,C00000941,A000000881,2025-05-27 18:26:58,purchase,atm,90.69,GBP,failed,utilities,payments
T000000001110,C00000045,A000000892,2026-02-28 22:27:44,purchase,api,15.5,GBP,completed,other,mobile
T000000001111,C00000633,A000001255,2025-07-01 00:15:19,purchase,atm,18.67,EUR,completed,other,mobile
T000000001112,C00000233,A000000719,2026-07-16 14:07:39,transfer,web,50.89,GBP,completed,restaurant,core_banking
T000000001113,C00000193,A000000669,2026-07-11 00:49:00,purchase,atm,52.34,GBP,completed,grocery,core_banking
T000000001114,C00000293,A000000896,2025-07-13 13:51:04,purchase,api,15.4,GBP,completed,other,cards
T000000001115,C00000195,A000000287,2025-12-24 09:28:23,transfer,mobile,5.49,GBP,completed,grocery,cards
T000000001116,C00000491,A000000220,2025-08-01 07:18:39,transfer,web,275.72,GBP,completed,grocery,cards
T000000001117,C00000996,A000001224,2025-08-09 21:23:01,purchase,mobile,81.77,GBP,pending,retail,cards
T000000001118,C00000587,A000000313,2026-03-05 17:01:51,purchase,api,35.33,GBP,completed,retail,mobile
T000000001119,C00000724,A000000732,2025-07-07 13:37:04,purchase,api,36.04,GBP,completed,grocery,cards
T000000001120,C00000494,A000000392,2025-04-06 21:10:00,transfer,atm,57.53,GBP,completed,utilities,mobile
T000000001121,C00000014,A000000335,2025-06-15 02:20:58,direct_debit,mobile,65.24,GBP,completed,other,mobile
T000000001122,C00000085,A000000867,2026-08-17 15:30:41,transfer,api,3.35,GBP,failed,utilities,core_banking
T000000001123,C00000269,A000001164,2025-06-15 03:44:59,transfer,mobile,20.73,GBP,completed,other,core_banking
T000000001124,C00000244,A000000641,2025-08-21 05:35:34,purchase,mobile,18.59,EUR,completed,other,core_banking
T000000001125,C00000841,A000000202,2026-02-06 04:26:37,refund,branch,25.29,USD,failed,restaurant,core_banking
T000000001126,C00000844,A000000355,2025-03-06 13:03:31,purchase,atm,67.31,USD,failed,travel,payments
T000000001127,C00000855,A000000239,2025-06-21 15:05:49,purchase,api,4.57,GBP,completed,utilities,mobile
T000000001128,C00000638,A000001281,2025-04-22 18:08:32,purchase,mobile,7.27,GBP,completed,grocery,core_banking
T000000001129,C00000557,A000000464,2026-08-14 10:34:29,purchase,web,14.65,GBP,completed,restaurant,core_banking
T000000001130,C00000650,A000000543,2026-08-20 22:32:40,direct_debit,web,35.24,GBP,completed,other,payments
T000000001131,C00000407,A000000104,2026-04-28 08:57:56,purchase,mobile,71.79,GBP,completed,grocery,cards
T000000001132,C00000671,A000000647,2025-06-07 03:45:29,purchase,atm,166.15,GBP,completed,utilities,payments
T000000001133,C00000795,A000001326,2026-01-29 00:52:34,purchase,mobile,22.18,USD,completed,grocery,core_banking
T000000001134,C00000763,A000000595,2026-02-28 03:03:35,refund,mobile,71.67,GBP,completed,utilities,core_banking
T000000001135,C00000614,A000000945,2026-07-10 10:40:58,cash_withdrawal,web,63.16,GBP,completed,retail,core_banking
T000000001136,C00000059,A000000264,2025-04-10 09:54:38,direct_debit,branch,52.92,EUR,completed,other,core_banking
T000000001137,C00000725,A000000208,2026-04-16 20:30:05,direct_debit,atm,29.21,GBP,failed,travel,core_banking
T000000001138,C00000367,A000001061,2025-05-05 03:00:52,direct_debit,mobile,19.7,GBP,completed,restaurant,core_banking
T000000001139,C00000744,A000000096,2025-12-30 06:17:45,transfer,mobile,9.79,GBP,completed,utilities,cards
T000000001140,C00000540,A000000651,2026-07-16 23:31:49,purchase,api,9.13,USD,failed,restaurant,payments
T000000001141,C00000882,A000000460,2025-02-09 00:41:07,purchase,web,43.14,GBP,completed,other,core_banking
T000000001142,C00000339,A000000024,2025-04-05 10:10:59,purchase,web,28.3,GBP,completed,travel,payments
T000000001143,C00000932,A000000771,2026-06-04 04:45:27,cash_withdrawal,mobile,19.37,GBP,completed,grocery,core_banking
T000000001144,C00000845,A000001398,2025-01-12 12:48:23,purchase,api,60.22,GBP,completed,utilities,cards
T000000001145,C00000332,A000000101,2026-03-14 23:22:03,purchase,branch,24.28,GBP,completed,grocery,core_banking
T000000001146,C00000483,A000001183,2025-11-17 05:27:00,transfer,mobile,11.49,GBP,completed,retail,payments
T000000001147,C00000532,A000000782,2025-08-10 08:53:19,purchase,mobile,22.65,GBP,reversed,utilities,core_banking
T000000001148,C00000769,A000001050,2026-07-06 10:46:44,purchase,mobile,70.93,USD,completed,utilities,core_banking
T000000001149,C00000690,A000000140,2026-06-27 19:09:49,purchase,mobile,10.23,GBP,completed,grocery,mobile
T000000001150,C00000853,A000001261,2025-07-28 23:37:57,cash_withdrawal,mobile,37.33,GBP,completed,utilities,core_banking
T000000001151,C00000370,A000000017,2025-01-03 02:19:00,purchase,mobile,28.27,GBP,completed,restaurant,payments
T000000001152,C00000505,A000001315,2025-03-23 11:43:42,purchase,mobile,13.48,GBP,reversed,grocery,payments
T000000001153,C00000431,A000000954,2025-03-10 18:03:44,purchase,web,22.02,GBP,completed,retail,core_banking
T000000001154,C00000910,A000000490,2026-09-20 00:12:42,cash_withdrawal,web,5.75,GBP,completed,retail,core_banking
T000000001155,C00000305,A000000011,2026-01-17 19:20:47,purchase,web,33.62,GBP,completed,retail,payments
T000000001156,C00000588,A000000886,2026-03-09 05:49:14,purchase,atm,7.15,GBP,completed,retail,mobile
T000000001157,C00000121,A000000127,2025-05-28 12:26:29,direct_debit,mobile,92.39,GBP,completed,grocery,core_banking
T000000001158,C00000851,A000000883,2026-06-28 23:28:58,direct_debit,api,27.21,GBP,completed,utilities,payments
T000000001159,C00000385,A000001122,2026-04-07 15:14:35,purchase,api,16.44,GBP,completed,grocery,payments
T000000001160,C00000341,A000000388,2026-04-26 23:44:15,purchase,api,101.35,GBP,completed,grocery,cards
T000000001161,C00000583,A000000347,2025-10-27 14:28:59,purchase,mobile,10.14,EUR,completed,utilities,payments
T000000001162,C00000499,A000000322,2026-03-23 05:03:06,cash_withdrawal,mobile,13.67,GBP,completed,other,core_banking
T000000001163,C00000848,A000000327,2025-12-14 16:37:22,purchase,branch,4.39,EUR,completed,restaurant,cards
T000000001164,C00000532,A000000166,2025-09-03 14:45:58,direct_debit,mobile,118.51,GBP,completed,retail,mobile
T000000001165,C00000517,A000000363,2026-01-15 07:27:25,direct_debit,mobile,214.11,USD,completed,retail,payments
T000000001166,C00000105,A000000957,2025-07-27 01:50:44,transfer,mobile,5.17,GBP,completed,retail,core_banking
T000000001167,C00000022,A000000439,2026-09-01 15:33:25,purchase,web,12.72,GBP,completed,grocery,cards
T000000001168,C00000399,A000001133,2026-04-04 13:51:30,direct_debit,atm,32.24,GBP,completed,utilities,core_banking
T000000001169,C00000999,A000001188,2026-04-18 18:34:01,cash_withdrawal,mobile,17.44,GBP,completed,grocery,core_banking
T000000001170,C00000918,A000001104,2026-04-03 03:01:19,cash_withdrawal,api,28.99,GBP,completed,restaurant,core_banking
T000000001171,C00000629,A000000783,2025-10-14 12:55:47,purchase,atm,26.48,GBP,completed,retail,core_banking
T000000001172,C00000631,A000000459,2026-08-31 19:38:52,cash_withdrawal,mobile,45.97,USD,completed,retail,cards
T000000001173,C00000392,A000001349,2025-05-13 21:23:23,direct_debit,web,10.92,EUR,completed,retail,core_banking
T000000001174,C00000178,A000000298,2025-12-30 22:32:59,refund,mobile,36.68,GBP,pending,grocery,payments
T000000001175,C00000009,A000000674,2025-02-14 05:05:13,transfer,api,9.28,EUR,completed,travel,payments
T000000001176,C00000339,A000000658,2025-07-08 04:09:06,transfer,atm,19.44,GBP,completed,travel,cards
T000000001177,C00000317,A000001082,2026-01-03 13:49:27,purchase,branch,4.84,GBP,completed,other,core_banking
T000000001178,C00000192,A000000793,2025-11-09 11:06:18,cash_withdrawal,branch,19.59,GBP,completed,grocery,mobile
T000000001179,C00000260,A000001160,2026-08-25 05:37:26,direct_debit,mobile,16.42,GBP,pending,grocery,core_banking
T000000001180,C00000025,A000001333,2026-01-28 02:26:56,transfer,api,80.7,USD,completed,travel,cards
T000000001181,C00000608,A000000567,2025-09-20 03:26:50,purchase,api,28.16,EUR,completed,retail,core_banking
T000000001182,C00000928,A000001269,2025-09-30 08:08:21,purchase,atm,34.08,USD,completed,utilities,mobile
T000000001183,C00000691,A000000247,2026-01-26 17:44:51,transfer,web,29.27,GBP,completed,retail,core_banking
T000000001184,C00000449,A000001329,2026-05-21 01:33:44,direct_debit,mobile,3.2,GBP,completed,utilities,mobile
T000000001185,C00000421,A000000259,2025-06-26 02:31:29,purchase,mobile,3.68,GBP,completed,utilities,mobile
T000000001186,C00000308,A000001233,2026-01-09 06:20:56,purchase,mobile,21.44,GBP,completed,travel,mobile
T000000001187,C00000143,A000000566,2026-01-03 20:58:11,refund,web,40.14,EUR,completed,grocery,payments
T000000001188,C00000599,A000001399,2025-01-07 23:45:55,transfer,atm,23.42,GBP,completed,restaurant,payments
T000000001189,C00000567,A000000188,2026-08-07 10:33:50,purchase,api,12.09,EUR,completed,other,mobile
T000000001190,C00000008,A000000675,2025-12-31 01:04:13,purchase,mobile,23.28,GBP,completed,grocery,core_banking
T000000001191,C00000416,A000001308,2025-06-04 00:17:11,purchase,mobile,21.25,GBP,failed,other,payments
T000000001192,C00000279,A000000069,2026-02-09 20:36:54,purchase,mobile,67.89,GBP,completed,other,core_banking
T000000001193,C00000171,A000000385,2026-03-10 10:40:28,transfer,api,64.02,GBP,completed,restaurant,core_banking
T000000001194,C00000704,A000000122,2026-08-08 01:51:31,transfer,atm,16.76,GBP,completed,utilities,core_banking
T000000001195,C00000526,A000000466,2025-01-22 20:00:08,transfer,web,28.43,EUR,completed,retail,mobile
T000000001196,C00000634,A000000566,2025-09-22 12:41:45,transfer,web,40.05,GBP,failed,utilities,core_banking
T000000001197,C00000714,A000000898,2025-04-26 08:23:39,purchase,web,46.8,GBP,completed,grocery,cards
T000000001198,C00000982,A000000374,2026-01-03 10:51:03,purchase,mobile,169.9,GBP,completed,travel,cards
T000000001199,C00000803,A000000231,2025-11-17 05:24:05,purchase,mobile,29.09,GBP,completed,retail,payments
T000000001200,C00000621,A000000247,2025-10-31 22:21:26,purchase,mobile,102.23,GBP,completed,utilities,core_banking
T000000001201,C00000880,A000001361,2026-09-20 18:54:22,cash_withdrawal,mobile,8.86,EUR,completed,travel,cards
T000000001202,C00000478,A000001383,2025-12-06 04:46:37,purchase,web,15.34,GBP,completed,retail,cards
T000000001203,C00000985,A000000322,2025-09-20 17:38:15,transfer,mobile,3.18,USD,completed,restaurant,mobile
T000000001204,C00000762,A000000284,2025-02-13 04:18:44,purchase,branch,35.12,GBP,completed,other,mobile
T000000001205,C00000651,A000000079,2025-07-05 10:52:44,purchase,web,59.14,GBP,completed,restaurant,core_banking
T000000001206,C00000904,A000001392,2026-07-28 17:58:08,purchase,web,2.05,GBP,completed,grocery,core_banking
T000000001207,C00000516,A000001024,2025-10-16 00:52:22,transfer,api,36.51,GBP,completed,utilities,payments
T000000001208,C00000721,A000001104,2026-08-05 17:25:02,transfer,mobile,56.51,GBP,completed,retail,cards
T000000001209,C00000285,A000000422,2025-12-07 05:25:21,direct_debit,branch,53.23,GBP,completed,utilities,payments
T000000001210,C00000964,A000000930,2025-12-17 16:46:49,purchase,mobile,8.54,GBP,completed,restaurant,payments
T000000001211,C00000624,A000000087,2025-10-02 11:58:48,transfer,atm,67.48,GBP,failed,travel,core_banking
T000000001212,C00000783,A000000981,2025-12-22 00:37:37,cash_withdrawal,web,30.26,GBP,completed,utilities,payments
T000000001213,C00000461,A000000841,2025-02-12 18:17:07,purchase,mobile,55.73,GBP,completed,other,core_banking
T000000001214,C00000867,A000000481,2025-02-06 06:14:20,purchase,mobile,26.25,GBP,completed,utilities,mobile
T000000001215,C00000075,A000001031,2025-11-01 22:51:20,purchase,branch,44.71,GBP,completed,utilities,core_banking
T000000001216,C00000115,A000000938,2026-01-18 20:09:26,purchase,branch,96.03,GBP,failed,other,payments
T000000001217,C00000508,A000000637,2025-12-19 04:37:40,direct_debit,branch,24.19,GBP,completed,grocery,core_banking
T000000001218,C00000733,A000000271,2025-10-02 14:25:14,purchase,web,40.38,GBP,completed,retail,cards
T000000001219,C00000810,A000000035,2025-07-07 08:41:19,transfer,branch,111.3,GBP,completed,retail,core_banking
T000000001220,C00000441,A000001360,2026-03-30 14:27:09,cash_withdrawal,web,26.05,GBP,completed,grocery,payments
T000000001221,C00000650,A000000408,2026-01-22 13:22:05,purchase,mobile,9.19,GBP,completed,retail,mobile
T000000001222,C00000554,A000000438,2025-01-31 07:06:07,transfer,web,60.94,GBP,completed,other,payments
T000000001223,C00000962,A000000988,2025-10-17 15:38:01,purchase,web,135.18,EUR,completed,restaurant,payments
T000000001224,C00000655,A000000371,2026-03-31 06:14:38,transfer,atm,115.96,GBP,completed,grocery,core_banking
T000000001225,C00000417,A000000545,2026-05-17 21:46:34,purchase,web,63.48,GBP,completed,other,mobile
T000000001226,C00000970,A000001032,2025-07-03 22:43:02,purchase,web,2.56,GBP,completed,restaurant,core_banking
T000000001227,C00000108,A000000864,2026-08-15 03:58:54,purchase,api,15.37,USD,completed,other,cards
T000000001228,C00000985,A000000952,2026-02-21 17:27:58,cash_withdrawal,api,16.22,GBP,completed,grocery,core_banking
T000000001229,C00000155,A000000007,2025-10-07 22:18:18,transfer,mobile,31.41,GBP,completed,other,payments
T000000001230,C00000289,A000000655,2026-02-05 03:02:41,cash_withdrawal,api,176.39,GBP,reversed,grocery,core_banking
T000000001231,C00000822,A000000690,2026-07-11 17:45:04,purchase,mobile,9.64,EUR,completed,grocery,core_banking
T000000001232,C00000734,A000000918,2025-05-25 22:30:17,refund,atm,315.55,GBP,completed,retail,core_banking
T000000001233,C00000971,A000000220,2025-04-07 05:24:08,purchase,mobile,20.06,GBP,completed,restaurant,cards
T000000001234,C00000750,A000000232,2025-10-09 13:58:36,direct_debit,web,13.39,GBP,failed,other,core_banking
T000000001235,C00000638,A000001106,2025-02-23 19:08:53,cash_withdrawal,api,72.78,GBP,completed,utilities,mobile
T000000001236,C00000347,A000000977,2026-06-18 08:00:02,transfer,mobile,79.08,GBP,completed,grocery,payments
T000000001237,C00000005,A000001177,2026-09-13 05:42:27,purchase,atm,59.29,USD,completed,other,mobile
T000000001238,C00000124,A000000393,2026-01-22 09:31:52,cash_withdrawal,web,13.36,EUR,completed,travel,core_banking
T000000001239,C00000298,A000001447,2026-09-19 08:02:57,cash_withdrawal,mobile,50.76,GBP,completed,restaurant,cards
T000000001240,C00000041,A000000396,2025-02-13 17:24:34,purchase,api,10.12,USD,completed,travel,cards
T000000001241,C00000509,A000000944,2026-02-09 08:54:08,direct_debit,web,12.97,EUR,completed,utilities,mobile
T000000001242,C00000778,A000000236,2025-10-11 09:01:49,purchase,api,27.12,GBP,completed,grocery,core_banking
T000000001243,C00000964,A000001332,2025-06-27 22:40:05,transfer,atm,12.67,GBP,completed,other,core_banking
T000000001244,C00000490,A000000482,2025-07-19 13:53:23,transfer,mobile,90.5,GBP,completed,grocery,core_banking
T000000001245,C00000876,A000001164,2025-12-15 22:18:16,direct_debit,mobile,16.33,GBP,completed,other,cards
T000000001246,C00000986,A000000481,2026-02-15 17:03:07,transfer,mobile,23.77,GBP,completed,other,payments
T000000001247,C00000860,A000001147,2025-04-15 21:14:41,purchase,web,11.89,EUR,completed,grocery,core_banking
T000000001248,C00000465,A000000659,2026-01-28 04:41:20,transfer,mobile,89.08,USD,completed,restaurant,cards
T000000001249,C00000326,A000000091,2026-08-16 22:30:59,purchase,web,14.89,GBP,completed,retail,core_banking
T000000001250,C00000978,A000000277,2025-01-07 22:39:42,transfer,atm,99.4,GBP,completed,travel,core_banking
T000000001251,C00000242,A000000991,2026-07-16 00:58:42,transfer,mobile,92.02,GBP,completed,travel,mobile
T000000001252,C00000412,A000000280,2026-01-24 08:32:53,cash_withdrawal,branch,18.76,EUR,completed,travel,payments
T000000001253,C00000075,A000000400,2025-08-07 09:55:08,purchase,web,30.91,GBP,completed,other,mobile
T000000001254,C00000794,A000000786,2026-04-15 10:03:53,purchase,mobile,18.22,GBP,completed,grocery,core_banking
T000000001255,C00000650,A000000367,2026-01-30 18:40:54,transfer,mobile,53.14,GBP,failed,retail,payments
T000000001256,C00000085,A000000187,2026-05-07 16:45:51,purchase,mobile,24.43,GBP,completed,retail,cards
T000000001257,C00000222,A000000906,2025-02-21 05:06:33,purchase,branch,19.33,GBP,completed,retail,cards
T000000001258,C00000556,A000000999,2025-02-07 14:36:39,purchase,mobile,31.45,GBP,completed,travel,core_banking
T000000001259,C00000541,A000001063,2026-02-15 23:23:27,transfer,atm,5.69,GBP,completed,utilities,core_banking
T000000001260,C00000803,A000001369,2025-07-14 10:33:46,purchase,atm,27.67,EUR,completed,other,core_banking
T000000001261,C00000267,A000000181,2025-06-02 22:16:37,transfer,mobile,59.27,GBP,reversed,restaurant,payments
T000000001262,C00000925,A000000619,2025-09-27 15:35:37,direct_debit,api,34.64,GBP,completed,travel,payments
T000000001263,C00000445,A000000340,2026-04-09 22:11:56,transfer,api,81.39,GBP,completed,other,cards
T000000001264,C00000823,A000001307,2025-04-25 21:40:04,purchase,mobile,20.16,GBP,completed,retail,core_banking
T000000001265,C00000239,A000000783,2026-09-14 00:24:00,purchase,api,18.5,GBP,completed,travel,payments
T000000001266,C00000037,A000000143,2025-09-26 19:12:24,purchase,mobile,9.27,EUR,completed,restaurant,core_banking
T000000001267,C00000056,A000001004,2025-04-07 04:32:17,transfer,branch,19.57,GBP,completed,other,payments
T000000001268,C00000373,A000000063,2025-02-15 19:46:55,transfer,mobile,236.08,GBP,completed,travel,core_banking
T000000001269,C00000954,A000000398,2026-07-02 19:23:32,purchase,atm,40.02,GBP,completed,travel,payments
T000000001270,C00000049,A000001046,2025-03-14 06:12:06,purchase,atm,16.2,GBP,completed,restaurant,core_banking
T000000001271,C00000369,A000000734,2025-09-25 01:35:21,purchase,api,10.42,GBP,completed,retail,core_banking
T000000001272,C00000110,A000001104,2026-03-04 10:03:56,purchase,api,5.59,GBP,completed,restaurant,cards
T000000001273,C00000932,A000000829,2025-11-24 07:16:17,refund,mobile,12.53,GBP,completed,retail,cards
T000000001274,C00000676,A000001223,2025-06-17 13:17:29,purchase,branch,66.5,GBP,completed,grocery,core_banking
T000000001275,C00000763,A000000816,2025-03-10 01:58:06,purchase,mobile,19.14,GBP,completed,retail,cards
T000000001276,C00000714,A000000083,2026-03-31 01:03:38,purchase,mobile,10.96,GBP,completed,other,core_banking
T000000001277,C00000658,A000000104,2025-11-10 10:29:29,purchase,mobile,12.3,GBP,completed,other,mobile
T000000001278,C00000774,A000001127,2025-01-31 18:28:30,purchase,api,59.26,GBP,completed,retail,core_banking
T000000001279,C00000009,A000000056,2025-04-26 07:33:33,purchase,branch,27.51,GBP,completed,restaurant,core_banking
T000000001280,C00000866,A000000546,2025-12-26 07:45:47,purchase,mobile,15.51,USD,completed,grocery,cards
T000000001281,C00000740,A000000024,2025-04-18 03:56:11,purchase,api,21.68,GBP,completed,travel,payments
T000000001282,C00000740,A000000440,2025-09-08 06:46:56,transfer,atm,303.74,GBP,completed,restaurant,core_banking
T000000001283,C00000394,A000000863,2025-03-21 07:10:14,transfer,mobile,107.84,GBP,pending,grocery,payments
T000000001284,C00000801,A000000251,2026-05-25 06:13:22,purchase,web,140.06,GBP,completed,restaurant,mobile
T000000001285,C00000382,A000000676,2026-02-07 08:14:54,direct_debit,branch,4.76,GBP,completed,other,core_banking
T000000001286,C00000049,A000001445,2026-05-16 06:48:03,purchase,branch,25.57,USD,completed,grocery,core_banking
T000000001287,C00000908,A000000103,2025-02-03 16:20:22,refund,web,15.23,GBP,completed,utilities,core_banking
T000000001288,C00000235,A000000093,2025-08-28 08:06:44,direct_debit,web,53.04,GBP,failed,retail,mobile
T000000001289,C00000102,A000000394,2025-06-21 18:06:50,purchase,mobile,91.18,GBP,completed,utilities,core_banking
T000000001290,C00000622,A000001200,2026-02-02 14:30:56,purchase,web,42.21,USD,completed,other,core_banking
T000000001291,C00000234,A000000589,2026-06-09 15:22:17,direct_debit,mobile,11.99,GBP,completed,grocery,mobile
T000000001292,C00000859,A000000928,2025-05-26 14:00:20,purchase,mobile,14.97,EUR,completed,restaurant,payments
T000000001293,C00000444,A000000050,2026-05-07 22:08:55,purchase,mobile,57.49,GBP,completed,travel,cards
T000000001294,C00000005,A000001066,2026-01-06 06:08:13,transfer,branch,63.82,USD,completed,utilities,core_banking
T000000001295,C00000952,A000000098,2026-06-11 23:34:38,transfer,web,34.74,GBP,completed,retail,cards
T000000001296,C00000515,A000001032,2025-02-21 04:57:15,direct_debit,web,34.34,USD,completed,utilities,payments
T000000001297,C00000263,A000000215,2026-09-26 03:19:03,cash_withdrawal,mobile,31.58,EUR,completed,restaurant,core_banking
T000000001298,C00000678,A000001245,2025-10-05 19:49:57,direct_debit,api,39.75,EUR,completed,utilities,core_banking
T000000001299,C00000531,A000000430,2025-06-28 21:30:10,cash_withdrawal,mobile,63.55,USD,completed,retail,mobile
T000000001300,C00000030,A000000267,2025-04-27 02:13:31,transfer,web,58.07,GBP,completed,utilities,payments
T000000001301,C00000760,A000000489,2026-09-22 14:23:41,transfer,mobile,30.72,GBP,completed,utilities,core_banking
T000000001302,C00000402,A000000002,2026-07-19 12:18:27,refund,branch,28.46,GBP,completed,grocery,mobile
T000000001303,C00000700,A000000240,2025-03-25 05:16:57,refund,web,27.34,GBP,completed,utilities,cards
T000000001304,C00000896,A000000868,2025-10-12 12:29:36,direct_debit,web,13.21,GBP,completed,retail,mobile
T000000001305,C00000611,A000000437,2026-04-14 16:27:31,cash_withdrawal,atm,13.03,GBP,completed,grocery,core_banking
T000000001306,C00000672,A000000514,2026-01-13 13:46:45,transfer,atm,53.05,GBP,completed,utilities,core_banking
T000000001307,C00000255,A000001171,2025-05-01 12:28:27,purchase,web,14.18,EUR,completed,utilities,payments
T000000001308,C00000238,A000000180,2025-08-19 21:15:20,direct_debit,web,70.43,EUR,completed,restaurant,core_banking
T000000001309,C00000416,A000000575,2025-08-24 05:24:45,purchase,api,28.39,GBP,completed,retail,core_banking
T000000001310,C00000853,A000000270,2025-07-04 14:58:26,purchase,api,70.85,GBP,completed,restaurant,payments
T000000001311,C00000525,A000000701,2026-09-06 07:35:51,purchase,branch,58.49,EUR,completed,travel,cards
T000000001312,C00000349,A000000482,2025-05-10 23:22:01,transfer,atm,72.61,GBP,completed,utilities,core_banking
T000000001313,C00000780,A000000068,2026-03-28 06:02:13,transfer,api,18.17,GBP,completed,other,core_banking
T000000001314,C00000854,A000000102,2026-08-06 20:54:44,purchase,api,46.03,GBP,completed,utilities,payments
T000000001315,C00000903,A000001236,2026-05-23 15:10:15,purchase,mobile,65.03,GBP,completed,restaurant,cards
T000000001316,C00000299,A000000083,2026-05-26 05:09:13,purchase,api,5.88,GBP,completed,retail,cards
T000000001317,C00000710,A000001135,2025-04-12 18:12:30,purchase,branch,178.89,GBP,completed,restaurant,core_banking
T000000001318,C00000591,A000001329,2025-03-27 05:47:18,purchase,web,323.52,GBP,completed,other,core_banking
T000000001319,C00000449,A000000676,2026-05-16 06:17:44,cash_withdrawal,web,81.02,EUR,completed,other,payments
T000000001320,C00000397,A000000453,2026-04-23 08:16:28,purchase,mobile,69.84,USD,completed,other,payments
T000000001321,C00000115,A000001126,2026-04-20 16:21:41,purchase,atm,55.6,GBP,completed,travel,cards
T000000001322,C00000275,A000001425,2025-09-25 09:23:46,purchase,branch,21.34,USD,completed,other,cards
T000000001323,C00000550,A000000175,2025-12-01 13:39:33,transfer,mobile,26.69,GBP,reversed,retail,core_banking
T000000001324,C00000887,A000001399,2025-01-10 13:16:18,direct_debit,web,82.49,GBP,completed,other,core_banking
T000000001325,C00000867,A000001369,2025-07-05 04:43:08,purchase,mobile,10.78,GBP,completed,grocery,cards
T000000001326,C00000188,A000000207,2025-12-04 05:34:49,purchase,web,9.84,GBP,completed,other,cards
T000000001327,C00000680,A000000080,2025-03-22 07:21:49,cash_withdrawal,web,19.74,GBP,completed,travel,core_banking
T000000001328,C00000085,A000001037,2025-03-25 05:20:10,purchase,branch,59.68,USD,completed,travel,core_banking
T000000001329,C00000676,A000000113,2025-01-29 22:02:58,direct_debit,mobile,12.07,GBP,completed,utilities,mobile
T000000001330,C00000342,A000000872,2025-05-15 09:09:12,refund,mobile,23.65,GBP,completed,utilities,cards
T000000001331,C00000450,A000000094,2026-09-27 09:43:01,transfer,mobile,26.79,GBP,completed,grocery,payments
T000000001332,C00000718,A000001002,2026-03-21 16:07:42,refund,web,10.36,GBP,completed,utilities,payments
T000000001333,C00000425,A000000336,2026-08-29 18:54:49,purchase,api,2.31,GBP,failed,restaurant,payments
T000000001334,C00000808,A000000140,2025-06-14 16:30:54,purchase,atm,10.2,GBP,completed,retail,core_banking
T000000001335,C00000534,A000000097,2026-01-18 13:13:41,purchase,atm,39.41,GBP,completed,utilities,core_banking
T000000001336,C00000999,A000000274,2026-07-24 23:25:36,purchase,mobile,49.92,GBP,completed,other,cards
T000000001337,C00000639,A000000785,2025-08-13 21:35:46,purchase,mobile,50.35,GBP,completed,travel,cards
T000000001338,C00000297,A000000112,2026-02-24 04:51:28,transfer,api,56.83,USD,completed,travel,core_banking
T000000001339,C00000776,A000001164,2026-03-19 03:50:26,transfer,web,15.52,GBP,pending,other,cards
T000000001340,C00000408,A000000876,2026-06-16 09:25:43,purchase,mobile,12.4,EUR,completed,grocery,core_banking
T000000001341,C00000535,A000000432,2026-09-12 20:02:56,transfer,web,44.43,USD,completed,travel,core_banking
T000000001342,C00000137,A000001431,2026-01-29 23:09:08,purchase,branch,23.99,GBP,completed,travel,mobile
T000000001343,C00000120,A000000955,2026-01-08 16:51:46,purchase,mobile,77.67,GBP,completed,restaurant,cards
T000000001344,C00000575,A000000975,2026-07-10 16:33:36,purchase,mobile,44.72,GBP,completed,grocery,core_banking
T000000001345,C00000187,A000000253,2026-03-14 05:36:31,cash_withdrawal,branch,115.35,USD,completed,retail,core_banking
T000000001346,C00000998,A000001031,2025-08-20 14:12:52,transfer,mobile,18.38,GBP,failed,retail,mobile
T000000001347,C00000856,A000000811,2026-02-07 04:25:25,cash_withdrawal,web,91.92,GBP,completed,grocery,mobile
T000000001348,C00000701,A000001428,2025-12-17 12:57:05,purchase,atm,253.77,GBP,pending,grocery,core_banking
T000000001349,C00000735,A000000694,2025-05-27 04:39:00,purchase,api,31.7,EUR,completed,retail,core_banking
T000000001350,C00000596,A000000984,2025-11-26 01:48:44,refund,web,50.62,GBP,completed,grocery,cards
T000000001351,C00000061,A000000495,2026-02-03 23:12:53,purchase,mobile,11.28,GBP,completed,other,core_banking
T000000001352,C00000393,A000000059,2026-08-01 21:26:27,purchase,web,76.61,GBP,completed,retail,cards
T000000001353,C00000496,A000000186,2026-01-06 16:26:51,purchase,mobile,98.05,USD,completed,grocery,core_banking
T000000001354,C00000916,A000001258,2025-04-16 15:00:43,purchase,api,17.83,GBP,completed,utilities,core_banking
T000000001355,C00000220,A000001071,2026-09-24 05:45:35,transfer,branch,55.45,GBP,completed,restaurant,cards
T000000001356,C00000497,A000000529,2026-01-05 13:43:12,purchase,web,40.23,EUR,completed,utilities,core_banking
T000000001357,C00000345,A000001012,2025-07-03 17:57:14,transfer,atm,45.17,GBP,completed,utilities,cards
T000000001358,C00000135,A000000007,2026-04-28 12:56:52,direct_debit,mobile,70.29,USD,completed,grocery,core_banking
T000000001359,C00000104,A000000054,2025-09-03 06:45:59,purchase,web,51.67,GBP,completed,restaurant,cards
T000000001360,C00000366,A000000736,2025-08-25 09:24:21,purchase,api,25.9,GBP,reversed,other,mobile
T000000001361,C00000083,A000000907,2026-06-21 20:10:59,direct_debit,mobile,71.88,GBP,completed,retail,cards
T000000001362,C00000068,A000001359,2026-07-09 06:06:43,transfer,mobile,96.3,GBP,failed,grocery,cards
T000000001363,C00000351,A000001102,2025-12-01 23:04:25,direct_debit,api,16.74,EUR,pending,travel,cards
T000000001364,C00000202,A000000374,2025-08-27 18:07:39,purchase,web,29.91,GBP,completed,utilities,payments
T000000001365,C00000555,A000001182,2026-07-06 21:21:56,transfer,mobile,4.68,GBP,completed,utilities,payments
T000000001366,C00000018,A000000713,2025-04-21 12:13:46,direct_debit,mobile,55.3,GBP,completed,other,core_banking
T000000001367,C00000302,A000001198,2026-04-23 05:22:10,purchase,web,108.23,GBP,completed,retail,core_banking
T000000001368,C00000454,A000000252,2026-01-09 00:48:52,direct_debit,web,22.87,GBP,completed,other,cards
T000000001369,C00000964,A000000039,2026-06-30 12:50:17,transfer,web,34.47,GBP,completed,travel,payments
T000000001370,C00000635,A000000084,2025-09-26 09:34:41,direct_debit,mobile,23.78,USD,completed,utilities,core_banking
T000000001371,C00000881,A000001437,2026-06-16 02:43:42,purchase,web,20.02,GBP,completed,utilities,cards
T000000001372,C00000344,A000000117,2025-01-10 22:17:11,purchase,branch,38.24,EUR,completed,travel,cards
T000000001373,C00000450,A000001363,2026-04-30 23:17:10,purchase,api,13.15,GBP,completed,retail,core_banking
T000000001374,C00000421,A000001055,2025-02-14 08:58:24,refund,branch,23.41,GBP,pending,restaurant,payments
T000000001375,C00000888,A000000212,2026-02-15 16:01:59,purchase,branch,11.59,GBP,completed,utilities,core_banking
T000000001376,C00000960,A000001253,2025-05-05 09:55:03,purchase,atm,55.62,GBP,completed,utilities,cards
T000000001377,C00000963,A000000210,2026-09-08 11:55:24,direct_debit,mobile,38.52,GBP,completed,utilities,payments
T000000001378,C00000752,A000000208,2026-05-07 14:58:30,purchase,mobile,19.05,USD,pending,restaurant,mobile
T000000001379,C00000504,A000000835,2025-03-08 09:59:39,transfer,mobile,31.15,GBP,completed,other,cards
T000000001380,C00000541,A000000419,2026-07-25 19:14:24,purchase,mobile,23.77,GBP,completed,retail,core_banking
T000000001381,C00000981,A000000422,2025-06-10 04:32:39,transfer,api,99.59,GBP,completed,retail,payments
T000000001382,C00000285,A000000283,2025-12-15 16:02:35,purchase,mobile,18.86,GBP,completed,other,payments
T000000001383,C00000347,A000000882,2025-02-24 23:35:42,transfer,atm,58.37,GBP,completed,retail,core_banking
T000000001384,C00000897,A000000039,2025-03-09 20:24:04,transfer,mobile,14.29,EUR,completed,other,core_banking
T000000001385,C00000387,A000000356,2025-06-04 01:05:50,purchase,web,70.45,GBP,failed,other,core_banking
T000000001386,C00000236,A000000803,2025-12-08 02:44:07,purchase,mobile,89.05,USD,completed,restaurant,payments
T000000001387,C00000561,A000000706,2025-12-13 15:05:22,purchase,mobile,93.57,GBP,completed,restaurant,core_banking
T000000001388,C00000326,A000001015,2026-07-01 22:11:24,cash_withdrawal,web,140.41,GBP,completed,other,core_banking
T000000001389,C00000891,A000000314,2025-04-16 20:15:23,purchase,branch,40.73,EUR,reversed,travel,cards
T000000001390,C00000910,A000000940,2026-04-24 21:41:38,purchase,web,109.93,GBP,completed,retail,mobile
T000000001391,C00000307,A000001102,2025-01-04 03:35:36,purchase,atm,164.91,GBP,failed,utilities,core_banking
T000000001392,C00000530,A000000563,2025-07-06 12:27:34,transfer,api,9.22,GBP,completed,travel,cards
T000000001393,C00000984,A000000373,2025-04-22 17:25:16,cash_withdrawal,web,15.9,GBP,completed,utilities,mobile
T000000001394,C00000743,A000000805,2025-03-21 14:59:37,purchase,api,6.23,GBP,completed,utilities,mobile
T000000001395,C00000216,A000000840,2026-01-09 18:38:55,direct_debit,mobile,91.3,GBP,completed,utilities,core_banking
T000000001396,C00000591,A000000137,2026-07-30 05:06:27,transfer,mobile,6.15,GBP,pending,utilities,core_banking
T000000001397,C00000620,A000000820,2026-03-03 10:58:09,direct_debit,web,4.62,GBP,completed,grocery,core_banking
T000000001398,C00000654,A000000224,2026-06-30 10:45:02,cash_withdrawal,web,9.47,GBP,completed,retail,core_banking
T000000001399,C00000026,A000000825,2026-01-13 22:33:25,purchase,web,4.83,GBP,pending,other,cards
T000000001400,C00000300,A000001352,2025-02-04 04:51:53,refund,web,39.88,EUR,completed,travel,cards
T000000001401,C00000855,A000000779,2025-08-10 07:49:58,cash_withdrawal,api,9.59,USD,completed,retail,payments
T000000001402,C00000242,A000001105,2026-06-11 00:31:38,transfer,mobile,5.08,GBP,completed,utilities,cards
T000000001403,C00000300,A000000450,2025-01-29 03:38:31,purchase,atm,28.68,EUR,completed,utilities,payments
T000000001404,C00000323,A000001338,2025-03-04 23:32:30,purchase,web,30.51,USD,completed,travel,payments
T000000001405,C00000178,A000001179,2026-06-17 20:20:39,transfer,web,4.21,GBP,completed,grocery,cards
T000000001406,C00000156,A000001330,2025-02-10 06:13:10,purchase,mobile,14.16,GBP,completed,restaurant,core_banking
T000000001407,C00000348,A000001076,2026-09-06 16:50:58,transfer,mobile,27.71,EUR,completed,utilities,payments
T000000001408,C00000875,A000000942,2026-04-30 14:14:04,purchase,web,20.6,GBP,completed,other,payments
T000000001409,C00000002,A000000762,2026-03-02 21:45:28,transfer,atm,21.2,GBP,completed,other,core_banking
T000000001410,C00000284,A000001346,2025-12-09 07:12:21,purchase,web,103.36,GBP,completed,grocery,core_banking
T000000001411,C00000061,A000001230,2025-02-27 23:51:51,purchase,mobile,285.39,GBP,completed,retail,cards
T000000001412,C00000562,A000000605,2025-09-22 08:53:41,purchase,atm,21.56,EUR,completed,restaurant,core_banking
T000000001413,C00000251,A000000125,2026-06-01 17:12:16,direct_debit,branch,7.48,GBP,completed,travel,payments
T000000001414,C00000792,A000000006,2026-08-01 09:32:46,transfer,api,23.42,GBP,completed,travel,core_banking
T000000001415,C00000586,A000000339,2025-10-13 16:07:00,refund,web,36.75,GBP,completed,grocery,cards
T000000001416,C00000784,A000000091,2026-06-21 08:02:28,cash_withdrawal,branch,28.33,EUR,completed,utilities,core_banking
T000000001417,C00000635,A000000307,2026-05-12 20:14:20,cash_withdrawal,web,56.9,GBP,completed,retail,cards
T000000001418,C00000439,A000000159,2025-02-06 15:17:51,transfer,branch,305.67,GBP,completed,other,payments
T000000001419,C00000861,A000001423,2026-02-01 06:55:50,direct_debit,web,4.96,GBP,completed,other,core_banking
T000000001420,C00000477,A000000139,2026-01-29 23:03:44,refund,mobile,17.59,GBP,completed,grocery,core_banking
T000000001421,C00000950,A000000909,2025-12-13 17:01:12,cash_withdrawal,api,151.14,USD,completed,other,core_banking
T000000001422,C00000995,A000000510,2026-05-09 10:17:14,purchase,branch,17.32,GBP,completed,grocery,core_banking
T000000001423,C00000590,A000000253,2026-07-23 03:15:40,transfer,web,68.65,EUR,completed,restaurant,cards
T000000001424,C00000675,A000001017,2025-12-18 23:21:35,purchase,web,58.12,GBP,completed,other,core_banking
T000000001425,C00000256,A000001408,2025-07-24 18:07:11,purchase,branch,109.81,USD,completed,retail,core_banking
T000000001426,C00000815,A000001147,2026-09-21 16:01:37,cash_withdrawal,mobile,223.41,GBP,completed,grocery,payments
T000000001427,C00000672,A000001415,2026-09-08 19:59:40,direct_debit,mobile,42.51,GBP,completed,grocery,payments
T000000001428,C00000903,A000000856,2026-03-15 14:34:16,purchase,mobile,4.79,GBP,completed,retail,core_banking
T000000001429,C00000268,A000000977,2026-02-14 05:34:05,purchase,mobile,14.36,GBP,failed,other,payments
T000000001430,C00000788,A000000213,2025-03-08 05:41:25,direct_debit,mobile,297.48,EUR,completed,retail,mobile
T000000001431,C00000471,A000001237,2025-09-14 01:53:52,purchase,atm,6.79,GBP,completed,retail,cards
T000000001432,C00000186,A000001085,2025-05-07 01:30:36,purchase,mobile,50.48,GBP,completed,grocery,payments
T000000001433,C00000172,A000000369,2025-11-26 17:29:17,cash_withdrawal,atm,2.14,GBP,completed,utilities,cards
T000000001434,C00000563,A000000515,2026-06-12 20:26:47,direct_debit,api,7.25,GBP,completed,travel,core_banking
T000000001435,C00000320,A000000886,2025-05-24 03:56:02,transfer,mobile,76.04,GBP,completed,restaurant,mobile
T000000001436,C00000102,A000000019,2026-09-29 13:46:31,transfer,branch,31.12,GBP,pending,restaurant,mobile
T000000001437,C00000428,A000001186,2025-03-24 02:58:25,purchase,web,20.18,EUR,completed,restaurant,core_banking
T000000001438,C00000653,A000000407,2025-03-04 09:56:45,purchase,api,12.74,GBP,completed,utilities,core_banking
T000000001439,C00000319,A000000109,2026-09-15 18:58:39,cash_withdrawal,web,3.68,GBP,completed,utilities,core_banking
T000000001440,C00000956,A000000480,2025-03-06 19:29:13,direct_debit,web,62.06,GBP,completed,retail,cards
T000000001441,C00000780,A000001212,2026-04-15 22:46:12,purchase,mobile,22.26,GBP,completed,restaurant,mobile
T000000001442,C00000513,A000000398,2026-05-03 07:27:14,purchase,api,6.06,GBP,completed,restaurant,core_banking
T000000001443,C00000935,A000000782,2025-07-30 22:46:10,purchase,mobile,30.93,USD,failed,travel,cards
T000000001444,C00000433,A000001178,2025-02-11 18:48:24,purchase,atm,55.16,GBP,completed,travel,payments
T000000001445,C00000140,A000000049,2025-07-17 08:07:37,purchase,mobile,24.27,GBP,completed,restaurant,core_banking
T000000001446,C00000036,A000001102,2025-02-13 07:52:16,purchase,branch,33.85,GBP,completed,retail,cards
T000000001447,C00000939,A000000419,2026-03-06 02:34:53,cash_withdrawal,web,31.19,EUR,completed,travel,core_banking
T000000001448,C00000960,A000001009,2026-07-22 22:06:04,purchase,mobile,14.27,EUR,completed,other,core_banking
T000000001449,C00000740,A000000273,2026-09-30 04:52:45,cash_withdrawal,mobile,31.72,GBP,completed,other,cards
T000000001450,C00000104,A000000202,2026-05-27 06:25:52,transfer,mobile,64.84,GBP,pending,restaurant,core_banking
T000000001451,C00000294,A000001144,2026-05-10 09:54:36,direct_debit,atm,88.8,GBP,completed,retail,payments
T000000001452,C00000042,A000001172,2026-07-18 03:18:04,refund,branch,68.74,GBP,completed,utilities,core_banking
T000000001453,C00000052,A000001423,2026-05-07 19:20:36,purchase,mobile,14.75,GBP,completed,other,payments
T000000001454,C00000247,A000000982,2026-02-20 16:45:15,purchase,web,58.44,GBP,completed,utilities,cards
T000000001455,C00000573,A000000676,2026-09-29 03:45:32,cash_withdrawal,mobile,48.85,GBP,completed,restaurant,mobile
T000000001456,C00000066,A000000283,2025-07-26 03:54:30,purchase,branch,14.22,EUR,completed,other,payments
T000000001457,C00000985,A000000429,2025-09-21 00:31:40,purchase,atm,18.4,GBP,completed,restaurant,payments
T000000001458,C00000456,A000000940,2026-08-03 22:47:04,purchase,api,61.17,GBP,completed,utilities,core_banking
T000000001459,C00000264,A000000502,2025-07-18 10:27:31,direct_debit,api,127.2,USD,failed,retail,core_banking
T000000001460,C00000517,A000000702,2025-07-10 15:43:59,purchase,mobile,4.47,GBP,failed,retail,payments
T000000001461,C00000791,A000000244,2025-04-08 03:35:57,transfer,mobile,167.68,GBP,completed,restaurant,payments
T000000001462,C00000313,A000000638,2025-06-26 05:32:26,purchase,api,101.73,GBP,completed,retail,payments
T000000001463,C00000048,A000000346,2026-01-15 12:59:44,transfer,mobile,36.93,GBP,completed,travel,core_banking
T000000001464,C00000051,A000000163,2026-07-21 05:00:41,purchase,mobile,23.27,EUR,completed,travel,core_banking
T000000001465,C00000852,A000000192,2025-03-29 14:42:37,direct_debit,mobile,45.15,EUR,completed,utilities,core_banking
T000000001466,C00000112,A000000752,2026-03-12 22:10:22,cash_withdrawal,atm,15.29,GBP,completed,other,core_banking
T000000001467,C00000636,A000000532,2026-05-05 07:19:20,purchase,branch,24.86,USD,completed,retail,payments
T000000001468,C00000385,A000000145,2026-07-27 14:35:18,purchase,api,6.37,GBP,completed,utilities,cards
T000000001469,C00000778,A000000746,2026-04-25 21:58:33,direct_debit,mobile,4.81,GBP,completed,travel,cards
T000000001470,C00000061,A000000239,2025-04-10 21:26:58,cash_withdrawal,mobile,346.86,GBP,completed,retail,core_banking
T000000001471,C00000898,A000000023,2025-11-09 00:11:07,purchase,web,32.02,GBP,completed,retail,payments
T000000001472,C00000699,A000000193,2026-09-01 02:38:43,purchase,atm,37.11,GBP,reversed,retail,core_banking
T000000001473,C00000450,A000000651,2026-08-04 23:40:07,purchase,mobile,29.01,GBP,completed,other,core_banking
T000000001474,C00000208,A000001384,2026-01-27 22:12:33,purchase,api,12.56,USD,completed,other,payments
T000000001475,C00000978,A000000351,2026-09-08 07:43:33,purchase,web,21.71,GBP,completed,travel,payments
T000000001476,C00000303,A000000414,2026-03-03 12:28:52,purchase,atm,32.97,GBP,pending,retail,core_banking
T000000001477,C00000491,A000000352,2025-02-11 13:44:49,purchase,atm,24.37,GBP,completed,grocery,core_banking
T000000001478,C00000395,A000000516,2026-08-08 16:02:31,direct_debit,web,13.6,GBP,completed,restaurant,core_banking
T000000001479,C00000231,A000001041,2025-04-18 18:00:32,direct_debit,atm,49.57,GBP,completed,restaurant,cards
T000000001480,C00000417,A000000468,2025-09-01 08:56:56,direct_debit,web,36.52,GBP,completed,other,core_banking
T000000001481,C00000152,A000000954,2025-06-02 21:21:30,transfer,atm,45.27,GBP,completed,utilities,cards
T000000001482,C00000002,A000001303,2026-04-05 01:25:09,transfer,atm,62.82,EUR,completed,other,core_banking
T000000001483,C00000290,A000001372,2025-01-20 00:46:42,purchase,web,25.05,GBP,completed,grocery,cards
T000000001484,C00000113,A000000817,2026-02-14 22:59:28,cash_withdrawal,mobile,25.09,GBP,completed,retail,payments
T000000001485,C00000415,A000001035,2026-07-07 04:15:07,purchase,api,142.11,GBP,pending,retail,payments
T000000001486,C00000863,A000001333,2026-05-19 23:52:13,transfer,api,11.12,EUR,completed,restaurant,core_banking
T000000001487,C00000163,A000001141,2025-07-16 06:51:47,refund,branch,4.19,USD,completed,travel,core_banking
T000000001488,C00000002,A000000435,2026-07-28 08:44:56,direct_debit,api,53.69,GBP,completed,travel,core_banking
T000000001489,C00000112,A000000192,2025-08-20 00:40:17,purchase,web,15.47,GBP,completed,grocery,core_banking
T000000001490,C00000509,A000000167,2026-03-11 22:39:10,cash_withdrawal,web,9.67,GBP,completed,other,core_banking
T000000001491,C00000275,A000001279,2025-11-20 08:37:23,purchase,web,75.91,GBP,completed,retail,core_banking
T000000001492,C00000490,A000000807,2025-02-13 04:01:31,purchase,mobile,25.74,EUR,completed,grocery,payments
T000000001493,C00000030,A000000430,2025-01-02 11:36:00,purchase,web,7.95,GBP,reversed,travel,payments
T000000001494,C00000334,A000000502,2025-04-28 03:42:44,purchase,branch,228.54,GBP,completed,utilities,payments
T000000001495,C00000411,A000000409,2026-08-21 18:57:16,cash_withdrawal,mobile,5.52,GBP,completed,retail,core_banking
T000000001496,C00000432,A000001163,2026-09-02 01:45:16,purchase,mobile,27.36,EUR,completed,utilities,payments
T000000001497,C00000552,A000000888,2025-09-20 11:58:52,purchase,branch,4.12,GBP,completed,grocery,cards
T000000001498,C00000781,A000001276,2026-09-11 09:23:25,refund,atm,39.81,GBP,completed,other,cards
T000000001499,C00000468,A000000438,2025-02-01 00:53:32,transfer,api,15.28,EUR,completed,restaurant,core_banking
T000000001500,C00000842,A000000686,2026-09-11 01:15:18,purchase,mobile,70.83,GBP,failed,travel,payments
T000000001501,C00000530,A000000177,2025-05-28 12:26:52,transfer,atm,29.42,GBP,completed,retail,core_banking
T000000001502,C00000261,A000001409,2025-01-24 09:28:18,transfer,mobile,123.73,GBP,completed,grocery,core_banking
T000000001503,C00000230,A000000743,2026-04-30 03:06:50,transfer,mobile,19.08,GBP,completed,grocery,core_banking
T000000001504,C00000323,A000000802,2025-09-02 03:19:16,transfer,branch,5.56,GBP,completed,other,core_banking
T000000001505,C00000598,A000000600,2025-07-06 19:18:56,direct_debit,web,38.45,USD,completed,grocery,mobile
T000000001506,C00000243,A000000393,2026-05-01 17:31:57,purchase,atm,22.98,EUR,pending,retail,cards
T000000001507,C00000915,A000001376,2025-08-01 14:35:12,transfer,mobile,4.44,GBP,completed,other,payments
T000000001508,C00000480,A000000710,2026-04-27 20:00:02,purchase,mobile,9.89,GBP,completed,travel,mobile
T000000001509,C00000864,A000000979,2025-05-05 01:39:48,direct_debit,web,13.82,USD,completed,restaurant,cards
T000000001510,C00000684,A000000055,2025-02-24 16:30:27,purchase,mobile,153.42,GBP,completed,grocery,payments
T000000001511,C00000334,A000000401,2025-07-27 18:03:38,purchase,mobile,62.98,GBP,completed,other,mobile
T000000001512,C00000229,A000001166,2026-01-25 04:48:42,refund,mobile,20.8,EUR,completed,other,core_banking
T000000001513,C00000744,A000000128,2025-05-24 12:52:22,transfer,mobile,49.13,GBP,completed,other,core_banking
T000000001514,C00000331,A000000148,2025-04-02 18:24:15,purchase,atm,3.52,GBP,completed,utilities,core_banking
T000000001515,C00000247,A000001175,2026-04-24 14:29:00,purchase,mobile,16.56,GBP,completed,other,cards
T000000001516,C00000931,A000000448,2025-11-12 05:59:16,purchase,branch,45.65,GBP,completed,restaurant,payments
T000000001517,C00000483,A000000398,2025-10-03 15:57:14,refund,web,35.65,GBP,completed,retail,core_banking
T000000001518,C00000049,A000000820,2025-06-03 18:13:39,purchase,web,17.01,GBP,completed,other,payments
T000000001519,C00000495,A000000283,2025-01-12 00:13:58,purchase,web,28.78,GBP,completed,travel,cards
T000000001520,C00000461,A000000063,2025-02-03 13:37:03,transfer,branch,42.73,GBP,completed,other,core_banking
T000000001521,C00000864,A000000007,2026-03-12 12:06:38,purchase,atm,29.67,GBP,completed,other,payments
T000000001522,C00000712,A000000116,2025-02-21 08:48:03,purchase,mobile,74.0,GBP,completed,retail,payments
T000000001523,C00000192,A000000230,2025-06-07 01:03:42,direct_debit,atm,41.87,GBP,completed,travel,core_banking
T000000001524,C00000151,A000001010,2026-08-06 02:00:13,purchase,mobile,51.25,USD,completed,grocery,core_banking
T000000001525,C00000604,A000000433,2025-08-08 18:00:14,direct_debit,web,181.13,GBP,completed,utilities,payments
T000000001526,C00000048,A000000105,2026-04-21 19:51:36,direct_debit,web,71.44,GBP,completed,restaurant,core_banking
T000000001527,C00000320,A000000021,2025-08-08 10:03:43,purchase,mobile,186.42,GBP,completed,utilities,core_banking
T000000001528,C00000139,A000000692,2026-08-19 22:33:06,cash_withdrawal,mobile,14.8,USD,completed,utilities,payments
T000000001529,C00000021,A000001219,2026-06-10 22:15:49,cash_withdrawal,mobile,5.63,EUR,completed,grocery,core_banking
T000000001530,C00000919,A000000492,2025-10-28 15:58:55,transfer,mobile,25.86,EUR,completed,grocery,core_banking
T000000001531,C00000090,A000000093,2026-03-14 13:56:31,transfer,web,23.64,GBP,completed,travel,payments
T000000001532,C00000010,A000000331,2025-09-22 23:08:56,purchase,mobile,138.71,GBP,completed,other,cards
T000000001533,C00000933,A000000725,2026-08-27 14:38:06,purchase,atm,9.15,GBP,reversed,utilities,core_banking
T000000001534,C00000189,A000000274,2025-08-18 22:25:07,cash_withdrawal,api,27.58,GBP,completed,retail,core_banking
T000000001535,C00000817,A000001419,2026-06-19 23:29:44,purchase,mobile,45.85,GBP,completed,utilities,core_banking
T000000001536,C00000032,A000001107,2026-01-29 04:40:14,purchase,mobile,33.29,EUR,completed,retail,core_banking
T000000001537,C00000154,A000000500,2026-02-16 15:51:22,transfer,web,25.03,GBP,completed,grocery,mobile
T000000001538,C00000111,A000001380,2025-08-13 17:32:56,purchase,api,43.66,GBP,completed,utilities,core_banking
T000000001539,C00000707,A000000472,2026-06-17 19:40:55,cash_withdrawal,web,93.04,EUR,completed,restaurant,core_banking
T000000001540,C00000621,A000000204,2026-04-22 08:22:59,direct_debit,mobile,150.28,USD,completed,other,payments
T000000001541,C00000476,A000001361,2026-06-05 20:40:42,direct_debit,api,31.01,GBP,completed,retail,payments
T000000001542,C00000242,A000001392,2026-05-28 11:42:01,purchase,web,12.72,GBP,completed,travel,payments
T000000001543,C00000089,A000000454,2025-04-11 09:17:02,purchase,mobile,150.09,EUR,completed,other,core_banking
T000000001544,C00000570,A000000863,2026-07-14 03:46:01,direct_debit,api,9.66,USD,pending,retail,core_banking
T000000001545,C00000231,A000000252,2026-06-22 07:42:31,purchase,api,196.39,GBP,completed,grocery,mobile
T000000001546,C00000591,A000000931,2025-06-05 23:23:40,cash_withdrawal,web,122.9,GBP,completed,utilities,payments
T000000001547,C00000688,A000001001,2026-09-20 17:11:19,transfer,mobile,143.15,GBP,completed,grocery,payments
T000000001548,C00000850,A000001030,2025-12-03 17:25:38,purchase,web,61.54,EUR,completed,other,core_banking
T000000001549,C00000494,A000000825,2025-07-25 21:29:44,purchase,mobile,3.26,GBP,completed,restaurant,payments
T000000001550,C00000005,A000001021,2025-05-23 06:24:20,transfer,web,10.06,GBP,completed,retail,mobile
T000000001551,C00000281,A000000805,2025-08-22 15:52:37,purchase,mobile,41.36,EUR,completed,utilities,core_banking
T000000001552,C00000854,A000001189,2025-01-24 08:54:55,direct_debit,branch,14.74,GBP,completed,retail,core_banking
T000000001553,C00000534,A000000261,2026-03-18 20:21:06,transfer,atm,21.52,GBP,completed,retail,core_banking
T000000001554,C00000620,A000000702,2026-03-29 10:08:22,purchase,api,57.02,GBP,completed,other,payments
T000000001555,C00000458,A000000604,2026-03-03 20:31:01,cash_withdrawal,atm,25.07,GBP,completed,restaurant,core_banking
T000000001556,C00000163,A000000774,2025-12-17 17:56:26,purchase,mobile,8.33,GBP,completed,utilities,core_banking
T000000001557,C00000897,A000000207,2025-08-20 18:31:36,purchase,mobile,75.94,GBP,completed,other,cards
T000000001558,C00000773,A000000470,2026-04-08 22:13:00,refund,web,51.45,GBP,completed,grocery,payments
T000000001559,C00000996,A000001384,2026-07-11 18:58:30,cash_withdrawal,mobile,23.07,USD,completed,other,core_banking
T000000001560,C00000856,A000000153,2025-02-25 07:42:52,transfer,mobile,63.23,GBP,completed,travel,mobile
T000000001561,C00000292,A000000922,2025-09-02 12:30:58,direct_debit,atm,33.11,EUR,completed,travel,core_banking
T000000001562,C00000255,A000000964,2026-09-29 11:20:24,transfer,mobile,121.26,GBP,completed,utilities,cards
T000000001563,C00000249,A000000689,2026-07-05 01:32:59,purchase,mobile,35.12,EUR,completed,grocery,cards
T000000001564,C00000919,A000000049,2026-09-28 14:14:13,purchase,web,120.32,USD,completed,retail,cards
T000000001565,C00000557,A000000050,2025-04-28 10:29:53,purchase,api,4.19,USD,completed,retail,cards
T000000001566,C00000455,A000000400,2025-10-25 09:26:24,purchase,branch,48.53,EUR,completed,grocery,cards
T000000001567,C00000969,A000000149,2025-03-25 02:37:51,transfer,mobile,19.73,GBP,completed,travel,payments
T000000001568,C00000604,A000000137,2026-07-08 12:06:01,cash_withdrawal,web,12.16,GBP,failed,retail,payments
T000000001569,C00000910,A000000233,2025-11-28 13:53:48,purchase,api,101.13,GBP,completed,grocery,mobile
T000000001570,C00000985,A000000277,2025-06-05 02:32:13,transfer,mobile,76.21,GBP,completed,other,mobile
T000000001571,C00000080,A000001216,2025-02-27 15:14:18,direct_debit,branch,3.64,GBP,completed,retail,cards
T000000001572,C00000362,A000000927,2026-04-17 04:01:27,refund,branch,63.51,GBP,completed,restaurant,payments
T000000001573,C00000735,A000000045,2026-06-03 03:28:48,purchase,branch,55.92,GBP,completed,travel,core_banking
T000000001574,C00000814,A000000912,2026-07-16 09:37:35,direct_debit,mobile,14.02,GBP,failed,utilities,cards
T000000001575,C00000149,A000000199,2026-09-13 09:20:16,direct_debit,api,12.47,GBP,completed,grocery,core_banking
T000000001576,C00000319,A000000611,2026-06-05 21:57:30,purchase,mobile,5.64,GBP,failed,travel,core_banking
T000000001577,C00000549,A000000056,2026-05-18 01:37:26,purchase,mobile,21.02,GBP,completed,restaurant,mobile
T000000001578,C00000800,A000000131,2026-06-03 08:23:04,purchase,mobile,24.87,GBP,completed,retail,payments
T000000001579,C00000113,A000000193,2026-10-01 17:37:42,transfer,web,69.19,EUR,completed,other,core_banking
T000000001580,C00000601,A000000629,2025-10-23 05:59:42,transfer,mobile,39.76,GBP,completed,other,cards
T000000001581,C00000297,A000000672,2026-04-30 23:33:27,transfer,atm,9.85,EUR,completed,grocery,core_banking
T000000001582,C00000217,A000000512,2026-06-08 17:49:43,cash_withdrawal,atm,38.51,GBP,completed,utilities,payments
T000000001583,C00000516,A000000900,2025-03-16 22:42:21,purchase,mobile,22.95,GBP,completed,restaurant,core_banking
T000000001584,C00000415,A000001045,2026-03-18 22:46:44,purchase,atm,11.23,GBP,completed,travel,cards
T000000001585,C00000636,A000001057,2025-08-05 02:37:11,direct_debit,api,5.65,GBP,completed,other,payments
T000000001586,C00000318,A000000840,2025-03-26 11:01:08,refund,mobile,57.75,EUR,completed,restaurant,cards
T000000001587,C00000824,A000000792,2025-04-19 17:52:12,cash_withdrawal,branch,47.88,USD,reversed,travel,core_banking
T000000001588,C00000079,A000000713,2025-03-14 00:12:23,purchase,api,53.76,GBP,completed,grocery,payments
T000000001589,C00000862,A000000346,2026-07-28 10:50:56,purchase,atm,13.95,GBP,completed,retail,payments
T000000001590,C00000030,A000000707,2026-05-09 16:30:56,purchase,web,35.86,GBP,completed,retail,core_banking
T000000001591,C00000736,A000000015,2025-03-07 19:01:45,purchase,api,7.07,GBP,completed,utilities,core_banking
T000000001592,C00000347,A000001402,2026-02-04 09:57:41,purchase,branch,10.63,GBP,completed,travel,cards
T000000001593,C00000384,A000000537,2026-02-27 20:42:44,direct_debit,mobile,31.04,GBP,reversed,travel,core_banking
T000000001594,C00000020,A000001097,2025-11-28 16:10:02,transfer,mobile,39.47,USD,completed,other,core_banking
T000000001595,C00000703,A000001388,2026-01-23 01:05:30,purchase,web,5.42,GBP,completed,other,cards
T000000001596,C00000166,A000000721,2026-08-03 06:39:54,purchase,web,9.87,GBP,completed,restaurant,cards
T000000001597,C00000660,A000001250,2025-11-28 22:30:36,purchase,mobile,20.42,GBP,completed,retail,payments
T000000001598,C00000726,A000000695,2026-02-26 00:03:28,transfer,mobile,81.98,GBP,failed,retail,mobile
T000000001599,C00000846,A000000192,2025-12-31 02:35:33,cash_withdrawal,atm,12.76,GBP,completed,travel,payments
T000000001600,C00000709,A000000039,2025-09-11 08:16:04,purchase,branch,34.73,GBP,completed,retail,core_banking
T000000001601,C00000302,A000000197,2026-07-24 23:51:05,direct_debit,mobile,38.77,GBP,pending,utilities,core_banking
T000000001602,C00000739,A000001367,2025-09-22 16:54:54,purchase,mobile,23.05,USD,completed,other,core_banking
T000000001603,C00000826,A000000689,2026-05-27 03:32:37,purchase,mobile,39.7,GBP,completed,restaurant,cards
T000000001604,C00000318,A000000463,2026-01-22 09:26:04,refund,mobile,7.3,GBP,completed,travel,cards
T000000001605,C00000125,A000000647,2026-03-14 22:32:56,purchase,branch,15.05,GBP,completed,other,mobile
T000000001606,C00000891,A000000372,2026-05-01 05:15:36,purchase,mobile,135.11,EUR,completed,grocery,core_banking
T000000001607,C00000148,A000001263,2026-04-16 13:48:41,transfer,api,145.47,GBP,completed,grocery,core_banking
T000000001608,C00000594,A000001450,2025-12-27 11:08:10,purchase,mobile,72.61,GBP,completed,other,cards
T000000001609,C00000237,A000000124,2026-01-29 18:15:03,purchase,mobile,95.15,GBP,completed,travel,core_banking
T000000001610,C00000127,A000001043,2025-11-22 18:03:22,purchase,atm,4.41,GBP,completed,other,core_banking
T000000001611,C00000777,A000000487,2025-08-05 19:59:55,purchase,web,11.07,GBP,completed,grocery,core_banking
T000000001612,C00000144,A000000069,2026-04-10 02:51:59,transfer,mobile,21.61,USD,completed,travel,core_banking
T000000001613,C00000671,A000001338,2026-07-16 10:53:32,purchase,mobile,378.58,GBP,completed,restaurant,core_banking
T000000001614,C00000694,A000000090,2026-03-27 16:36:07,cash_withdrawal,branch,21.57,GBP,completed,travel,cards
T000000001615,C00000061,A000000299,2026-05-09 10:03:21,direct_debit,mobile,65.51,USD,completed,utilities,payments
T000000001616,C00000173,A000000037,2026-06-15 16:00:58,purchase,atm,44.58,GBP,completed,restaurant,payments
T000000001617,C00000795,A000000684,2025-08-23 15:15:30,purchase,branch,43.55,GBP,completed,retail,core_banking
T000000001618,C00000508,A000000870,2025-02-09 08:53:51,purchase,atm,29.23,EUR,completed,grocery,core_banking
T000000001619,C00000122,A000000465,2025-08-04 02:24:10,purchase,branch,8.5,GBP,completed,restaurant,payments
T000000001620,C00000992,A000000104,2026-04-28 23:17:17,purchase,atm,1.76,EUR,completed,utilities,mobile
T000000001621,C00000265,A000000169,2026-06-06 19:49:26,cash_withdrawal,branch,115.12,GBP,completed,other,payments
T000000001622,C00000005,A000001354,2025-11-25 21:28:22,purchase,web,15.68,GBP,completed,restaurant,cards
T000000001623,C00000925,A000001169,2026-05-13 07:11:44,transfer,branch,4.22,EUR,completed,restaurant,payments
T000000001624,C00000017,A000001359,2025-02-17 07:35:16,transfer,branch,47.46,GBP,completed,utilities,payments
T000000001625,C00000554,A000000770,2026-02-16 07:45:45,direct_debit,mobile,46.51,EUR,completed,restaurant,core_banking
T000000001626,C00000994,A000000792,2026-03-10 00:44:46,purchase,branch,67.11,EUR,completed,retail,core_banking
T000000001627,C00000578,A000001140,2025-11-21 04:04:22,purchase,mobile,96.69,USD,completed,other,mobile
T000000001628,C00000585,A000000895,2026-04-03 07:23:57,refund,web,11.42,GBP,completed,restaurant,mobile
T000000001629,C00000389,A000000633,2025-11-11 23:41:48,purchase,mobile,11.96,GBP,pending,travel,cards
T000000001630,C00000127,A000000424,2025-12-01 04:54:47,transfer,mobile,21.44,GBP,completed,other,cards
T000000001631,C00000573,A000000704,2026-01-21 12:11:15,transfer,mobile,71.0,GBP,completed,travel,core_banking
T000000001632,C00000898,A000000093,2026-05-23 13:08:02,transfer,mobile,3.29,GBP,completed,restaurant,payments
T000000001633,C00000092,A000000280,2025-06-08 08:38:07,purchase,mobile,34.28,GBP,completed,other,core_banking
T000000001634,C00000881,A000001070,2025-07-11 22:02:59,purchase,mobile,79.74,GBP,completed,retail,core_banking
T000000001635,C00000416,A000001259,2025-09-25 02:14:14,transfer,web,76.36,USD,completed,travel,core_banking
T000000001636,C00000537,A000000148,2025-05-10 20:53:17,transfer,web,63.05,GBP,completed,other,cards
T000000001637,C00000166,A000000141,2025-08-02 17:50:57,cash_withdrawal,api,91.48,GBP,completed,restaurant,mobile
T000000001638,C00000622,A000000125,2025-08-13 07:20:23,cash_withdrawal,atm,1.67,GBP,failed,retail,payments
T000000001639,C00000183,A000001148,2025-07-20 18:25:31,direct_debit,mobile,163.06,GBP,completed,other,core_banking
T000000001640,C00000274,A000000452,2025-09-20 10:17:10,refund,web,42.39,GBP,completed,grocery,core_banking
T000000001641,C00000722,A000000474,2025-11-19 23:17:44,cash_withdrawal,web,121.68,GBP,completed,utilities,core_banking
T000000001642,C00000051,A000000019,2026-03-21 00:52:37,purchase,web,8.73,GBP,completed,travel,core_banking
T000000001643,C00000448,A000001411,2025-07-13 00:42:49,purchase,web,4.75,GBP,completed,travel,cards
T000000001644,C00000595,A000000630,2026-06-25 13:03:35,transfer,branch,195.53,EUR,completed,retail,cards
T000000001645,C00000133,A000001157,2025-11-03 22:21:18,transfer,branch,11.33,USD,pending,utilities,core_banking
T000000001646,C00000295,A000001027,2026-04-06 01:31:14,purchase,mobile,21.62,GBP,completed,travel,mobile
T000000001647,C00000344,A000000206,2025-03-15 18:40:12,transfer,branch,52.13,GBP,completed,utilities,payments
T000000001648,C00000664,A000001162,2025-04-22 22:31:35,purchase,mobile,67.46,EUR,reversed,restaurant,core_banking
T000000001649,C00000977,A000000798,2025-10-17 11:40:22,purchase,atm,92.98,GBP,completed,grocery,payments
T000000001650,C00000837,A000000877,2025-08-23 20:48:23,direct_debit,api,37.89,GBP,completed,grocery,core_banking
T000000001651,C00000190,A000000291,2025-11-14 18:09:59,purchase,mobile,9.9,GBP,completed,restaurant,cards
T000000001652,C00000019,A000001228,2025-04-12 05:08:25,transfer,atm,62.93,GBP,completed,retail,cards
T000000001653,C00000052,A000001351,2025-10-30 20:30:01,transfer,atm,63.99,GBP,completed,travel,core_banking
T000000001654,C00000596,A000000590,2026-03-15 16:47:05,transfer,web,4.46,EUR,completed,other,cards
T000000001655,C00000157,A000000135,2026-04-11 00:18:06,purchase,mobile,132.9,GBP,completed,retail,mobile
T000000001656,C00000232,A000001231,2025-06-08 13:37:56,transfer,atm,2.2,GBP,completed,grocery,payments
T000000001657,C00000848,A000001287,2025-08-09 15:42:18,purchase,web,88.78,EUR,failed,travel,cards
T000000001658,C00000874,A000000735,2025-12-02 19:13:57,transfer,mobile,15.4,EUR,completed,utilities,payments
T000000001659,C00000840,A000000840,2025-11-27 18:30:38,purchase,branch,62.85,GBP,completed,travel,payments
T000000001660,C00000254,A000000324,2026-05-21 11:24:56,refund,web,51.2,GBP,completed,other,payments
T000000001661,C00000620,A000000098,2025-09-07 07:10:32,cash_withdrawal,mobile,28.82,GBP,completed,utilities,core_banking
T000000001662,C00000611,A000001370,2026-03-05 04:36:09,purchase,api,48.12,EUR,completed,grocery,core_banking
T000000001663,C00000186,A000000701,2026-07-19 02:08:10,purchase,mobile,27.36,GBP,completed,retail,payments
T000000001664,C00000554,A000000399,2025-07-10 15:21:22,purchase,web,63.41,USD,completed,retail,mobile
T000000001665,C00000526,A000001006,2026-06-10 23:02:04,cash_withdrawal,branch,297.24,GBP,completed,grocery,cards
T000000001666,C00000397,A000000038,2025-08-01 01:55:36,transfer,mobile,7.33,GBP,failed,grocery,mobile
T000000001667,C00000752,A000000116,2025-08-02 16:51:54,cash_withdrawal,atm,1.05,GBP,completed,grocery,cards
T000000001668,C00000678,A000000352,2026-02-22 14:01:48,direct_debit,branch,19.37,USD,completed,restaurant,core_banking
T000000001669,C00000533,A000000654,2026-02-02 04:07:31,transfer,web,18.03,EUR,completed,travel,mobile
T000000001670,C00000726,A000000532,2025-12-18 05:06:17,transfer,web,20.16,GBP,completed,retail,payments
T000000001671,C00000764,A000000272,2025-05-28 06:49:36,purchase,api,11.33,GBP,failed,grocery,cards
T000000001672,C00000567,A000000510,2025-03-03 16:26:18,transfer,api,74.89,GBP,completed,other,payments
T000000001673,C00000268,A000000485,2026-08-04 07:10:04,transfer,mobile,7.03,GBP,completed,other,core_banking
T000000001674,C00000759,A000000761,2026-07-13 19:52:22,cash_withdrawal,web,48.1,GBP,completed,restaurant,cards
T000000001675,C00000718,A000000816,2026-07-21 08:52:26,purchase,web,58.58,GBP,completed,travel,core_banking
T000000001676,C00000984,A000001281,2025-11-24 02:37:42,purchase,api,41.77,USD,completed,utilities,cards
T000000001677,C00000150,A000001170,2026-07-20 02:17:29,purchase,atm,49.97,GBP,completed,retail,cards
T000000001678,C00000420,A000000424,2025-10-30 09:36:23,refund,web,81.19,GBP,completed,other,core_banking
T000000001679,C00000925,A000001309,2025-02-18 09:47:22,transfer,api,31.7,GBP,completed,utilities,core_banking
T000000001680,C00000515,A000000756,2025-05-07 17:36:16,purchase,web,20.83,GBP,completed,grocery,core_banking
T000000001681,C00000943,A000000273,2025-06-24 11:29:08,purchase,mobile,49.93,GBP,completed,grocery,cards
T000000001682,C00000013,A000000494,2025-08-29 03:55:43,transfer,web,56.28,GBP,failed,restaurant,core_banking
T000000001683,C00000036,A000001076,2026-08-24 05:07:07,direct_debit,mobile,76.26,GBP,completed,restaurant,cards
T000000001684,C00000797,A000001192,2025-08-01 13:35:47,refund,branch,4.96,GBP,completed,restaurant,cards
T000000001685,C00000359,A000000543,2026-01-27 08:01:12,direct_debit,web,24.71,GBP,completed,travel,core_banking
T000000001686,C00000521,A000000229,2025-06-23 16:07:26,direct_debit,atm,9.79,GBP,completed,restaurant,payments
T000000001687,C00000429,A000000279,2026-02-16 22:09:08,purchase,api,54.0,GBP,completed,travel,payments
T000000001688,C00000408,A000000151,2025-12-29 08:30:54,purchase,mobile,64.27,GBP,completed,utilities,payments
T000000001689,C00000940,A000001014,2025-04-07 13:14:42,transfer,web,22.46,GBP,completed,travel,core_banking
T000000001690,C00000095,A000000730,2025-10-23 19:58:03,transfer,branch,13.93,GBP,completed,grocery,cards
T000000001691,C00000773,A000000655,2025-03-09 05:02:54,purchase,mobile,56.08,GBP,completed,restaurant,cards
T000000001692,C00000890,A000000975,2026-07-23 12:15:20,cash_withdrawal,atm,26.05,GBP,completed,restaurant,payments
T000000001693,C00000658,A000001202,2026-03-26 07:19:33,purchase,web,133.99,GBP,completed,restaurant,core_banking
T000000001694,C00000396,A000001154,2026-08-25 15:02:52,purchase,mobile,192.79,GBP,completed,utilities,payments
T000000001695,C00000161,A000000199,2026-07-14 17:50:02,purchase,atm,85.69,GBP,completed,utilities,mobile
T000000001696,C00000683,A000000855,2025-05-21 03:22:51,direct_debit,web,38.26,GBP,completed,restaurant,payments
T000000001697,C00000469,A000001280,2026-03-28 04:29:57,cash_withdrawal,mobile,203.74,GBP,completed,utilities,payments
T000000001698,C00000150,A000001123,2025-03-05 00:33:21,transfer,mobile,38.58,EUR,completed,other,core_banking
T000000001699,C00000360,A000000478,2026-09-06 00:17:21,direct_debit,atm,18.12,GBP,completed,restaurant,cards
T000000001700,C00000962,A000000570,2026-05-17 01:13:04,direct_debit,api,14.74,GBP,completed,utilities,core_banking
T000000001701,C00000266,A000001291,2026-03-11 16:57:48,purchase,web,14.32,GBP,completed,utilities,cards
T000000001702,C00000179,A000000048,2026-09-28 21:41:38,cash_withdrawal,mobile,29.76,USD,failed,other,payments
T000000001703,C00000682,A000000762,2026-06-26 09:49:58,purchase,mobile,48.73,GBP,completed,utilities,payments
T000000001704,C00000200,A000000169,2026-07-06 21:11:00,transfer,branch,6.78,GBP,completed,grocery,mobile
T000000001705,C00000920,A000001298,2025-03-05 17:30:44,purchase,web,18.7,GBP,completed,other,mobile
T000000001706,C00000859,A000000057,2025-01-16 19:22:55,purchase,web,37.47,USD,completed,grocery,core_banking
T000000001707,C00000984,A000000034,2026-09-07 17:45:26,transfer,mobile,58.9,USD,completed,travel,mobile
T000000001708,C00000913,A000000477,2025-06-10 04:47:26,purchase,web,29.16,GBP,completed,travel,payments
T000000001709,C00000244,A000000291,2025-09-30 12:33:38,transfer,branch,38.73,GBP,completed,grocery,payments
T000000001710,C00000213,A000000719,2025-01-28 12:36:39,transfer,web,8.16,GBP,completed,travel,core_banking
T000000001711,C00000343,A000000435,2026-02-03 15:23:54,transfer,mobile,11.5,GBP,completed,travel,core_banking
T000000001712,C00000470,A000000517,2026-06-09 19:06:24,purchase,web,28.11,GBP,completed,utilities,core_banking
T000000001713,C00000880,A000000820,2026-06-22 02:42:12,purchase,web,51.22,GBP,pending,other,core_banking
T000000001714,C00000734,A000000813,2026-01-07 16:11:31,purchase,web,38.2,GBP,completed,travel,core_banking
T000000001715,C00000645,A000001356,2026-02-27 19:59:34,direct_debit,mobile,12.29,GBP,completed,retail,core_banking
T000000001716,C00000879,A000000697,2025-11-25 02:46:21,direct_debit,mobile,23.37,GBP,reversed,restaurant,cards
T000000001717,C00000646,A000000819,2025-10-13 09:57:32,purchase,web,146.56,GBP,completed,restaurant,cards
T000000001718,C00000380,A000000984,2025-12-21 21:29:34,cash_withdrawal,mobile,53.06,GBP,completed,other,core_banking
T000000001719,C00000414,A000000253,2026-08-22 00:35:05,transfer,branch,25.26,GBP,completed,utilities,payments
T000000001720,C00000518,A000000968,2025-06-11 03:51:22,refund,web,10.2,GBP,completed,restaurant,core_banking
T000000001721,C00000089,A000001250,2025-10-28 19:17:38,purchase,mobile,14.17,EUR,completed,other,core_banking
T000000001722,C00000742,A000000462,2026-01-20 04:07:23,transfer,branch,30.17,GBP,completed,retail,cards
T000000001723,C00000653,A000000259,2025-12-31 16:50:51,transfer,web,40.03,GBP,completed,other,cards
T000000001724,C00000732,A000000503,2025-01-20 21:37:27,purchase,mobile,54.26,GBP,completed,other,core_banking
T000000001725,C00000534,A000000399,2025-07-03 11:57:56,purchase,atm,45.03,GBP,completed,grocery,payments
T000000001726,C00000783,A000000849,2026-02-17 11:37:50,purchase,web,20.31,GBP,completed,restaurant,core_banking
T000000001727,C00000950,A000001253,2026-03-20 10:17:23,transfer,api,17.52,GBP,completed,utilities,core_banking
T000000001728,C00000570,A000000865,2026-04-15 08:56:57,cash_withdrawal,mobile,257.07,GBP,completed,restaurant,cards
T000000001729,C00000445,A000000182,2026-09-26 09:07:16,cash_withdrawal,atm,16.71,GBP,completed,utilities,core_banking
T000000001730,C00000105,A000000457,2026-03-07 13:17:15,purchase,atm,7.72,EUR,completed,travel,mobile
T000000001731,C00000779,A000001000,2026-01-06 21:29:35,direct_debit,mobile,5.36,GBP,completed,retail,cards
T000000001732,C00000904,A000000479,2025-08-01 23:33:12,purchase,web,20.68,GBP,completed,restaurant,core_banking
T000000001733,C00000700,A000000851,2025-08-25 20:46:51,refund,branch,80.4,EUR,completed,other,payments
T000000001734,C00000866,A000001007,2026-06-12 02:52:16,purchase,web,16.37,USD,completed,grocery,payments
T000000001735,C00000862,A000000478,2025-10-27 07:21:44,direct_debit,web,141.37,GBP,pending,travel,core_banking
T000000001736,C00000799,A000000939,2026-04-03 18:10:00,direct_debit,api,29.74,GBP,completed,travel,mobile
T000000001737,C00000503,A000000578,2025-03-21 13:05:33,direct_debit,branch,96.07,GBP,completed,utilities,cards
T000000001738,C00000100,A000000196,2025-03-23 08:01:25,direct_debit,api,13.52,GBP,failed,grocery,core_banking
T000000001739,C00000004,A000000540,2025-05-18 07:28:06,purchase,atm,13.74,GBP,completed,other,payments
T000000001740,C00000205,A000000640,2025-05-05 02:48:33,cash_withdrawal,atm,32.97,GBP,completed,restaurant,mobile
T000000001741,C00000432,A000000004,2026-01-23 07:58:40,transfer,branch,49.73,GBP,completed,other,core_banking
T000000001742,C00000744,A000001295,2026-02-12 10:07:35,purchase,branch,24.83,GBP,completed,grocery,core_banking
T000000001743,C00000456,A000000766,2025-12-23 09:58:55,refund,api,40.74,GBP,completed,travel,cards
T000000001744,C00000024,A000000053,2025-07-04 13:10:12,purchase,branch,55.58,EUR,failed,retail,payments
T000000001745,C00000211,A000001259,2026-01-04 06:33:06,purchase,mobile,6.74,GBP,completed,restaurant,core_banking
T000000001746,C00000980,A000001240,2025-03-18 04:56:35,direct_debit,web,20.95,GBP,completed,utilities,mobile
T000000001747,C00000989,A000000018,2025-10-30 21:18:01,purchase,mobile,17.38,GBP,completed,retail,core_banking
T000000001748,C00000378,A000000237,2025-04-10 09:43:35,purchase,api,18.29,GBP,completed,travel,payments
T000000001749,C00000805,A000000528,2025-02-19 06:06:50,purchase,branch,45.93,EUR,completed,travel,payments
T000000001750,C00000720,A000000736,2025-04-16 15:15:22,cash_withdrawal,web,17.64,EUR,completed,retail,core_banking
T000000001751,C00000932,A000001053,2025-03-13 13:00:56,direct_debit,mobile,3.65,GBP,completed,restaurant,cards
T000000001752,C00000888,A000000616,2025-11-02 13:50:05,purchase,web,23.37,GBP,completed,other,core_banking
T000000001753,C00000629,A000000887,2025-12-15 05:18:58,transfer,mobile,9.8,GBP,completed,retail,cards
T000000001754,C00000395,A000000015,2026-01-24 17:21:21,transfer,branch,50.46,USD,completed,other,cards
T000000001755,C00000627,A000000955,2025-10-08 04:36:54,transfer,web,69.82,GBP,failed,travel,payments
T000000001756,C00000320,A000001328,2025-04-23 20:04:25,transfer,web,3.05,GBP,completed,other,cards
T000000001757,C00000349,A000000764,2025-01-14 10:10:37,refund,mobile,13.29,GBP,completed,grocery,core_banking
T000000001758,C00000609,A000000660,2026-04-01 09:49:09,purchase,web,43.43,GBP,completed,restaurant,core_banking
T000000001759,C00000572,A000000431,2026-09-20 09:19:25,purchase,web,6.83,GBP,completed,other,core_banking
T000000001760,C00000581,A000001384,2025-06-29 10:09:04,transfer,atm,68.16,USD,completed,travel,cards
T000000001761,C00000385,A000000049,2025-05-11 15:58:03,purchase,api,90.18,GBP,completed,restaurant,mobile
T000000001762,C00000410,A000000416,2025-07-19 11:55:14,transfer,atm,25.28,GBP,completed,grocery,payments
T000000001763,C00000011,A000000202,2025-05-17 03:02:36,purchase,mobile,13.3,GBP,completed,other,core_banking
T000000001764,C00000602,A000001257,2025-05-23 13:35:32,purchase,mobile,2.65,GBP,completed,retail,mobile
T000000001765,C00000576,A000000700,2025-11-13 06:24:29,direct_debit,api,70.44,USD,completed,retail,core_banking
T000000001766,C00000936,A000001338,2026-05-17 02:35:59,purchase,api,245.34,GBP,pending,other,mobile
T000000001767,C00000505,A000000965,2026-04-01 20:09:30,transfer,mobile,197.44,USD,completed,other,core_banking
T000000001768,C00000468,A000000808,2026-09-06 07:30:11,cash_withdrawal,branch,24.42,EUR,completed,travel,core_banking
T000000001769,C00000068,A000000751,2025-08-17 14:16:51,purchase,web,9.51,GBP,completed,other,payments
T000000001770,C00000197,A000000294,2025-11-11 04:07:31,purchase,mobile,72.2,GBP,completed,travel,cards
T000000001771,C00000339,A000000815,2025-09-01 08:08:36,purchase,api,26.23,GBP,completed,restaurant,payments
T000000001772,C00000378,A000000994,2025-01-27 09:15:37,transfer,api,49.5,GBP,completed,restaurant,payments
T000000001773,C00000363,A000001400,2025-09-06 03:12:48,purchase,api,41.18,GBP,completed,utilities,core_banking
T000000001774,C00000395,A000000797,2025-06-16 23:21:37,transfer,mobile,33.04,GBP,completed,utilities,core_banking
T000000001775,C00000769,A000001362,2025-11-02 07:28:42,purchase,web,88.23,GBP,completed,retail,core_banking
T000000001776,C00000132,A000001370,2025-04-11 13:59:07,purchase,api,91.74,GBP,completed,retail,cards
T000000001777,C00000333,A000000758,2026-04-19 13:34:20,purchase,branch,17.31,GBP,completed,utilities,core_banking
T000000001778,C00000163,A000000637,2026-06-23 10:18:18,purchase,web,11.37,GBP,completed,other,core_banking
T000000001779,C00000308,A000000207,2026-09-06 14:03:16,purchase,web,2.17,GBP,completed,retail,core_banking
T000000001780,C00000685,A000000390,2025-02-24 13:34:56,refund,mobile,20.83,GBP,completed,utilities,cards
T000000001781,C00000047,A000001275,2025-03-17 01:55:17,purchase,branch,9.51,GBP,completed,restaurant,core_banking
T000000001782,C00000340,A000000201,2026-09-10 16:03:28,transfer,atm,46.53,GBP,completed,other,core_banking
T000000001783,C00000024,A000000576,2026-06-27 02:44:27,transfer,mobile,21.06,GBP,reversed,other,core_banking
T000000001784,C00000955,A000001014,2026-01-12 10:26:19,cash_withdrawal,mobile,23.6,GBP,reversed,retail,payments
T000000001785,C00000728,A000000349,2025-07-25 08:45:11,transfer,web,70.29,GBP,completed,other,cards
T000000001786,C00000244,A000001413,2025-11-27 10:44:42,purchase,web,45.47,GBP,completed,retail,core_banking
T000000001787,C00000199,A000000942,2025-12-09 01:43:32,transfer,mobile,26.51,GBP,completed,grocery,payments
T000000001788,C00000099,A000000042,2026-06-26 16:50:01,purchase,mobile,176.05,GBP,completed,grocery,cards
T000000001789,C00000473,A000000359,2025-12-05 10:02:44,cash_withdrawal,atm,65.04,GBP,completed,travel,cards
T000000001790,C00000754,A000001074,2025-01-18 01:27:38,purchase,mobile,19.36,EUR,completed,retail,core_banking
T000000001791,C00000585,A000001252,2026-03-24 00:05:05,cash_withdrawal,branch,20.29,GBP,reversed,retail,core_banking
T000000001792,C00000882,A000001345,2026-05-12 12:57:42,transfer,web,68.57,EUR,completed,travel,payments
T000000001793,C00000344,A000001235,2025-07-10 15:59:24,transfer,web,37.08,GBP,completed,travel,core_banking
T000000001794,C00000279,A000000109,2025-03-16 13:08:09,purchase,web,9.23,EUR,completed,grocery,cards
T000000001795,C00000479,A000001059,2025-04-01 17:17:26,transfer,branch,76.67,GBP,completed,other,core_banking
T000000001796,C00000203,A000000160,2026-06-22 18:09:43,cash_withdrawal,web,112.18,GBP,failed,travel,core_banking
T000000001797,C00000976,A000000111,2025-10-13 20:55:37,transfer,web,103.59,GBP,completed,utilities,cards
T000000001798,C00000186,A000001004,2025-12-05 23:35:00,purchase,web,151.39,GBP,completed,retail,core_banking
T000000001799,C00000479,A000000694,2026-09-06 21:14:06,purchase,web,263.13,GBP,completed,retail,core_banking
T000000001800,C00000523,A000000940,2025-02-09 19:05:53,purchase,web,184.28,GBP,completed,travel,cards
T000000001801,C00000058,A000001235,2025-05-12 10:20:36,cash_withdrawal,web,42.85,USD,completed,grocery,core_banking
T000000001802,C00000469,A000000100,2026-06-17 12:05:27,purchase,web,24.07,GBP,completed,grocery,mobile
T000000001803,C00000455,A000000765,2025-12-12 14:47:06,cash_withdrawal,mobile,4.39,GBP,completed,restaurant,payments
T000000001804,C00000260,A000001210,2025-01-18 04:04:00,cash_withdrawal,branch,30.31,GBP,completed,retail,payments
T000000001805,C00000128,A000000639,2026-03-26 16:15:49,transfer,mobile,51.68,GBP,completed,other,mobile
T000000001806,C00000046,A000000759,2025-03-30 14:07:05,transfer,api,31.37,EUR,completed,grocery,core_banking
T000000001807,C00000009,A000000722,2026-05-15 12:29:04,transfer,branch,4.13,GBP,completed,other,payments
T000000001808,C00000482,A000001316,2026-05-25 20:01:23,transfer,mobile,22.18,GBP,completed,grocery,mobile
T000000001809,C00000090,A000000073,2026-06-11 16:29:31,purchase,branch,59.0,GBP,completed,restaurant,cards
T000000001810,C00000960,A000001274,2025-10-25 22:22:40,direct_debit,web,10.2,GBP,completed,other,cards
T000000001811,C00000245,A000001184,2025-06-21 23:26:10,refund,api,35.66,GBP,completed,grocery,core_banking
T000000001812,C00000653,A000001179,2026-07-18 19:48:26,transfer,api,47.14,GBP,completed,retail,core_banking
T000000001813,C00000674,A000000598,2025-12-24 07:08:59,direct_debit,atm,96.92,EUR,completed,other,core_banking
T000000001814,C00000496,A000000749,2026-02-11 04:32:06,refund,web,180.95,GBP,failed,restaurant,core_banking
T000000001815,C00000884,A000000536,2025-03-29 07:11:00,transfer,api,20.15,USD,completed,travel,cards
T000000001816,C00000111,A000000365,2026-02-03 17:06:06,cash_withdrawal,branch,36.34,EUR,completed,travel,cards
T000000001817,C00000235,A000001270,2026-01-06 20:44:35,transfer,atm,37.56,GBP,completed,retail,core_banking
T000000001818,C00000253,A000000734,2025-07-06 21:07:25,purchase,mobile,59.25,USD,completed,retail,core_banking
T000000001819,C00000136,A000001049,2026-05-06 16:24:56,purchase,api,52.68,EUR,completed,travel,core_banking
T000000001820,C00000295,A000000147,2025-03-27 16:20:39,transfer,branch,133.79,GBP,completed,grocery,mobile
T000000001821,C00000313,A000001144,2026-04-05 22:50:47,cash_withdrawal,mobile,2.59,USD,completed,retail,payments
T000000001822,C00000765,A000000956,2026-09-07 16:27:28,purchase,api,46.48,GBP,completed,retail,core_banking
T000000001823,C00000302,A000001447,2025-12-29 03:23:00,cash_withdrawal,branch,49.99,GBP,completed,travel,payments
T000000001824,C00000877,A000000195,2025-03-08 12:00:14,transfer,api,23.41,GBP,pending,restaurant,payments
T000000001825,C00000773,A000000784,2025-12-20 08:36:29,cash_withdrawal,mobile,2.78,GBP,completed,travel,payments
T000000001826,C00000902,A000000742,2025-12-05 15:17:14,purchase,web,28.11,USD,completed,other,payments
T000000001827,C00000106,A000000781,2025-12-19 15:15:36,transfer,branch,14.21,GBP,completed,grocery,cards
T000000001828,C00000985,A000000079,2025-06-24 07:03:54,purchase,mobile,174.49,GBP,completed,utilities,core_banking
T000000001829,C00000614,A000000687,2026-02-05 07:11:33,purchase,atm,44.44,GBP,pending,other,payments
T000000001830,C00000983,A000000435,2025-06-18 02:07:53,purchase,branch,13.0,EUR,completed,travel,payments
T000000001831,C00000355,A000000896,2025-12-23 07:02:16,purchase,mobile,3.47,GBP,completed,utilities,core_banking
T000000001832,C00000953,A000000337,2026-01-15 19:51:54,purchase,branch,55.71,GBP,completed,restaurant,cards
T000000001833,C00000589,A000000631,2026-02-17 15:43:23,transfer,mobile,62.24,GBP,completed,retail,cards
T000000001834,C00000072,A000000900,2026-05-25 22:38:07,purchase,atm,23.89,GBP,completed,utilities,cards
T000000001835,C00000411,A000000093,2026-07-18 22:13:53,purchase,atm,56.48,USD,completed,utilities,cards
T000000001836,C00000138,A000001141,2026-05-12 20:33:49,direct_debit,web,20.79,USD,reversed,retail,core_banking
T000000001837,C00000942,A000001038,2026-05-24 04:18:44,transfer,web,91.89,GBP,completed,retail,cards
T000000001838,C00000305,A000000084,2026-07-10 08:00:50,direct_debit,web,84.97,GBP,completed,retail,core_banking
T000000001839,C00000223,A000000094,2025-06-04 01:22:46,transfer,mobile,5.36,EUR,completed,grocery,core_banking
T000000001840,C00000553,A000001233,2025-07-07 02:14:41,purchase,atm,6.92,GBP,completed,retail,cards
T000000001841,C00000426,A000000411,2025-12-07 05:32:43,direct_debit,mobile,252.86,GBP,completed,travel,core_banking
T000000001842,C00000097,A000001249,2025-10-25 06:43:23,direct_debit,web,79.74,GBP,completed,retail,core_banking
T000000001843,C00000817,A000000724,2026-03-25 00:22:09,transfer,mobile,7.96,GBP,completed,travel,core_banking
T000000001844,C00000846,A000000497,2025-01-06 20:13:40,transfer,branch,5.76,GBP,completed,utilities,cards
T000000001845,C00000743,A000000397,2025-03-30 12:38:53,transfer,atm,37.27,GBP,pending,grocery,core_banking
T000000001846,C00000617,A000000956,2026-04-23 15:44:22,transfer,mobile,9.03,GBP,completed,grocery,core_banking
T000000001847,C00000403,A000000160,2026-06-10 15:41:07,cash_withdrawal,mobile,21.49,GBP,completed,travel,payments
T000000001848,C00000543,A000000584,2025-07-13 23:12:02,transfer,mobile,28.51,GBP,completed,utilities,cards
T000000001849,C00000521,A000000502,2025-07-18 03:32:09,purchase,mobile,27.25,GBP,completed,travel,cards
T000000001850,C00000166,A000000224,2025-12-25 08:13:27,purchase,web,97.79,GBP,completed,retail,cards
T000000001851,C00000082,A000000512,2025-11-01 07:24:04,purchase,atm,205.72,GBP,completed,grocery,core_banking
T000000001852,C00000254,A000000767,2025-04-19 13:14:07,purchase,web,18.12,EUR,completed,retail,core_banking
T000000001853,C00000455,A000000983,2025-11-16 12:37:42,purchase,mobile,9.14,GBP,completed,retail,core_banking
T000000001854,C00000161,A000000126,2026-06-08 18:57:39,direct_debit,branch,45.07,GBP,completed,travel,payments
T000000001855,C00000107,A000001265,2026-04-12 13:27:19,purchase,atm,166.18,GBP,completed,grocery,cards
T000000001856,C00000852,A000001274,2026-06-07 05:36:56,purchase,web,19.62,GBP,pending,utilities,payments
T000000001857,C00000375,A000001004,2026-02-16 13:33:12,purchase,mobile,73.18,USD,completed,travel,mobile
T000000001858,C00000585,A000001341,2026-07-15 23:08:17,transfer,atm,12.44,GBP,completed,retail,core_banking
T000000001859,C00000525,A000000621,2025-06-09 13:53:33,transfer,mobile,30.64,EUR,completed,restaurant,mobile
T000000001860,C00000736,A000001192,2025-01-30 14:13:03,transfer,atm,8.85,GBP,completed,grocery,cards
T000000001861,C00000740,A000001055,2025-03-14 04:13:26,refund,atm,30.31,GBP,reversed,restaurant,cards
T000000001862,C00000297,A000000816,2026-09-27 00:11:22,refund,api,26.52,GBP,completed,retail,cards
T000000001863,C00000848,A000000261,2026-02-14 05:01:48,direct_debit,mobile,56.74,GBP,completed,utilities,cards
T000000001864,C00000372,A000000809,2025-06-08 00:36:13,direct_debit,mobile,193.83,GBP,completed,grocery,core_banking
T000000001865,C00000836,A000001307,2026-06-30 10:51:14,purchase,atm,19.92,EUR,completed,retail,core_banking
T000000001866,C00000405,A000001428,2025-07-17 21:10:23,transfer,web,3.67,EUR,completed,retail,core_banking
T000000001867,C00000111,A000000650,2026-01-17 10:43:18,purchase,web,24.23,GBP,reversed,travel,core_banking
T000000001868,C00000761,A000000360,2025-06-09 15:29:12,cash_withdrawal,web,41.03,GBP,completed,utilities,core_banking
T000000001869,C00000031,A000001084,2025-03-02 20:32:05,purchase,mobile,37.04,GBP,completed,utilities,core_banking
T000000001870,C00000773,A000000111,2025-06-20 18:18:49,purchase,branch,25.4,GBP,completed,retail,mobile
T000000001871,C00000044,A000000220,2025-05-26 15:36:53,purchase,api,142.89,GBP,completed,utilities,core_banking
T000000001872,C00000207,A000000815,2025-12-20 18:48:58,transfer,branch,34.57,GBP,completed,retail,mobile
T000000001873,C00000604,A000001436,2025-01-14 06:44:00,transfer,web,26.84,GBP,completed,restaurant,cards
T000000001874,C00000942,A000000477,2025-06-03 10:05:27,purchase,api,13.24,GBP,completed,travel,core_banking
T000000001875,C00000409,A000000643,2025-12-29 09:34:32,transfer,branch,4.79,GBP,completed,restaurant,core_banking
T000000001876,C00000121,A000000468,2025-09-09 19:10:00,purchase,mobile,42.34,GBP,completed,retail,core_banking
T000000001877,C00000233,A000000639,2026-02-11 09:48:38,direct_debit,branch,38.77,EUR,completed,utilities,core_banking
T000000001878,C00000897,A000000011,2026-02-23 22:30:02,purchase,mobile,9.85,GBP,completed,grocery,core_banking
T000000001879,C00000727,A000000863,2026-09-09 04:28:43,purchase,mobile,28.6,USD,completed,grocery,payments
T000000001880,C00000101,A000000865,2026-06-19 04:07:55,transfer,branch,25.76,GBP,completed,other,core_banking
T000000001881,C00000385,A000000458,2025-05-26 17:11:16,transfer,mobile,15.55,GBP,completed,grocery,cards
T000000001882,C00000265,A000000383,2026-03-19 18:20:21,direct_debit,mobile,13.03,GBP,completed,utilities,cards
T000000001883,C00000178,A000001105,2026-02-05 16:17:48,transfer,branch,45.85,EUR,completed,retail,cards
T000000001884,C00000847,A000000273,2026-01-15 07:23:13,refund,mobile,23.64,GBP,reversed,utilities,mobile
T000000001885,C00000618,A000000069,2026-05-26 00:13:08,purchase,web,16.11,GBP,completed,grocery,core_banking
T000000001886,C00000180,A000000059,2025-04-05 07:42:56,purchase,mobile,12.12,GBP,completed,travel,core_banking
T000000001887,C00000651,A000001279,2025-08-28 11:11:56,refund,branch,26.14,GBP,completed,retail,mobile
T000000001888,C00000414,A000000529,2026-06-06 09:54:22,purchase,api,79.1,GBP,completed,other,mobile
T000000001889,C00000062,A000000148,2026-07-25 22:07:44,direct_debit,mobile,37.22,GBP,completed,retail,payments
T000000001890,C00000450,A000001275,2025-01-24 20:43:45,purchase,atm,23.36,GBP,completed,utilities,payments
T000000001891,C00000186,A000000216,2025-10-29 18:36:03,transfer,mobile,41.43,EUR,completed,utilities,core_banking
T000000001892,C00000246,A000000489,2025-06-18 00:31:45,purchase,mobile,125.54,GBP,completed,retail,cards
T000000001893,C00000879,A000000030,2025-04-18 03:03:28,transfer,mobile,50.15,GBP,completed,restaurant,core_banking
T000000001894,C00000711,A000000985,2025-02-06 10:24:51,direct_debit,mobile,39.38,GBP,completed,restaurant,cards
T000000001895,C00000135,A000001014,2025-12-10 14:55:13,purchase,mobile,58.58,EUR,completed,retail,payments
T000000001896,C00000852,A000001097,2026-03-03 16:19:16,purchase,atm,25.38,GBP,completed,travel,core_banking
T000000001897,C00000575,A000000382,2025-12-06 07:06:38,purchase,atm,36.35,GBP,failed,travel,cards
T000000001898,C00000875,A000000476,2025-08-24 02:38:59,purchase,api,17.93,GBP,completed,other,payments
T000000001899,C00000748,A000001361,2026-05-08 07:52:33,purchase,api,5.88,GBP,completed,grocery,core_banking
T000000001900,C00000340,A000001192,2026-02-21 19:00:50,refund,web,42.95,EUR,completed,travel,cards
T000000001901,C00000535,A000000054,2026-08-04 23:40:39,purchase,mobile,43.12,GBP,completed,travel,payments
T000000001902,C00000531,A000001004,2025-08-10 22:36:20,purchase,mobile,22.15,USD,completed,restaurant,core_banking
T000000001903,C00000720,A000001179,2025-06-02 14:14:15,transfer,web,88.91,GBP,pending,restaurant,core_banking
T000000001904,C00000249,A000000811,2025-10-19 02:10:56,purchase,atm,14.05,GBP,pending,other,core_banking
T000000001905,C00000334,A000000928,2025-11-20 23:13:31,purchase,mobile,4.66,GBP,completed,restaurant,core_banking
T000000001906,C00000245,A000000002,2025-10-20 03:40:14,cash_withdrawal,mobile,14.41,USD,completed,retail,cards
T000000001907,C00000297,A000000044,2026-06-16 06:26:20,transfer,web,5.94,GBP,completed,grocery,payments
T000000001908,C00000162,A000000051,2025-01-30 23:22:42,direct_debit,api,42.73,GBP,completed,other,core_banking
T000000001909,C00000037,A000000231,2025-12-04 12:05:35,purchase,web,13.6,GBP,completed,restaurant,cards
T000000001910,C00000941,A000001437,2025-10-02 04:44:54,transfer,branch,84.26,GBP,failed,grocery,core_banking
T000000001911,C00000075,A000000920,2025-05-15 12:03:02,direct_debit,web,82.43,GBP,completed,other,payments
T000000001912,C00000888,A000001135,2026-02-14 01:53:40,direct_debit,web,11.35,GBP,completed,utilities,core_banking
T000000001913,C00000004,A000000429,2026-05-28 07:34:34,direct_debit,web,12.83,GBP,reversed,utilities,payments
T000000001914,C00000778,A000001360,2025-12-15 22:51:09,purchase,atm,52.52,GBP,completed,retail,core_banking
T000000001915,C00000329,A000000289,2025-02-24 07:09:56,refund,atm,83.83,GBP,completed,travel,payments
T000000001916,C00000518,A000001309,2025-02-18 21:25:22,direct_debit,web,3.62,GBP,completed,retail,cards
T000000001917,C00000283,A000000045,2025-09-27 13:01:49,direct_debit,mobile,40.28,GBP,completed,grocery,mobile
T000000001918,C00000491,A000000030,2026-03-03 15:44:14,transfer,mobile,2.98,GBP,completed,retail,core_banking
T000000001919,C00000452,A000000115,2025-07-20 16:52:18,refund,mobile,16.85,GBP,completed,grocery,payments
T000000001920,C00000530,A000001149,2025-07-17 13:14:03,purchase,mobile,94.48,GBP,completed,utilities,core_banking
T000000001921,C00000394,A000000374,2026-07-04 00:49:23,cash_withdrawal,mobile,706.45,GBP,completed,travel,core_banking
T000000001922,C00000537,A000000655,2025-01-10 22:03:41,cash_withdrawal,branch,23.32,GBP,completed,utilities,payments
T000000001923,C00000826,A000000684,2025-02-20 11:24:02,cash_withdrawal,atm,8.09,USD,completed,retail,core_banking
T000000001924,C00000435,A000001145,2025-04-10 15:43:56,cash_withdrawal,atm,17.48,EUR,completed,travel,payments
T000000001925,C00000362,A000000506,2026-09-21 13:17:35,purchase,branch,32.12,EUR,pending,grocery,core_banking
T000000001926,C00000132,A000000010,2025-11-14 15:48:05,purchase,api,14.82,GBP,reversed,retail,payments
T000000001927,C00000360,A000000561,2025-04-12 08:30:45,purchase,api,11.35,GBP,completed,grocery,cards
T000000001928,C00000126,A000000418,2025-07-18 20:14:54,cash_withdrawal,mobile,19.14,USD,completed,travel,cards
T000000001929,C00000183,A000001060,2026-09-12 05:23:01,cash_withdrawal,mobile,45.39,USD,pending,retail,payments
T000000001930,C00000953,A000001090,2026-03-20 15:40:40,direct_debit,mobile,25.08,EUR,completed,utilities,cards
T000000001931,C00000090,A000000134,2025-05-23 13:52:11,cash_withdrawal,api,11.87,EUR,completed,retail,cards
T000000001932,C00000483,A000001150,2025-06-03 12:05:17,transfer,mobile,14.83,USD,completed,grocery,cards
T000000001933,C00000835,A000000103,2025-02-17 00:31:37,purchase,mobile,19.4,GBP,completed,restaurant,cards
T000000001934,C00000954,A000000899,2026-05-09 09:21:11,transfer,web,10.49,GBP,completed,retail,payments
T000000001935,C00000147,A000000565,2025-03-29 01:08:28,direct_debit,branch,14.26,GBP,completed,utilities,core_banking
T000000001936,C00000164,A000000437,2025-07-03 12:04:30,transfer,web,58.9,GBP,completed,other,core_banking
T000000001937,C00000373,A000000701,2025-08-11 16:30:22,direct_debit,atm,23.53,GBP,completed,grocery,payments
T000000001938,C00000555,A000000451,2026-02-01 12:32:22,refund,web,4.75,GBP,completed,other,cards
T000000001939,C00000960,A000001152,2026-01-23 18:10:09,purchase,atm,87.9,GBP,completed,other,mobile
T000000001940,C00000208,A000001402,2026-05-26 08:39:35,cash_withdrawal,mobile,46.41,USD,completed,utilities,mobile
T000000001941,C00000165,A000001183,2025-07-09 07:20:50,transfer,atm,7.01,GBP,completed,grocery,payments
T000000001942,C00000254,A000000637,2025-09-04 10:45:17,transfer,web,20.42,GBP,completed,travel,cards
T000000001943,C00000875,A000000730,2025-09-06 05:29:56,purchase,mobile,13.04,GBP,completed,travel,payments
T000000001944,C00000031,A000000649,2025-01-30 19:14:41,purchase,api,60.99,GBP,completed,utilities,core_banking
T000000001945,C00000381,A000001151,2026-04-17 19:26:00,purchase,api,20.28,GBP,completed,restaurant,core_banking
T000000001946,C00000119,A000000801,2025-12-09 09:59:46,transfer,atm,27.76,GBP,completed,retail,payments
T000000001947,C00000158,A000000679,2025-10-31 19:01:17,purchase,api,24.57,USD,completed,retail,payments
T000000001948,C00000917,A000000594,2026-09-29 00:36:48,purchase,web,6.33,GBP,completed,grocery,core_banking
T000000001949,C00000002,A000000544,2025-04-25 03:42:53,transfer,mobile,131.06,GBP,completed,other,payments
T000000001950,C00000322,A000000802,2026-09-12 06:47:32,purchase,mobile,60.07,GBP,pending,other,payments
T000000001951,C00000916,A000001000,2026-03-11 09:18:36,direct_debit,atm,13.67,GBP,completed,grocery,core_banking
T000000001952,C00000609,A000000627,2025-05-22 05:33:42,purchase,atm,36.65,GBP,completed,travel,core_banking
T000000001953,C00000072,A000001170,2026-03-10 12:17:33,purchase,api,83.33,GBP,completed,other,payments
T000000001954,C00000466,A000001199,2026-04-28 19:02:45,refund,atm,31.77,GBP,completed,retail,core_banking
T000000001955,C00000971,A000000623,2025-08-20 10:56:58,direct_debit,branch,153.64,USD,completed,utilities,core_banking
T000000001956,C00000401,A000001319,2025-08-09 10:46:58,transfer,mobile,641.46,GBP,completed,utilities,cards
T000000001957,C00000529,A000000251,2026-06-18 01:26:15,cash_withdrawal,mobile,26.25,GBP,pending,utilities,payments
T000000001958,C00000532,A000001352,2025-04-13 06:43:38,purchase,web,16.25,EUR,completed,other,payments
T000000001959,C00000661,A000000427,2025-01-09 19:22:26,cash_withdrawal,atm,10.6,GBP,completed,retail,payments
T000000001960,C00000188,A000000819,2026-03-02 19:27:24,purchase,mobile,2.93,EUR,reversed,restaurant,payments
T000000001961,C00000840,A000000412,2026-08-03 02:30:09,transfer,api,111.11,GBP,completed,retail,payments
T000000001962,C00000989,A000000642,2025-11-17 00:27:40,purchase,branch,20.67,GBP,completed,travel,cards
T000000001963,C00000143,A000000494,2025-03-28 19:56:40,cash_withdrawal,mobile,75.12,GBP,completed,grocery,core_banking
T000000001964,C00000819,A000001023,2025-12-11 04:10:55,purchase,api,92.78,GBP,completed,restaurant,core_banking
T000000001965,C00000817,A000000118,2025-06-10 13:47:20,purchase,web,9.63,EUR,completed,utilities,cards
T000000001966,C00000742,A000001216,2026-06-13 19:50:48,purchase,atm,11.28,GBP,completed,other,core_banking
T000000001967,C00000371,A000001311,2026-01-27 18:53:45,cash_withdrawal,web,187.15,EUR,completed,travel,core_banking
T000000001968,C00000469,A000000817,2025-08-04 13:12:56,purchase,web,27.84,GBP,completed,restaurant,core_banking
T000000001969,C00000840,A000000794,2026-02-04 09:02:21,transfer,mobile,14.98,GBP,completed,grocery,core_banking
T000000001970,C00000153,A000001015,2026-03-03 18:34:03,purchase,web,10.0,USD,completed,grocery,cards
T000000001971,C00000829,A000000289,2026-03-10 16:40:25,cash_withdrawal,atm,25.83,EUR,completed,utilities,core_banking
T000000001972,C00000921,A000001088,2025-08-22 20:06:58,purchase,api,145.95,GBP,completed,utilities,core_banking
T000000001973,C00000682,A000000318,2025-12-31 12:19:56,refund,api,61.54,GBP,completed,utilities,payments
T000000001974,C00000342,A000000981,2025-01-28 22:36:25,purchase,mobile,36.26,EUR,completed,other,payments
T000000001975,C00000560,A000000444,2025-09-15 18:28:25,purchase,api,158.85,GBP,completed,other,cards
T000000001976,C00000051,A000001082,2025-08-30 01:31:19,purchase,mobile,129.74,GBP,completed,travel,core_banking
T000000001977,C00000932,A000001148,2025-12-08 07:03:12,purchase,mobile,42.56,GBP,completed,travel,cards
T000000001978,C00000343,A000000303,2026-08-31 19:10:53,transfer,atm,552.76,USD,completed,utilities,payments
T000000001979,C00000058,A000000896,2026-09-02 02:47:09,purchase,api,23.11,GBP,reversed,other,core_banking
T000000001980,C00000795,A000000723,2025-11-05 17:00:37,direct_debit,api,94.91,GBP,completed,restaurant,core_banking
T000000001981,C00000658,A000000427,2026-02-17 08:10:25,transfer,atm,19.83,USD,completed,grocery,core_banking
T000000001982,C00000623,A000000853,2025-03-11 04:58:07,purchase,mobile,77.32,GBP,completed,utilities,core_banking
T000000001983,C00000055,A000001440,2025-11-05 12:57:28,transfer,mobile,23.09,USD,completed,retail,core_banking
T000000001984,C00000751,A000000004,2026-03-16 22:21:39,purchase,mobile,48.64,GBP,completed,grocery,core_banking
T000000001985,C00000638,A000001388,2026-03-13 21:32:37,purchase,web,368.57,GBP,completed,restaurant,cards
T000000001986,C00000794,A000001242,2026-09-08 09:42:03,purchase,web,81.41,GBP,completed,travel,cards
T000000001987,C00000828,A000000768,2025-10-25 00:05:19,purchase,mobile,49.44,GBP,completed,restaurant,cards
T000000001988,C00000212,A000000885,2026-08-04 21:18:09,purchase,web,13.28,GBP,completed,utilities,mobile
T000000001989,C00000211,A000000536,2026-09-18 21:32:03,direct_debit,web,36.51,GBP,completed,retail,core_banking
T000000001990,C00000924,A000000188,2026-01-01 14:31:21,transfer,branch,10.4,GBP,failed,travel,payments
T000000001991,C00000532,A000000829,2025-02-28 15:05:08,direct_debit,web,76.04,GBP,completed,travel,core_banking
T000000001992,C00000438,A000001184,2025-08-29 12:38:31,purchase,mobile,74.07,GBP,completed,retail,payments
T000000001993,C00000288,A000000336,2026-05-04 00:17:59,direct_debit,branch,24.81,USD,completed,restaurant,payments
T000000001994,C00000640,A000001040,2026-01-07 03:49:42,purchase,branch,171.86,GBP,completed,retail,cards
T000000001995,C00000754,A000001085,2026-08-22 03:26:28,purchase,mobile,148.27,GBP,completed,grocery,cards
T000000001996,C00000003,A000001100,2026-06-06 21:56:37,direct_debit,mobile,35.06,GBP,completed,grocery,cards
T000000001997,C00000553,A000000494,2025-02-10 01:11:45,purchase,api,54.26,GBP,failed,travel,payments
T000000001998,C00000994,A000000569,2026-07-05 13:21:35,purchase,atm,16.15,GBP,completed,utilities,core_banking
T000000001999,C00000281,A000000604,2025-08-17 08:42:26,direct_debit,mobile,22.52,USD,pending,travel,core_banking
T000000002000,C00000281,A000001239,2026-06-08 00:08:46,transfer,web,9.66,GBP,completed,other,payments
T000000002001,C00000879,A000001306,2025-11-21 22:03:41,transfer,web,18.13,GBP,completed,travel,cards
T000000002002,C00000063,A000000601,2025-10-19 00:26:19,purchase,mobile,26.85,USD,completed,retail,core_banking
T000000002003,C00000398,A000001407,2025-02-16 20:32:21,purchase,mobile,5.24,GBP,completed,retail,mobile
T000000002004,C00000459,A000000828,2025-03-17 18:39:47,refund,api,54.91,GBP,completed,travel,mobile
T000000002005,C00000798,A000000559,2026-01-16 19:02:54,purchase,web,87.64,USD,completed,other,cards
T000000002006,C00000130,A000000001,2025-12-30 03:53:11,purchase,mobile,29.72,GBP,completed,travel,cards
T000000002007,C00000435,A000000887,2025-12-21 21:08:45,purchase,atm,1.76,GBP,completed,grocery,core_banking
T000000002008,C00000153,A000000936,2025-04-10 14:22:11,direct_debit,web,22.97,GBP,completed,utilities,cards
T000000002009,C00000788,A000001405,2025-11-22 09:38:49,cash_withdrawal,branch,6.94,EUR,completed,utilities,mobile
T000000002010,C00000633,A000001042,2025-02-08 16:20:45,transfer,mobile,15.8,EUR,completed,retail,core_banking
T000000002011,C00000497,A000000044,2025-04-03 08:11:40,refund,mobile,137.63,GBP,completed,retail,core_banking
T000000002012,C00000393,A000000823,2025-11-15 06:42:17,purchase,mobile,2.33,GBP,completed,other,payments
T000000002013,C00000154,A000001078,2026-01-30 06:55:02,direct_debit,api,12.72,GBP,completed,retail,core_banking
T000000002014,C00000922,A000000721,2026-02-23 13:39:48,purchase,branch,71.6,GBP,completed,utilities,mobile
T000000002015,C00000648,A000000623,2026-09-20 14:25:30,purchase,atm,14.34,EUR,completed,other,core_banking
T000000002016,C00000320,A000001175,2026-06-30 05:45:58,purchase,mobile,13.23,GBP,completed,retail,core_banking
T000000002017,C00000414,A000000887,2025-08-31 05:53:40,refund,atm,253.16,EUR,completed,utilities,mobile
T000000002018,C00000727,A000000988,2026-05-16 22:42:41,direct_debit,web,44.58,GBP,failed,retail,core_banking
T000000002019,C00000720,A000000673,2025-03-03 12:21:25,transfer,branch,79.92,GBP,completed,utilities,payments
T000000002020,C00000462,A000000404,2026-07-02 20:38:38,purchase,mobile,50.37,GBP,completed,utilities,core_banking
T000000002021,C00000303,A000000753,2025-09-05 07:55:27,purchase,branch,35.51,GBP,completed,other,payments
T000000002022,C00000660,A000001391,2026-05-01 06:54:46,purchase,mobile,112.98,GBP,failed,travel,core_banking
T000000002023,C00000659,A000000874,2026-09-13 06:46:56,purchase,mobile,221.54,GBP,completed,grocery,payments
T000000002024,C00000600,A000001026,2026-03-26 12:41:29,purchase,atm,5.12,EUR,pending,retail,mobile
T000000002025,C00000073,A000000180,2026-08-12 18:41:51,transfer,mobile,28.87,GBP,completed,utilities,core_banking
T000000002026,C00000473,A000001433,2025-01-07 12:00:54,transfer,mobile,28.64,GBP,completed,travel,core_banking
T000000002027,C00000614,A000000355,2025-04-19 07:04:42,direct_debit,api,19.09,GBP,completed,other,payments
T000000002028,C00000951,A000001409,2026-02-05 23:02:26,transfer,mobile,83.94,GBP,completed,utilities,mobile
T000000002029,C00000526,A000000647,2025-12-12 13:44:17,purchase,web,39.24,GBP,completed,restaurant,core_banking
T000000002030,C00000343,A000001333,2025-03-18 09:27:24,transfer,atm,226.27,GBP,reversed,utilities,mobile
T000000002031,C00000556,A000001294,2026-04-05 00:13:56,purchase,atm,95.13,GBP,completed,retail,payments
T000000002032,C00000178,A000001096,2025-02-07 13:29:36,transfer,mobile,125.58,GBP,pending,other,payments
T000000002033,C00000091,A000001329,2026-09-26 14:54:19,cash_withdrawal,web,8.51,GBP,completed,grocery,core_banking
T000000002034,C00000679,A000000884,2025-04-10 22:17:20,purchase,web,12.85,GBP,completed,travel,cards
T000000002035,C00000987,A000001231,2025-10-12 05:32:12,purchase,mobile,14.01,EUR,completed,restaurant,payments
T000000002036,C00000847,A000000250,2026-06-11 03:54:26,direct_debit,atm,120.21,GBP,completed,other,payments
T000000002037,C00000584,A000000102,2025-11-25 23:58:58,transfer,api,10.85,EUR,completed,travel,core_banking
T000000002038,C00000041,A000000788,2026-04-21 13:12:41,transfer,mobile,11.19,GBP,completed,utilities,cards
T000000002039,C00000988,A000001175,2026-03-26 00:38:41,cash_withdrawal,mobile,9.23,GBP,completed,retail,payments
T000000002040,C00000450,A000001110,2026-08-30 02:32:10,transfer,atm,539.52,GBP,completed,restaurant,cards
T000000002041,C00000290,A000000766,2025-10-24 11:24:34,purchase,web,25.81,GBP,completed,retail,cards
T000000002042,C00000893,A000000756,2026-09-18 14:49:11,direct_debit,atm,52.27,USD,completed,utilities,core_banking
T000000002043,C00000747,A000000885,2025-11-27 05:50:55,direct_debit,mobile,9.05,GBP,completed,restaurant,core_banking
T000000002044,C00000750,A000001259,2026-07-25 08:46:35,purchase,mobile,82.04,GBP,completed,restaurant,core_banking
T000000002045,C00000278,A000001221,2026-04-14 17:40:11,purchase,branch,4.65,GBP,completed,grocery,core_banking
T000000002046,C00000992,A000000160,2025-03-26 23:13:23,cash_withdrawal,api,10.72,GBP,completed,utilities,cards
T000000002047,C00000453,A000000864,2026-02-16 11:47:07,transfer,mobile,13.9,EUR,completed,travel,payments
T000000002048,C00000532,A000000553,2026-07-16 09:58:11,purchase,atm,37.71,GBP,completed,grocery,core_banking
T000000002049,C00000751,A000001160,2025-03-24 08:40:01,transfer,web,13.03,GBP,completed,restaurant,core_banking
T000000002050,C00000660,A000000734,2026-06-20 03:16:06,cash_withdrawal,mobile,148.44,GBP,completed,retail,payments
T000000002051,C00000173,A000001438,2025-03-09 01:15:59,transfer,web,50.82,USD,completed,restaurant,core_banking
T000000002052,C00000303,A000000627,2026-07-11 20:00:57,purchase,mobile,14.53,GBP,completed,other,mobile
T000000002053,C00000362,A000000985,2026-05-20 00:53:28,purchase,branch,85.41,USD,completed,grocery,cards
T000000002054,C00000948,A000000158,2025-04-07 19:42:02,purchase,mobile,19.83,GBP,completed,retail,mobile
T000000002055,C00000715,A000001352,2026-04-10 05:56:03,direct_debit,web,16.12,USD,completed,grocery,payments
T000000002056,C00000367,A000000223,2025-03-16 16:40:35,transfer,mobile,76.75,GBP,completed,restaurant,mobile
T000000002057,C00000735,A000000549,2025-12-29 22:50:17,purchase,atm,2.28,GBP,completed,other,cards
T000000002058,C00000739,A000001215,2026-08-14 17:58:17,direct_debit,api,64.82,EUR,completed,other,core_banking
T000000002059,C00000395,A000001403,2025-05-12 17:30:30,purchase,web,14.17,GBP,completed,other,payments
T000000002060,C00000404,A000000703,2025-04-22 06:21:11,transfer,web,14.15,GBP,completed,travel,core_banking
T000000002061,C00000895,A000000703,2025-09-28 14:21:21,purchase,api,234.17,GBP,completed,travel,cards
T000000002062,C00000562,A000000071,2025-08-24 15:24:33,cash_withdrawal,mobile,17.15,EUR,completed,other,core_banking
T000000002063,C00000150,A000001420,2025-01-31 10:12:25,cash_withdrawal,atm,81.75,GBP,completed,utilities,payments
T000000002064,C00000720,A000000024,2025-10-19 00:54:44,direct_debit,web,40.17,GBP,completed,retail,payments
T000000002065,C00000590,A000000038,2025-06-15 21:53:54,purchase,api,44.8,EUR,reversed,travel,payments
T000000002066,C00000509,A000000687,2025-03-21 04:43:31,purchase,mobile,23.03,GBP,completed,grocery,core_banking
T000000002067,C00000726,A000000006,2025-06-26 23:21:46,purchase,mobile,21.81,GBP,failed,grocery,mobile
T000000002068,C00000908,A000000239,2025-01-14 22:22:28,refund,mobile,149.07,GBP,completed,restaurant,payments
T000000002069,C00000331,A000000911,2026-08-08 00:27:09,purchase,mobile,79.6,GBP,completed,travel,core_banking
T000000002070,C00000420,A000001023,2026-09-28 17:44:29,transfer,mobile,17.73,GBP,completed,restaurant,core_banking
T000000002071,C00000190,A000000433,2025-08-23 15:13:04,cash_withdrawal,api,9.99,GBP,completed,other,core_banking
T000000002072,C00000648,A000001154,2026-07-15 05:32:10,purchase,mobile,16.22,GBP,completed,retail,core_banking
T000000002073,C00000403,A000000882,2025-10-22 19:30:24,purchase,mobile,83.98,GBP,completed,travel,cards
T000000002074,C00000343,A000000332,2026-08-06 02:40:23,purchase,mobile,103.3,EUR,completed,travel,core_banking
T000000002075,C00000697,A000001034,2025-04-21 05:58:06,transfer,web,53.66,GBP,completed,travel,core_banking
T000000002076,C00000409,A000000859,2025-07-01 22:46:26,refund,web,5.49,GBP,completed,utilities,cards
T000000002077,C00000465,A000001178,2026-04-18 17:49:41,purchase,mobile,66.12,GBP,completed,restaurant,cards
T000000002078,C00000441,A000000224,2025-05-21 02:41:33,refund,atm,117.77,GBP,completed,restaurant,payments
T000000002079,C00000259,A000000335,2026-06-11 03:27:28,purchase,atm,35.95,EUR,completed,other,core_banking
T000000002080,C00000126,A000000441,2025-09-30 06:10:10,purchase,mobile,239.56,GBP,completed,utilities,cards
T000000002081,C00000828,A000000496,2025-09-16 01:41:36,direct_debit,atm,7.49,GBP,completed,utilities,mobile
T000000002082,C00000092,A000001289,2025-10-17 04:22:59,direct_debit,web,61.5,GBP,completed,retail,core_banking
T000000002083,C00000325,A000001063,2026-05-25 13:43:20,purchase,web,10.27,GBP,reversed,retail,cards
T000000002084,C00000668,A000000789,2025-01-04 00:10:44,transfer,api,91.06,GBP,completed,retail,mobile
T000000002085,C00000132,A000000784,2026-04-25 06:53:55,direct_debit,api,57.03,GBP,completed,other,cards
T000000002086,C00000656,A000001285,2026-05-13 07:32:21,cash_withdrawal,web,198.63,GBP,pending,utilities,payments
T000000002087,C00000734,A000000648,2026-06-09 23:18:03,transfer,web,50.64,GBP,completed,travel,mobile
T000000002088,C00000663,A000000327,2026-09-29 23:22:49,purchase,mobile,19.61,GBP,completed,travel,core_banking
T000000002089,C00000306,A000000199,2026-05-15 20:17:28,purchase,web,17.89,GBP,completed,grocery,payments
T000000002090,C00000020,A000000479,2025-12-04 08:12:20,transfer,branch,23.04,USD,completed,other,cards
T000000002091,C00000888,A000000948,2025-10-25 12:39:19,transfer,mobile,17.53,GBP,completed,travel,mobile
T000000002092,C00000327,A000000683,2025-09-06 12:06:11,purchase,api,123.28,EUR,failed,grocery,cards
T000000002093,C00000806,A000000612,2026-06-13 20:38:39,purchase,branch,114.37,GBP,completed,travel,payments
T000000002094,C00000198,A000000697,2025-09-08 17:54:08,purchase,mobile,6.23,GBP,completed,retail,core_banking
T000000002095,C00000163,A000001414,2026-01-01 21:45:28,transfer,atm,31.2,GBP,completed,other,cards
T000000002096,C00000779,A000001447,2025-03-03 13:13:33,purchase,atm,32.0,GBP,completed,other,payments
T000000002097,C00000940,A000000234,2025-07-22 22:03:38,purchase,mobile,13.19,GBP,failed,travel,mobile
T000000002098,C00000861,A000000166,2025-06-20 17:50:46,purchase,web,47.47,GBP,failed,utilities,core_banking
T000000002099,C00000752,A000000355,2025-10-05 17:43:54,direct_debit,atm,138.92,GBP,completed,restaurant,core_banking
T000000002100,C00000247,A000001236,2025-11-17 15:52:45,transfer,api,76.43,GBP,completed,restaurant,mobile
T000000002101,C00000914,A000000667,2026-04-03 08:03:21,purchase,mobile,123.28,GBP,completed,retail,cards
T000000002102,C00000668,A000001253,2025-10-03 14:36:19,purchase,branch,14.09,USD,completed,travel,core_banking
T000000002103,C00000173,A000000938,2025-04-07 08:33:28,purchase,atm,31.14,GBP,completed,restaurant,cards
T000000002104,C00000130,A000000803,2025-12-15 15:35:29,transfer,api,13.41,GBP,completed,retail,mobile
T000000002105,C00000872,A000000409,2025-02-04 06:06:53,transfer,mobile,38.53,USD,completed,travel,mobile
T000000002106,C00000276,A000000499,2026-06-27 19:10:47,transfer,web,42.35,GBP,completed,restaurant,core_banking
T000000002107,C00000766,A000000215,2026-05-08 13:42:46,cash_withdrawal,atm,82.09,GBP,completed,other,payments
T000000002108,C00000139,A000000753,2025-05-24 17:02:40,purchase,mobile,119.01,GBP,failed,other,cards
T000000002109,C00000281,A000000407,2025-06-18 05:19:22,purchase,web,61.77,GBP,completed,other,core_banking
T000000002110,C00000284,A000000425,2025-01-18 19:00:09,purchase,web,12.14,GBP,completed,utilities,payments
T000000002111,C00000282,A000000058,2025-08-21 19:15:45,transfer,web,7.24,EUR,completed,restaurant,core_banking
T000000002112,C00000675,A000001159,2025-01-25 03:29:39,purchase,atm,51.73,GBP,completed,travel,core_banking
T000000002113,C00000915,A000001362,2026-08-22 08:24:01,cash_withdrawal,mobile,144.83,GBP,completed,travel,core_banking
T000000002114,C00000911,A000000723,2025-03-27 16:15:51,purchase,atm,29.19,GBP,completed,grocery,core_banking
T000000002115,C00000742,A000000778,2026-02-26 20:57:54,transfer,mobile,6.03,EUR,completed,grocery,core_banking
T000000002116,C00000203,A000001343,2025-12-31 17:41:18,purchase,atm,267.47,GBP,completed,other,mobile
T000000002117,C00000961,A000000742,2025-06-01 11:19:14,purchase,web,50.09,GBP,pending,retail,core_banking
T000000002118,C00000543,A000000903,2026-06-01 07:11:57,cash_withdrawal,mobile,35.86,GBP,completed,utilities,payments
T000000002119,C00000546,A000000621,2025-03-11 21:50:21,purchase,api,8.79,GBP,completed,grocery,core_banking
T000000002120,C00000702,A000000746,2026-07-21 20:59:23,purchase,atm,30.48,GBP,completed,travel,payments
T000000002121,C00000770,A000000757,2026-04-19 21:31:25,purchase,mobile,61.63,EUR,completed,grocery,cards
T000000002122,C00000953,A000001032,2026-02-10 07:18:47,cash_withdrawal,mobile,50.81,GBP,completed,retail,mobile
T000000002123,C00000583,A000000877,2026-07-17 10:28:27,purchase,web,14.67,GBP,completed,utilities,core_banking
T000000002124,C00000611,A000000731,2025-09-15 05:51:07,refund,api,28.22,GBP,completed,grocery,cards
T000000002125,C00000746,A000000110,2025-06-29 22:54:32,refund,mobile,15.69,GBP,completed,restaurant,core_banking
T000000002126,C00000256,A000001312,2025-04-09 20:48:37,direct_debit,api,171.98,GBP,completed,grocery,core_banking
T000000002127,C00000308,A000001289,2026-08-14 04:09:30,purchase,mobile,76.68,GBP,completed,other,cards
T000000002128,C00000626,A000000268,2025-09-14 05:55:42,transfer,branch,17.28,GBP,completed,other,payments
T000000002129,C00000065,A000000426,2026-06-14 13:14:57,purchase,web,8.79,GBP,completed,utilities,core_banking
T000000002130,C00000321,A000001412,2025-08-01 09:58:19,direct_debit,mobile,40.11,GBP,pending,utilities,payments
T000000002131,C00000718,A000000466,2026-09-03 11:02:15,transfer,api,17.86,GBP,completed,restaurant,payments
T000000002132,C00000977,A000001178,2026-07-10 08:49:48,purchase,mobile,19.31,GBP,completed,travel,cards
T000000002133,C00000520,A000001140,2025-07-16 16:10:28,purchase,api,9.1,GBP,completed,other,payments
T000000002134,C00000400,A000001249,2025-11-08 21:33:12,direct_debit,mobile,10.36,GBP,completed,other,cards
T000000002135,C00000441,A000000024,2026-05-23 22:00:47,direct_debit,mobile,35.55,GBP,completed,restaurant,mobile
T000000002136,C00000686,A000000701,2025-05-25 10:55:32,transfer,api,22.64,GBP,completed,other,payments
T000000002137,C00000545,A000000820,2025-01-16 19:52:09,transfer,branch,412.13,GBP,completed,travel,payments
T000000002138,C00000024,A000001214,2025-07-04 16:39:48,cash_withdrawal,mobile,55.92,GBP,completed,other,core_banking
T000000002139,C00000540,A000000326,2026-01-13 04:43:32,direct_debit,web,8.94,USD,completed,grocery,payments
T000000002140,C00000401,A000000445,2025-03-29 19:03:24,cash_withdrawal,mobile,5.97,GBP,completed,restaurant,mobile
T000000002141,C00000701,A000000261,2025-08-02 08:24:36,purchase,atm,45.52,GBP,completed,travel,core_banking
T000000002142,C00000876,A000001105,2026-08-10 15:04:10,transfer,mobile,19.75,GBP,completed,other,cards
T000000002143,C00000963,A000001449,2025-02-17 17:17:42,direct_debit,web,121.27,GBP,completed,utilities,payments
T000000002144,C00000611,A000000204,2025-02-02 22:38:55,purchase,mobile,40.28,GBP,pending,travel,core_banking
T000000002145,C00000363,A000000339,2025-09-28 22:45:34,purchase,branch,3.74,GBP,completed,travel,cards
T000000002146,C00000444,A000000446,2025-01-09 19:15:36,purchase,api,10.27,GBP,completed,other,payments
T000000002147,C00000177,A000001290,2025-01-18 12:08:37,purchase,atm,14.75,GBP,completed,restaurant,payments
T000000002148,C00000936,A000000647,2025-04-27 09:36:17,cash_withdrawal,web,47.66,GBP,completed,retail,core_banking
T000000002149,C00000848,A000000409,2025-03-07 10:35:22,purchase,mobile,9.92,GBP,completed,travel,core_banking
T000000002150,C00000854,A000000468,2026-06-03 22:49:10,transfer,mobile,35.18,GBP,completed,grocery,core_banking
T000000002151,C00000329,A000000868,2025-03-20 04:55:14,purchase,atm,7.37,GBP,completed,grocery,core_banking
T000000002152,C00000323,A000000562,2025-12-01 12:35:23,direct_debit,mobile,30.16,GBP,pending,grocery,core_banking
T000000002153,C00000857,A000000204,2026-03-27 16:18:33,direct_debit,branch,44.19,GBP,completed,travel,payments
T000000002154,C00000545,A000001190,2026-02-04 00:32:30,transfer,web,139.02,GBP,completed,travel,payments
T000000002155,C00000705,A000000613,2026-02-22 15:14:14,cash_withdrawal,api,38.78,GBP,completed,grocery,mobile
T000000002156,C00000490,A000000373,2025-08-17 06:14:25,purchase,web,12.71,GBP,completed,restaurant,mobile
T000000002157,C00000443,A000001057,2026-07-22 06:44:07,direct_debit,web,143.69,GBP,completed,other,mobile
T000000002158,C00000633,A000001081,2025-02-13 14:55:17,cash_withdrawal,api,24.72,EUR,completed,other,core_banking
T000000002159,C00000813,A000000225,2025-03-10 00:12:48,purchase,api,67.51,GBP,completed,other,core_banking
T000000002160,C00000335,A000000107,2026-07-02 03:45:48,refund,web,15.74,USD,completed,grocery,core_banking
T000000002161,C00000810,A000000066,2025-02-13 10:55:09,purchase,atm,32.96,GBP,completed,grocery,payments
T000000002162,C00000245,A000001111,2025-05-03 14:01:03,transfer,branch,12.92,GBP,completed,other,mobile
T000000002163,C00000403,A000000908,2025-04-21 02:37:07,purchase,web,42.03,GBP,completed,grocery,core_banking
T000000002164,C00000913,A000001149,2025-01-22 08:40:42,cash_withdrawal,mobile,69.69,GBP,completed,restaurant,cards
T000000002165,C00000955,A000000909,2025-03-16 07:22:52,purchase,branch,17.82,GBP,completed,grocery,cards
T000000002166,C00000924,A000000583,2026-01-01 12:49:30,purchase,branch,16.8,USD,failed,grocery,core_banking
T000000002167,C00000317,A000000855,2026-02-27 07:12:51,transfer,mobile,43.58,GBP,completed,restaurant,payments
T000000002168,C00000844,A000001048,2025-02-23 00:02:41,refund,mobile,12.6,GBP,completed,restaurant,core_banking
T000000002169,C00000937,A000000579,2026-08-26 12:43:18,purchase,atm,6.09,GBP,completed,grocery,core_banking
T000000002170,C00000979,A000001327,2025-03-03 20:21:43,transfer,mobile,43.42,GBP,completed,grocery,mobile
T000000002171,C00000021,A000001305,2026-03-15 14:02:01,transfer,branch,26.76,GBP,completed,other,core_banking
T000000002172,C00000745,A000001162,2026-05-27 08:41:10,direct_debit,branch,26.17,GBP,completed,travel,core_banking
T000000002173,C00000997,A000001439,2025-11-29 11:34:37,purchase,mobile,51.79,GBP,completed,other,payments
T000000002174,C00000765,A000000567,2025-11-11 03:21:49,transfer,mobile,59.97,GBP,completed,utilities,cards
T000000002175,C00000234,A000000166,2025-03-11 05:40:44,refund,web,25.3,USD,completed,other,cards
T000000002176,C00000763,A000000703,2025-06-04 10:30:35,purchase,mobile,9.22,GBP,completed,other,cards
T000000002177,C00000106,A000001082,2026-06-28 14:12:57,purchase,web,15.32,GBP,failed,utilities,core_banking
T000000002178,C00000481,A000001131,2025-08-11 11:40:05,direct_debit,atm,55.38,GBP,completed,grocery,core_banking
T000000002179,C00000627,A000000564,2025-01-23 23:06:33,purchase,atm,34.58,GBP,completed,other,payments
T000000002180,C00000457,A000000425,2026-04-11 15:17:51,purchase,mobile,16.82,GBP,pending,retail,core_banking
T000000002181,C00000700,A000000646,2026-03-13 00:33:06,purchase,branch,13.15,GBP,completed,travel,mobile
T000000002182,C00000241,A000001166,2025-02-12 12:35:22,direct_debit,mobile,57.32,GBP,completed,utilities,core_banking
T000000002183,C00000607,A000000088,2025-02-02 13:59:14,direct_debit,atm,23.74,GBP,completed,retail,payments
T000000002184,C00000645,A000000476,2025-03-16 01:02:40,transfer,mobile,66.05,GBP,completed,restaurant,mobile
T000000002185,C00000634,A000000334,2025-02-02 09:14:25,transfer,web,75.44,GBP,completed,travel,core_banking
T000000002186,C00000290,A000001169,2026-01-29 20:54:58,purchase,web,21.57,GBP,completed,other,cards
T000000002187,C00000306,A000000682,2025-03-26 08:33:55,purchase,mobile,81.22,GBP,completed,grocery,payments
T000000002188,C00000258,A000000126,2026-01-23 10:57:22,purchase,api,34.65,GBP,completed,retail,cards
T000000002189,C00000462,A000000380,2025-04-23 05:18:28,purchase,mobile,39.69,GBP,completed,other,payments
T000000002190,C00000586,A000000065,2026-09-14 01:50:51,purchase,mobile,3.01,GBP,completed,other,core_banking
T000000002191,C00000363,A000000690,2026-04-09 07:38:12,transfer,branch,10.81,GBP,completed,restaurant,mobile
T000000002192,C00000410,A000001447,2025-08-28 18:32:52,purchase,web,11.44,GBP,completed,utilities,cards
T000000002193,C00000287,A000000823,2025-10-01 23:35:45,purchase,mobile,21.44,GBP,completed,utilities,core_banking
T000000002194,C00000219,A000001261,2025-02-11 15:50:37,purchase,mobile,33.79,GBP,completed,travel,cards
T000000002195,C00000658,A000001077,2025-02-05 19:56:28,purchase,mobile,35.27,EUR,completed,travel,core_banking
T000000002196,C00000817,A000001281,2025-12-10 15:35:11,purchase,atm,40.45,GBP,failed,utilities,cards
T000000002197,C00000291,A000000451,2025-01-15 15:48:33,purchase,web,14.6,GBP,completed,travel,core_banking
T000000002198,C00000861,A000001380,2026-02-12 10:14:45,purchase,mobile,61.93,GBP,completed,travel,payments
T000000002199,C00000571,A000000347,2025-09-02 01:28:08,transfer,web,200.29,GBP,completed,restaurant,core_banking
T000000002200,C00000168,A000000636,2025-03-31 09:51:06,cash_withdrawal,api,20.68,GBP,completed,restaurant,cards
T000000002201,C00000366,A000000988,2025-12-09 20:45:25,direct_debit,api,14.93,GBP,completed,retail,mobile
T000000002202,C00000008,A000000416,2025-12-20 12:52:19,cash_withdrawal,mobile,14.59,GBP,completed,travel,mobile
T000000002203,C00000040,A000000384,2026-04-22 18:17:14,transfer,branch,32.78,GBP,completed,travel,payments
T000000002204,C00000337,A000000189,2025-05-07 01:12:51,direct_debit,mobile,17.25,GBP,completed,travel,core_banking
T000000002205,C00000455,A000000007,2025-12-16 04:49:47,transfer,mobile,4.87,GBP,completed,travel,mobile
T000000002206,C00000798,A000000727,2026-06-24 07:10:29,transfer,atm,6.49,GBP,completed,other,core_banking
T000000002207,C00000135,A000001431,2025-06-22 08:37:27,purchase,api,87.46,GBP,completed,travel,core_banking
T000000002208,C00000840,A000000320,2026-06-18 23:42:34,purchase,mobile,115.11,GBP,completed,other,mobile
T000000002209,C00000235,A000000639,2026-04-08 11:05:10,purchase,atm,160.76,GBP,completed,utilities,core_banking
T000000002210,C00000139,A000001357,2025-10-02 15:53:33,purchase,branch,38.0,GBP,completed,retail,core_banking
T000000002211,C00000700,A000001120,2026-07-19 15:28:00,direct_debit,atm,10.59,GBP,completed,travel,cards
T000000002212,C00000775,A000000006,2026-09-10 10:03:15,purchase,atm,18.92,GBP,completed,restaurant,cards
T000000002213,C00000605,A000000726,2025-06-01 23:11:30,transfer,web,6.26,GBP,completed,other,core_banking
T000000002214,C00000116,A000000208,2026-09-19 05:20:12,direct_debit,api,6.01,GBP,completed,other,payments
T000000002215,C00000116,A000000359,2025-01-02 00:49:43,transfer,mobile,39.17,GBP,completed,restaurant,payments
T000000002216,C00000391,A000000358,2025-03-24 17:53:06,purchase,web,52.77,GBP,completed,grocery,mobile
T000000002217,C00000451,A000000889,2025-01-28 15:41:28,purchase,mobile,234.23,GBP,completed,other,core_banking
T000000002218,C00000999,A000000289,2025-08-23 06:14:49,purchase,atm,27.46,GBP,completed,utilities,payments
T000000002219,C00000287,A000000366,2026-08-22 20:49:51,refund,mobile,7.2,EUR,completed,utilities,payments
T000000002220,C00000193,A000000328,2026-01-19 03:53:48,cash_withdrawal,web,26.36,USD,completed,travel,core_banking
T000000002221,C00000946,A000000518,2026-01-29 06:01:23,cash_withdrawal,atm,22.27,USD,completed,utilities,cards
T000000002222,C00000154,A000000952,2025-02-24 03:42:30,transfer,mobile,17.89,GBP,completed,restaurant,core_banking
T000000002223,C00000027,A000000580,2025-11-26 04:28:11,cash_withdrawal,mobile,42.99,GBP,completed,utilities,core_banking
T000000002224,C00000423,A000000475,2025-09-02 17:30:08,cash_withdrawal,mobile,8.37,EUR,completed,grocery,core_banking
T000000002225,C00000402,A000000751,2025-11-03 16:53:01,purchase,branch,34.37,GBP,reversed,restaurant,payments
T000000002226,C00000620,A000000892,2025-06-16 15:25:38,purchase,mobile,59.39,GBP,completed,restaurant,cards
T000000002227,C00000878,A000000023,2025-05-09 20:39:29,purchase,web,133.05,EUR,completed,restaurant,core_banking
T000000002228,C00000933,A000001291,2026-09-01 01:40:31,transfer,web,41.51,GBP,completed,travel,cards
T000000002229,C00000290,A000001329,2025-12-23 14:53:24,direct_debit,api,89.59,GBP,completed,travel,core_banking
T000000002230,C00000981,A000000874,2025-09-21 02:45:39,transfer,atm,18.8,USD,completed,retail,core_banking
T000000002231,C00000633,A000000834,2025-02-17 22:56:09,transfer,mobile,21.77,USD,completed,other,mobile
T000000002232,C00000070,A000001008,2026-05-03 15:12:44,direct_debit,api,123.38,GBP,pending,restaurant,core_banking
T000000002233,C00000939,A000000640,2025-10-29 18:14:17,purchase,atm,7.1,GBP,completed,grocery,payments
T000000002234,C00000138,A000000530,2025-09-05 13:42:24,purchase,atm,19.62,GBP,completed,grocery,core_banking
T000000002235,C00000589,A000000512,2026-03-03 09:12:28,direct_debit,web,97.99,GBP,completed,grocery,core_banking
T000000002236,C00000791,A000000232,2025-03-26 16:27:50,direct_debit,mobile,24.01,GBP,completed,other,payments
T000000002237,C00000250,A000001220,2025-12-07 20:03:28,transfer,branch,22.2,GBP,completed,other,core_banking
T000000002238,C00000271,A000000465,2026-07-06 04:16:22,purchase,web,22.68,GBP,completed,travel,core_banking
T000000002239,C00000477,A000000413,2025-10-24 20:55:27,refund,mobile,33.89,GBP,completed,other,payments
T000000002240,C00000885,A000001399,2025-01-01 17:26:17,cash_withdrawal,mobile,93.73,USD,completed,utilities,cards
T000000002241,C00000224,A000000735,2025-05-27 02:03:36,transfer,mobile,79.08,EUR,completed,travel,mobile
T000000002242,C00000664,A000000902,2025-02-05 22:27:58,purchase,web,30.33,GBP,completed,restaurant,mobile
T000000002243,C00000453,A000000356,2025-11-16 04:19:32,transfer,mobile,94.35,GBP,completed,grocery,core_banking
T000000002244,C00000112,A000000403,2025-08-21 14:25:30,direct_debit,branch,42.9,GBP,completed,grocery,core_banking
T000000002245,C00000711,A000001057,2025-03-26 03:06:36,direct_debit,atm,73.85,GBP,completed,travel,cards
T000000002246,C00000833,A000000654,2026-03-15 04:42:25,transfer,mobile,10.18,GBP,completed,utilities,core_banking
T000000002247,C00000576,A000000215,2025-04-23 15:25:54,transfer,mobile,185.95,GBP,completed,other,cards
T000000002248,C00000177,A000001212,2025-08-07 16:18:32,cash_withdrawal,mobile,37.76,GBP,completed,utilities,core_banking
T000000002249,C00000156,A000000585,2026-09-24 16:29:14,transfer,mobile,1.67,GBP,completed,retail,payments
T000000002250,C00000424,A000000970,2025-02-12 08:14:02,purchase,atm,171.14,USD,pending,utilities,mobile
T000000002251,C00000507,A000000495,2025-06-08 19:41:06,purchase,branch,30.12,USD,completed,grocery,core_banking
T000000002252,C00000553,A000000813,2025-07-23 01:10:58,purchase,atm,19.78,EUR,completed,utilities,core_banking
T000000002253,C00000244,A000001125,2025-11-22 20:30:10,cash_withdrawal,api,15.86,USD,completed,restaurant,mobile
T000000002254,C00000501,A000001284,2025-06-06 07:15:22,purchase,mobile,47.54,GBP,completed,retail,core_banking
T000000002255,C00000296,A000000301,2026-09-12 14:53:43,purchase,branch,11.79,USD,completed,utilities,core_banking
T000000002256,C00000687,A000000976,2025-01-04 21:44:02,direct_debit,web,16.35,USD,completed,travel,core_banking
T000000002257,C00000797,A000001327,2026-08-29 06:07:54,cash_withdrawal,web,16.77,GBP,completed,other,core_banking
T000000002258,C00000653,A000000932,2025-12-08 09:52:02,purchase,mobile,22.05,GBP,completed,travel,core_banking
T000000002259,C00000002,A000000208,2025-01-25 19:52:47,purchase,mobile,17.44,GBP,failed,grocery,core_banking
T000000002260,C00000993,A000000276,2025-03-16 20:45:07,cash_withdrawal,branch,73.37,GBP,completed,other,core_banking
T000000002261,C00000024,A000000295,2025-03-07 05:38:42,purchase,branch,39.83,GBP,completed,utilities,payments
T000000002262,C00001000,A000000155,2025-07-03 12:12:28,transfer,mobile,45.27,GBP,failed,retail,core_banking
T000000002263,C00000032,A000001093,2025-08-01 07:59:59,transfer,mobile,56.89,EUR,completed,restaurant,payments
T000000002264,C00000517,A000001400,2026-02-14 12:24:26,purchase,web,27.17,GBP,completed,travel,cards
T000000002265,C00000106,A000000750,2025-07-18 09:05:59,cash_withdrawal,atm,10.26,GBP,completed,travel,cards
T000000002266,C00000096,A000000869,2026-04-09 00:07:30,purchase,web,199.42,GBP,completed,grocery,mobile
T000000002267,C00000684,A000001122,2025-07-07 22:11:18,transfer,mobile,79.35,GBP,reversed,utilities,core_banking
T000000002268,C00000728,A000000603,2025-06-18 15:17:25,purchase,mobile,162.95,GBP,completed,restaurant,core_banking
T000000002269,C00000119,A000000686,2025-06-25 11:04:48,purchase,atm,88.79,USD,completed,other,cards
T000000002270,C00000977,A000000855,2025-07-30 02:35:15,purchase,atm,18.48,EUR,failed,utilities,core_banking
T000000002271,C00000321,A000000442,2026-06-20 01:42:37,direct_debit,mobile,2.55,GBP,completed,grocery,core_banking
T000000002272,C00000319,A000000090,2025-06-07 11:29:23,purchase,web,8.24,GBP,completed,travel,mobile
T000000002273,C00000297,A000000824,2025-06-24 15:34:41,purchase,web,58.46,EUR,completed,travel,payments
T000000002274,C00000462,A000001193,2026-09-04 06:14:51,purchase,branch,26.93,EUR,completed,other,cards
T000000002275,C00000178,A000000107,2026-02-22 17:51:55,cash_withdrawal,mobile,19.28,GBP,completed,utilities,cards
T000000002276,C00000425,A000000315,2025-05-02 09:25:01,purchase,branch,2.18,USD,completed,other,cards
T000000002277,C00000210,A000000382,2026-07-09 00:15:56,refund,api,29.55,GBP,completed,other,core_banking
T000000002278,C00000052,A000001167,2025-04-28 12:53:23,transfer,web,9.62,GBP,completed,other,core_banking
T000000002279,C00000369,A000000732,2025-04-14 04:20:44,transfer,mobile,14.0,GBP,completed,travel,cards
T000000002280,C00000673,A000000775,2025-10-12 00:20:49,transfer,mobile,73.16,GBP,completed,utilities,core_banking
T000000002281,C00000764,A000000936,2026-03-18 03:07:21,purchase,mobile,10.17,USD,completed,grocery,core_banking
T000000002282,C00000354,A000000402,2025-05-01 06:49:48,refund,api,11.24,GBP,completed,retail,cards
T000000002283,C00000324,A000001035,2026-04-27 12:21:23,refund,api,36.41,GBP,completed,travel,cards
T000000002284,C00000788,A000000044,2025-04-11 23:45:02,purchase,mobile,74.89,GBP,completed,grocery,core_banking
T000000002285,C00000682,A000000165,2026-05-15 05:14:20,transfer,api,19.63,EUR,completed,grocery,mobile
T000000002286,C00000833,A000001183,2025-03-03 01:22:39,purchase,mobile,139.85,GBP,completed,retail,payments
T000000002287,C00000907,A000000955,2025-10-24 04:35:24,transfer,web,7.83,GBP,completed,grocery,cards
T000000002288,C00000822,A000000256,2026-02-14 07:39:55,cash_withdrawal,branch,6.51,EUR,completed,utilities,core_banking
T000000002289,C00000937,A000000637,2025-06-19 04:55:33,direct_debit,mobile,5.95,GBP,completed,travel,cards
T000000002290,C00000417,A000000076,2026-01-27 07:42:50,purchase,web,5.29,EUR,completed,travel,payments
T000000002291,C00000395,A000000975,2026-03-17 23:15:26,cash_withdrawal,branch,42.66,EUR,reversed,grocery,cards
T000000002292,C00000322,A000001097,2026-02-20 09:06:18,cash_withdrawal,mobile,10.73,GBP,completed,retail,cards
T000000002293,C00000236,A000000404,2025-09-11 15:13:59,purchase,api,6.82,USD,completed,travel,core_banking
T000000002294,C00000749,A000000508,2026-05-10 16:26:05,transfer,mobile,44.65,GBP,completed,utilities,core_banking
T000000002295,C00000715,A000000344,2026-04-13 03:07:24,transfer,mobile,71.18,USD,completed,other,payments
T000000002296,C00000802,A000000565,2025-07-28 05:56:45,cash_withdrawal,api,90.32,GBP,completed,restaurant,core_banking
T000000002297,C00000168,A000000395,2026-04-14 09:58:37,refund,web,75.12,EUR,completed,grocery,cards
T000000002298,C00000492,A000000359,2026-08-10 11:02:47,purchase,web,11.43,GBP,completed,grocery,payments
T000000002299,C00000222,A000000624,2026-06-06 00:18:58,purchase,mobile,40.04,GBP,completed,other,core_banking
T000000002300,C00000894,A000001246,2026-04-14 15:28:36,purchase,mobile,50.49,USD,completed,other,mobile
T000000002301,C00000268,A000001106,2026-05-05 07:12:59,purchase,mobile,18.2,GBP,failed,retail,payments
T000000002302,C00000144,A000000432,2026-05-30 07:44:08,transfer,web,35.62,GBP,completed,retail,payments
T000000002303,C00000570,A000001368,2025-07-04 14:28:19,direct_debit,web,8.05,EUR,completed,retail,payments
T000000002304,C00000880,A000000305,2026-04-06 22:46:13,purchase,web,15.5,GBP,completed,utilities,payments
T000000002305,C00000916,A000001321,2025-05-08 20:45:32,transfer,atm,44.27,GBP,failed,travel,core_banking
T000000002306,C00000097,A000000449,2025-08-18 23:30:43,purchase,api,145.9,USD,completed,other,payments
T000000002307,C00000326,A000000784,2026-08-21 09:55:26,purchase,mobile,100.38,GBP,completed,retail,core_banking
T000000002308,C00000154,A000000295,2025-06-30 02:52:19,direct_debit,api,59.97,GBP,completed,travel,payments
T000000002309,C00000308,A000001105,2026-06-24 05:11:00,transfer,atm,32.58,GBP,pending,travel,cards
T000000002310,C00000534,A000000461,2025-09-27 08:15:06,purchase,api,27.69,GBP,completed,other,payments
T000000002311,C00000281,A000001266,2025-05-15 07:12:20,direct_debit,branch,6.55,GBP,completed,travel,core_banking
T000000002312,C00000068,A000000121,2025-03-04 04:59:28,transfer,mobile,12.46,GBP,pending,restaurant,core_banking
T000000002313,C00000511,A000000728,2025-12-17 03:37:15,purchase,mobile,12.9,GBP,completed,restaurant,payments
T000000002314,C00000053,A000000230,2025-10-16 04:28:58,transfer,api,54.79,GBP,completed,other,core_banking
T000000002315,C00000227,A000001289,2025-11-23 15:47:55,transfer,web,80.82,GBP,completed,grocery,cards
T000000002316,C00000001,A000000605,2025-01-28 11:47:00,purchase,api,64.94,USD,completed,retail,payments
T000000002317,C00000087,A000000978,2025-06-21 00:54:05,direct_debit,branch,103.73,GBP,pending,other,core_banking
T000000002318,C00000437,A000001276,2025-01-03 13:31:54,transfer,mobile,32.33,GBP,completed,grocery,core_banking
T000000002319,C00000851,A000000777,2025-07-13 20:12:59,transfer,web,10.68,USD,completed,grocery,core_banking
T000000002320,C00000775,A000000084,2026-08-19 10:12:56,direct_debit,api,28.43,GBP,completed,grocery,mobile
T000000002321,C00000099,A000000321,2025-04-08 07:38:46,transfer,mobile,14.0,USD,pending,grocery,core_banking
T000000002322,C00000035,A000000309,2026-03-17 06:32:28,purchase,branch,59.78,EUR,completed,restaurant,core_banking
T000000002323,C00000339,A000001326,2025-01-04 09:06:21,purchase,api,20.55,GBP,completed,retail,mobile
T000000002324,C00000653,A000001318,2025-12-26 06:41:12,purchase,mobile,27.02,GBP,completed,grocery,payments
T000000002325,C00000747,A000000692,2026-08-12 22:10:52,purchase,mobile,62.07,GBP,reversed,restaurant,payments
T000000002326,C00000824,A000001291,2025-08-06 23:48:39,purchase,web,13.76,GBP,failed,travel,cards
T000000002327,C00000343,A000000357,2025-05-06 08:14:20,transfer,atm,82.45,GBP,completed,grocery,payments
T000000002328,C00000169,A000000986,2025-12-31 22:10:05,purchase,web,7.28,GBP,completed,other,mobile
T000000002329,C00000027,A000000569,2025-06-28 20:29:10,purchase,mobile,41.34,GBP,completed,utilities,mobile
T000000002330,C00000147,A000000349,2026-07-24 01:49:17,transfer,mobile,27.24,EUR,completed,retail,cards
T000000002331,C00000066,A000000363,2026-06-27 11:46:48,purchase,web,71.43,GBP,completed,other,payments
T000000002332,C00000861,A000000609,2026-02-21 15:45:25,transfer,mobile,7.08,GBP,completed,travel,payments
T000000002333,C00000269,A000000493,2026-02-13 10:07:52,cash_withdrawal,mobile,6.01,GBP,completed,utilities,payments
T000000002334,C00000824,A000000307,2026-01-20 10:57:54,purchase,atm,65.86,GBP,completed,restaurant,payments
T000000002335,C00000554,A000000485,2026-04-15 11:51:35,purchase,mobile,19.88,EUR,completed,grocery,core_banking
T000000002336,C00000539,A000000187,2025-10-22 16:31:53,transfer,atm,27.24,GBP,pending,travel,payments
T000000002337,C00000455,A000001407,2026-09-12 07:03:01,purchase,api,14.99,GBP,completed,grocery,core_banking
T000000002338,C00000820,A000000551,2025-08-09 14:19:37,transfer,branch,78.14,GBP,completed,utilities,core_banking
T000000002339,C00000044,A000000156,2025-01-06 05:50:37,cash_withdrawal,branch,41.02,GBP,completed,restaurant,core_banking
T000000002340,C00000093,A000000835,2026-03-23 21:20:31,transfer,mobile,38.58,EUR,completed,grocery,core_banking
T000000002341,C00000424,A000001281,2026-02-28 02:01:55,purchase,web,8.77,GBP,completed,grocery,cards
T000000002342,C00000395,A000000522,2026-09-19 01:36:27,refund,web,50.73,GBP,failed,retail,core_banking
T000000002343,C00000546,A000001226,2025-09-10 00:54:19,purchase,mobile,10.57,GBP,completed,retail,cards
T000000002344,C00000738,A000000886,2025-09-29 08:23:25,direct_debit,web,15.01,GBP,reversed,grocery,mobile
T000000002345,C00000588,A000001072,2025-12-26 14:32:59,direct_debit,mobile,7.14,GBP,completed,restaurant,core_banking
T000000002346,C00000258,A000000430,2025-09-08 23:39:06,purchase,mobile,25.42,GBP,completed,restaurant,core_banking
T000000002347,C00000328,A000000054,2026-05-17 10:54:41,purchase,branch,91.62,GBP,failed,retail,core_banking
T000000002348,C00000753,A000000502,2025-10-01 04:22:29,purchase,web,38.02,GBP,completed,retail,payments
T000000002349,C00000202,A000001341,2026-05-16 08:50:16,direct_debit,mobile,18.84,GBP,completed,grocery,core_banking
T000000002350,C00000505,A000001147,2025-09-29 03:03:21,purchase,mobile,33.6,USD,completed,travel,core_banking
T000000002351,C00000539,A000001138,2025-05-24 11:19:39,direct_debit,mobile,33.41,GBP,completed,utilities,core_banking
T000000002352,C00000751,A000001274,2026-09-26 17:29:43,transfer,web,32.12,EUR,completed,other,core_banking
T000000002353,C00000715,A000000542,2025-12-03 00:51:10,transfer,web,36.1,GBP,completed,travel,payments
T000000002354,C00000465,A000000467,2026-03-28 18:39:30,transfer,mobile,10.05,GBP,completed,restaurant,payments
T000000002355,C00000310,A000001342,2026-01-13 05:29:07,purchase,branch,33.51,GBP,completed,utilities,core_banking
T000000002356,C00000368,A000000829,2025-08-18 16:08:04,purchase,api,4.74,GBP,completed,utilities,core_banking
T000000002357,C00000412,A000000433,2026-09-14 19:34:18,direct_debit,web,54.84,GBP,completed,travel,cards
T000000002358,C00000220,A000000404,2025-08-26 18:37:43,purchase,web,9.41,GBP,completed,other,mobile
T000000002359,C00000626,A000001273,2026-09-27 16:04:37,direct_debit,branch,103.18,GBP,completed,grocery,payments
T000000002360,C00000209,A000000078,2025-10-03 16:38:57,refund,atm,2.3,GBP,completed,travel,payments
T000000002361,C00000649,A000000090,2025-01-15 04:30:10,purchase,api,173.84,EUR,completed,travel,mobile
T000000002362,C00000752,A000001070,2025-01-24 03:15:30,transfer,mobile,5.36,EUR,completed,utilities,core_banking
T000000002363,C00000962,A000000002,2026-09-15 09:09:00,purchase,mobile,8.5,GBP,completed,retail,core_banking
T000000002364,C00000119,A000000248,2025-12-04 14:35:50,transfer,mobile,41.02,EUR,completed,other,payments
T000000002365,C00000760,A000001437,2025-09-05 14:50:09,refund,atm,57.38,GBP,completed,travel,core_banking
T000000002366,C00000086,A000000618,2026-06-03 18:38:42,direct_debit,mobile,22.25,GBP,completed,utilities,core_banking
T000000002367,C00000338,A000001056,2026-01-30 07:24:14,direct_debit,api,76.5,GBP,completed,retail,payments
T000000002368,C00000177,A000000707,2026-02-27 20:46:20,purchase,mobile,12.98,GBP,completed,travel,cards
T000000002369,C00000163,A000000132,2026-03-15 10:46:46,transfer,web,19.69,GBP,completed,grocery,core_banking
T000000002370,C00000176,A000000268,2025-05-07 05:54:34,purchase,mobile,21.82,GBP,completed,restaurant,cards
T000000002371,C00000044,A000001104,2025-02-26 17:39:00,direct_debit,web,17.03,USD,completed,travel,core_banking
T000000002372,C00000824,A000000138,2026-04-11 03:03:30,purchase,web,3.93,GBP,completed,grocery,core_banking
T000000002373,C00000062,A000000863,2025-01-14 09:43:39,purchase,atm,29.2,GBP,completed,utilities,core_banking
T000000002374,C00000399,A000000505,2026-04-05 18:44:46,purchase,web,26.56,GBP,completed,grocery,core_banking
T000000002375,C00000700,A000000537,2025-03-25 18:30:23,purchase,web,92.95,GBP,completed,utilities,mobile
T000000002376,C00000991,A000001381,2025-06-17 06:09:25,purchase,atm,7.77,GBP,completed,restaurant,core_banking
T000000002377,C00000854,A000000879,2026-03-29 03:59:50,purchase,api,15.31,GBP,completed,travel,payments
T000000002378,C00000138,A000000892,2026-02-03 00:45:58,direct_debit,atm,106.02,GBP,completed,grocery,mobile
T000000002379,C00000988,A000000509,2026-05-15 02:08:42,cash_withdrawal,atm,40.77,GBP,pending,grocery,core_banking
T000000002380,C00000654,A000000554,2026-01-26 19:48:18,purchase,web,53.35,GBP,completed,grocery,core_banking
T000000002381,C00000180,A000000995,2025-01-31 18:48:23,cash_withdrawal,api,48.24,GBP,completed,retail,payments
T000000002382,C00000449,A000000057,2026-06-21 12:08:37,purchase,web,48.46,GBP,completed,retail,core_banking
T000000002383,C00000918,A000000345,2025-05-18 13:40:57,cash_withdrawal,api,202.78,GBP,completed,restaurant,cards
T000000002384,C00000393,A000000871,2025-03-28 07:50:21,purchase,atm,32.99,GBP,completed,retail,core_banking
T000000002385,C00000184,A000000905,2026-07-16 04:36:32,transfer,mobile,10.36,GBP,completed,utilities,payments
T000000002386,C00000876,A000000134,2025-05-05 00:16:27,purchase,mobile,58.6,GBP,completed,retail,payments
T000000002387,C00000953,A000001143,2025-12-09 16:07:30,purchase,atm,16.53,USD,completed,retail,cards
T000000002388,C00000976,A000000787,2025-11-07 00:50:52,transfer,branch,26.7,GBP,completed,restaurant,core_banking
T000000002389,C00000956,A000000345,2026-05-07 02:31:14,cash_withdrawal,web,44.2,GBP,completed,utilities,cards
T000000002390,C00000873,A000001091,2025-01-29 19:01:22,cash_withdrawal,api,12.65,GBP,completed,utilities,cards
T000000002391,C00000455,A000001437,2025-03-10 13:59:16,purchase,web,17.53,GBP,completed,retail,cards
T000000002392,C00000193,A000000615,2025-09-23 11:45:10,transfer,mobile,49.38,EUR,completed,restaurant,mobile
T000000002393,C00000618,A000000411,2025-10-30 05:14:29,cash_withdrawal,web,16.84,GBP,completed,travel,core_banking
T000000002394,C00000221,A000000435,2026-05-19 03:35:35,purchase,mobile,83.27,GBP,pending,grocery,core_banking
T000000002395,C00000474,A000000860,2026-01-23 11:11:45,purchase,web,10.64,GBP,completed,retail,core_banking
T000000002396,C00000657,A000000069,2025-04-06 08:36:14,purchase,api,10.6,USD,completed,travel,payments
T000000002397,C00000947,A000000701,2026-09-18 12:49:07,purchase,mobile,221.71,EUR,completed,other,mobile
T000000002398,C00000290,A000000036,2025-10-21 03:58:02,purchase,atm,6.01,GBP,completed,other,core_banking
T000000002399,C00000252,A000000056,2026-09-09 05:33:16,purchase,atm,29.14,GBP,completed,travel,core_banking
T000000002400,C00000735,A000000624,2026-09-25 02:42:32,transfer,mobile,209.36,GBP,completed,retail,mobile
T000000002401,C00000007,A000001081,2025-02-03 10:11:15,transfer,atm,29.08,GBP,completed,retail,core_banking
T000000002402,C00000567,A000001281,2025-11-20 06:37:52,direct_debit,atm,123.24,GBP,completed,travel,payments
T000000002403,C00000746,A000000128,2025-09-27 05:21:47,transfer,web,59.45,GBP,completed,grocery,mobile
T000000002404,C00000551,A000000354,2025-11-15 13:11:17,purchase,mobile,29.74,GBP,completed,other,payments
T000000002405,C00000384,A000000612,2025-07-18 11:56:16,direct_debit,mobile,26.12,GBP,completed,utilities,core_banking
T000000002406,C00000829,A000000833,2025-12-24 05:02:24,cash_withdrawal,branch,3.24,GBP,completed,retail,cards
T000000002407,C00000372,A000001432,2025-11-11 16:46:36,transfer,mobile,21.43,GBP,completed,travel,core_banking
T000000002408,C00000711,A000000993,2025-04-29 08:14:53,purchase,mobile,38.24,GBP,failed,retail,core_banking
T000000002409,C00000465,A000000781,2025-07-04 08:11:33,transfer,api,38.22,GBP,completed,travel,core_banking
T000000002410,C00000027,A000000089,2025-04-05 11:28:13,transfer,branch,399.08,EUR,completed,travel,core_banking
T000000002411,C00000531,A000000118,2026-06-24 03:20:13,transfer,atm,40.25,GBP,completed,other,mobile
T000000002412,C00000050,A000000222,2026-03-09 10:04:50,cash_withdrawal,api,58.07,USD,completed,utilities,cards
T000000002413,C00000931,A000000959,2025-09-05 13:58:39,direct_debit,mobile,101.82,GBP,reversed,travel,core_banking
T000000002414,C00000602,A000000481,2025-09-10 03:05:13,refund,mobile,52.85,GBP,completed,travel,cards
T000000002415,C00000373,A000000350,2025-02-20 13:33:26,transfer,branch,27.38,GBP,completed,restaurant,cards
T000000002416,C00000487,A000000972,2025-07-05 00:55:57,refund,web,27.52,GBP,completed,utilities,core_banking
T000000002417,C00000620,A000001183,2026-08-14 14:29:01,direct_debit,mobile,20.73,USD,completed,other,core_banking
T000000002418,C00000261,A000000637,2025-01-21 00:51:03,purchase,atm,47.77,GBP,reversed,restaurant,cards
T000000002419,C00000289,A000001279,2025-04-04 04:12:07,transfer,mobile,25.06,USD,completed,retail,payments
T000000002420,C00000419,A000001065,2026-06-25 08:24:15,purchase,web,57.75,GBP,reversed,utilities,core_banking
T000000002421,C00000259,A000001039,2025-11-29 14:45:03,purchase,web,10.39,GBP,completed,retail,payments
T000000002422,C00000758,A000001259,2025-01-21 17:15:04,purchase,branch,34.96,GBP,completed,grocery,cards
T000000002423,C00000104,A000000267,2025-11-09 11:15:15,transfer,mobile,152.88,GBP,failed,grocery,cards
T000000002424,C00000827,A000001100,2026-04-25 03:09:00,purchase,mobile,23.67,GBP,pending,grocery,core_banking
T000000002425,C00000349,A000001389,2025-08-09 09:17:58,purchase,api,207.5,USD,completed,other,cards
T000000002426,C00000562,A000001439,2025-09-02 18:53:15,purchase,api,35.58,EUR,pending,other,core_banking
T000000002427,C00000158,A000000839,2026-02-08 02:10:03,transfer,web,28.24,GBP,completed,retail,core_banking
T000000002428,C00000386,A000001094,2026-01-18 17:10:34,direct_debit,mobile,33.87,GBP,completed,other,payments
T000000002429,C00000755,A000001289,2026-07-31 09:15:30,refund,web,21.61,GBP,completed,restaurant,cards
T000000002430,C00000271,A000001236,2025-06-08 00:05:40,purchase,mobile,3.74,GBP,completed,grocery,core_banking
T000000002431,C00000133,A000001302,2025-06-26 16:40:12,purchase,mobile,75.5,USD,completed,travel,core_banking
T000000002432,C00000522,A000001207,2025-04-10 00:38:31,direct_debit,mobile,299.57,GBP,completed,retail,core_banking
T000000002433,C00000163,A000000553,2026-03-01 08:52:17,purchase,mobile,49.62,GBP,completed,restaurant,mobile
T000000002434,C00000315,A000001059,2025-12-07 04:40:50,refund,mobile,52.9,EUR,completed,utilities,core_banking
T000000002435,C00000451,A000000596,2025-08-10 14:00:56,cash_withdrawal,mobile,24.74,GBP,completed,retail,cards
T000000002436,C00000565,A000001163,2026-03-21 01:20:48,transfer,atm,101.06,USD,completed,other,payments
T000000002437,C00000640,A000001175,2025-08-29 02:11:06,purchase,web,28.75,GBP,completed,travel,core_banking
T000000002438,C00000677,A000001356,2025-05-05 12:45:08,purchase,web,39.67,GBP,completed,other,core_banking
T000000002439,C00000845,A000000854,2025-12-11 23:51:16,transfer,mobile,5.79,GBP,completed,restaurant,cards
T000000002440,C00000067,A000000690,2025-10-06 00:57:03,purchase,atm,17.19,GBP,completed,restaurant,payments
T000000002441,C00000363,A000000241,2025-09-17 11:03:28,direct_debit,mobile,44.07,GBP,completed,grocery,cards
T000000002442,C00000002,A000000926,2025-10-12 19:15:48,transfer,mobile,77.68,GBP,completed,grocery,core_banking
T000000002443,C00000010,A000000822,2026-08-08 06:58:41,purchase,branch,79.97,GBP,failed,other,core_banking
T000000002444,C00000213,A000000747,2025-05-19 11:49:51,purchase,branch,5.71,GBP,completed,restaurant,core_banking
T000000002445,C00000599,A000000981,2025-06-26 20:07:42,transfer,atm,6.35,GBP,completed,travel,core_banking
T000000002446,C00000895,A000001235,2025-12-28 17:28:15,purchase,web,55.33,GBP,reversed,other,mobile
T000000002447,C00000774,A000000216,2025-01-30 07:02:13,transfer,mobile,13.68,EUR,completed,travel,core_banking
T000000002448,C00000647,A000000626,2025-04-04 18:01:00,transfer,mobile,76.66,GBP,completed,retail,core_banking
T000000002449,C00000779,A000001048,2025-12-28 16:13:06,direct_debit,web,5.41,GBP,completed,travel,cards
T000000002450,C00000172,A000001189,2025-11-22 12:09:44,purchase,mobile,27.02,GBP,completed,retail,core_banking
T000000002451,C00000840,A000001129,2026-02-22 10:35:13,purchase,mobile,28.91,GBP,completed,restaurant,cards
T000000002452,C00000891,A000001160,2025-03-14 22:12:31,direct_debit,mobile,49.62,USD,completed,grocery,core_banking
T000000002453,C00000096,A000001240,2026-06-30 20:58:57,cash_withdrawal,api,10.15,GBP,completed,other,payments
T000000002454,C00000470,A000001395,2025-11-07 23:45:56,cash_withdrawal,mobile,3.8,GBP,reversed,travel,core_banking
T000000002455,C00000831,A000000882,2025-04-10 16:12:33,transfer,mobile,35.87,GBP,completed,other,cards
T000000002456,C00000477,A000000361,2025-07-19 08:37:16,direct_debit,api,52.08,GBP,failed,other,cards
T000000002457,C00000841,A000000818,2025-05-26 02:37:50,purchase,atm,86.3,GBP,completed,utilities,core_banking
T000000002458,C00000936,A000001029,2025-10-16 03:01:14,purchase,web,20.56,GBP,completed,grocery,core_banking
T000000002459,C00000475,A000000147,2025-10-27 22:49:43,direct_debit,branch,67.66,GBP,completed,utilities,cards
T000000002460,C00000060,A000001098,2025-10-05 08:43:03,purchase,mobile,49.9,GBP,completed,restaurant,payments
T000000002461,C00000341,A000000790,2025-10-22 02:39:02,direct_debit,atm,120.12,GBP,completed,other,cards
T000000002462,C00000216,A000001358,2026-08-04 05:21:37,purchase,mobile,28.27,GBP,failed,grocery,cards
T000000002463,C00000475,A000000308,2026-09-05 00:30:04,purchase,api,4.87,GBP,completed,restaurant,cards
T000000002464,C00000586,A000001316,2025-11-10 12:44:38,purchase,mobile,27.91,GBP,completed,travel,core_banking
T000000002465,C00000464,A000000650,2026-09-08 14:10:58,direct_debit,branch,32.88,GBP,completed,restaurant,payments
T000000002466,C00000196,A000000832,2026-06-08 09:04:52,cash_withdrawal,web,51.63,GBP,completed,utilities,core_banking
T000000002467,C00000302,A000000958,2026-06-08 17:51:32,purchase,mobile,5.99,GBP,completed,other,cards
T000000002468,C00000680,A000000840,2025-05-25 11:31:50,purchase,web,21.59,GBP,completed,grocery,mobile
T000000002469,C00000027,A000001311,2025-10-08 23:02:18,purchase,atm,74.55,GBP,completed,utilities,cards
T000000002470,C00000215,A000000243,2025-08-13 18:18:59,purchase,mobile,26.86,GBP,completed,restaurant,cards
T000000002471,C00000893,A000001059,2025-03-03 01:48:26,cash_withdrawal,api,21.74,GBP,failed,retail,payments
T000000002472,C00000100,A000001414,2025-02-17 06:34:35,purchase,mobile,221.77,GBP,completed,travel,core_banking
T000000002473,C00000415,A000000320,2026-02-02 18:06:05,purchase,branch,9.74,GBP,completed,travel,cards
T000000002474,C00000207,A000000370,2025-09-26 12:53:57,purchase,branch,109.38,GBP,completed,restaurant,core_banking
T000000002475,C00000105,A000000689,2026-06-12 18:04:38,transfer,web,87.56,GBP,completed,travel,core_banking
T000000002476,C00000423,A000001051,2026-03-04 08:02:37,transfer,branch,23.66,GBP,completed,other,core_banking
T000000002477,C00000522,A000001391,2025-02-24 00:54:55,transfer,atm,28.95,EUR,completed,travel,payments
T000000002478,C00000177,A000001154,2026-06-20 18:50:20,transfer,branch,28.84,GBP,completed,retail,cards
T000000002479,C00000078,A000001152,2025-11-14 18:50:26,refund,web,36.27,GBP,completed,other,mobile
T000000002480,C00000135,A000000640,2025-12-28 15:20:55,transfer,web,16.05,GBP,pending,grocery,core_banking
T000000002481,C00000652,A000000936,2026-09-10 09:42:17,direct_debit,web,19.11,GBP,completed,retail,core_banking
T000000002482,C00000861,A000000307,2026-02-14 00:12:14,transfer,mobile,20.64,EUR,completed,other,cards
T000000002483,C00000181,A000000672,2025-01-15 17:28:06,purchase,mobile,21.34,GBP,completed,travel,core_banking
T000000002484,C00000321,A000000274,2025-04-24 15:50:28,direct_debit,web,21.62,GBP,completed,travel,cards
T000000002485,C00000344,A000000040,2025-09-30 16:01:25,transfer,api,2.85,GBP,completed,grocery,core_banking
T000000002486,C00000361,A000001242,2025-01-24 04:05:01,transfer,mobile,33.2,GBP,completed,grocery,core_banking
T000000002487,C00000245,A000001167,2025-04-18 17:32:57,purchase,web,17.22,USD,completed,travel,cards
T000000002488,C00000056,A000000741,2026-05-21 17:23:14,purchase,mobile,4.22,GBP,completed,other,cards
T000000002489,C00000526,A000000022,2025-04-02 20:34:46,direct_debit,web,20.75,GBP,pending,utilities,core_banking
T000000002490,C00000358,A000000131,2025-04-17 13:36:58,purchase,atm,20.09,GBP,completed,travel,core_banking
T000000002491,C00000343,A000000163,2025-11-19 17:33:25,purchase,atm,114.32,USD,completed,restaurant,core_banking
T000000002492,C00000265,A000001040,2025-02-28 09:38:08,purchase,branch,17.01,GBP,completed,utilities,core_banking
T000000002493,C00000930,A000000296,2025-06-13 16:43:12,transfer,atm,60.41,GBP,completed,travel,mobile
T000000002494,C00000611,A000000363,2026-08-23 16:39:27,direct_debit,mobile,127.99,GBP,completed,travel,payments
T000000002495,C00000419,A000001249,2026-02-08 18:42:36,transfer,web,15.5,GBP,completed,travel,core_banking
T000000002496,C00000206,A000001271,2026-09-08 20:33:29,direct_debit,mobile,28.51,GBP,completed,restaurant,core_banking
T000000002497,C00000802,A000001107,2025-08-15 00:04:35,transfer,api,184.04,GBP,completed,restaurant,core_banking
T000000002498,C00000889,A000000449,2026-01-29 18:41:23,purchase,atm,38.11,GBP,completed,utilities,core_banking
T000000002499,C00000033,A000000841,2025-06-02 19:01:10,purchase,mobile,44.36,GBP,completed,retail,mobile
T000000002500,C00000930,A000000291,2025-08-30 13:05:20,purchase,mobile,19.54,USD,completed,utilities,core_banking
T000000002501,C00000700,A000001244,2025-04-22 12:28:16,cash_withdrawal,web,61.65,USD,pending,other,payments
T000000002502,C00000100,A000000124,2026-06-17 17:20:40,purchase,api,28.74,GBP,completed,utilities,payments
T000000002503,C00000754,A000001080,2025-04-28 10:55:37,purchase,mobile,4.38,GBP,completed,utilities,payments
T000000002504,C00000108,A000000742,2025-05-11 09:56:02,direct_debit,web,20.64,EUR,completed,travel,cards
T000000002505,C00000051,A000001099,2025-10-24 19:16:50,transfer,mobile,8.65,GBP,completed,retail,core_banking
T000000002506,C00000116,A000000654,2025-10-02 18:56:11,purchase,branch,33.71,USD,pending,grocery,payments
T000000002507,C00000460,A000000230,2025-07-20 04:57:59,cash_withdrawal,branch,11.44,GBP,completed,retail,payments
T000000002508,C00000620,A000001090,2025-08-17 19:53:50,transfer,mobile,49.5,GBP,completed,restaurant,cards
T000000002509,C00000408,A000000916,2025-07-08 07:50:08,direct_debit,atm,31.41,GBP,completed,restaurant,core_banking
T000000002510,C00000122,A000000674,2026-08-07 03:17:42,transfer,mobile,8.08,GBP,completed,other,core_banking
T000000002511,C00000200,A000000541,2026-01-06 21:04:55,purchase,atm,17.86,GBP,reversed,retail,core_banking
T000000002512,C00000853,A000000499,2026-08-11 05:42:45,purchase,mobile,57.49,GBP,completed,restaurant,core_banking
T000000002513,C00000963,A000000698,2026-09-23 04:52:16,purchase,web,100.02,GBP,completed,restaurant,cards
T000000002514,C00000755,A000000380,2026-02-20 06:28:47,cash_withdrawal,mobile,11.62,GBP,pending,restaurant,payments
T000000002515,C00000104,A000000410,2026-06-12 11:47:49,transfer,web,9.47,GBP,completed,restaurant,cards
T000000002516,C00000820,A000000404,2025-03-12 03:59:09,cash_withdrawal,mobile,232.42,GBP,completed,retail,cards
T000000002517,C00000692,A000000019,2026-08-30 03:49:45,transfer,web,29.66,GBP,completed,retail,payments
T000000002518,C00000527,A000001346,2025-11-05 09:25:15,purchase,mobile,32.98,GBP,completed,utilities,cards
T000000002519,C00000144,A000000343,2026-04-01 05:13:49,purchase,web,13.79,GBP,completed,retail,core_banking
T000000002520,C00000997,A000000240,2025-06-06 04:37:58,purchase,atm,37.56,GBP,completed,restaurant,payments
T000000002521,C00000443,A000000220,2025-03-03 21:53:30,purchase,web,181.43,EUR,completed,other,core_banking
T000000002522,C00000045,A000001433,2026-07-20 14:17:34,transfer,web,39.14,GBP,completed,grocery,mobile
T000000002523,C00000210,A000000692,2025-10-15 00:19:53,direct_debit,branch,91.67,GBP,completed,utilities,core_banking
T000000002524,C00000402,A000000475,2025-03-30 02:26:19,purchase,web,30.89,GBP,completed,retail,cards
T000000002525,C00000063,A000000586,2026-02-25 19:32:04,transfer,atm,10.21,GBP,completed,grocery,cards
T000000002526,C00000324,A000000129,2025-02-04 06:28:41,purchase,web,14.62,GBP,completed,travel,core_banking
T000000002527,C00000469,A000000455,2025-10-15 03:39:27,cash_withdrawal,api,9.27,GBP,completed,restaurant,core_banking
T000000002528,C00000949,A000000361,2026-03-27 15:58:20,purchase,atm,37.66,GBP,completed,retail,core_banking
T000000002529,C00000087,A000001165,2026-04-06 20:06:45,transfer,web,108.32,GBP,completed,grocery,payments
T000000002530,C00000577,A000000085,2025-10-17 09:33:54,purchase,web,35.48,GBP,completed,restaurant,core_banking
T000000002531,C00000916,A000000617,2025-08-25 17:49:44,purchase,branch,21.69,GBP,pending,travel,cards
T000000002532,C00000807,A000001146,2026-06-20 10:06:54,transfer,atm,13.08,EUR,completed,retail,payments
T000000002533,C00000925,A000001209,2025-04-29 02:36:41,purchase,mobile,43.52,GBP,completed,travel,cards
T000000002534,C00000171,A000000744,2025-02-17 19:09:00,transfer,mobile,8.17,EUR,completed,restaurant,payments
T000000002535,C00000802,A000000323,2025-04-11 22:03:17,purchase,mobile,9.11,GBP,completed,other,core_banking
T000000002536,C00000979,A000000489,2026-05-27 23:37:41,refund,atm,77.11,GBP,failed,other,core_banking
T000000002537,C00000327,A000000323,2025-10-28 02:24:05,purchase,branch,22.38,GBP,completed,grocery,core_banking
T000000002538,C00000499,A000000960,2025-01-24 13:33:41,transfer,mobile,21.93,GBP,completed,other,payments
T000000002539,C00000531,A000000425,2025-04-18 14:57:43,direct_debit,web,25.09,GBP,completed,utilities,payments
T000000002540,C00000494,A000000915,2025-01-18 01:53:51,transfer,atm,64.21,USD,completed,restaurant,payments
T000000002541,C00000290,A000000951,2026-06-05 22:50:22,purchase,api,35.65,GBP,completed,grocery,cards
T000000002542,C00000971,A000001363,2025-10-22 02:28:10,transfer,mobile,13.73,USD,completed,other,core_banking
T000000002543,C00000957,A000000538,2025-02-13 06:26:58,purchase,mobile,14.26,GBP,completed,travel,core_banking
T000000002544,C00000381,A000001394,2025-05-22 23:14:38,transfer,mobile,24.41,GBP,completed,retail,cards
T000000002545,C00000806,A000000582,2026-01-29 13:20:46,purchase,branch,41.15,GBP,completed,other,core_banking
T000000002546,C00000398,A000000987,2026-01-15 16:18:05,cash_withdrawal,mobile,28.87,USD,failed,restaurant,cards
T000000002547,C00000795,A000000960,2026-06-08 11:50:56,direct_debit,mobile,26.29,GBP,completed,utilities,payments
T000000002548,C00000585,A000001186,2025-01-17 18:03:33,purchase,atm,31.46,EUR,failed,restaurant,core_banking
T000000002549,C00000471,A000000681,2025-02-14 01:57:18,purchase,web,28.85,GBP,completed,retail,payments
T000000002550,C00000129,A000001150,2025-01-23 16:13:05,purchase,mobile,13.21,EUR,completed,other,cards
T000000002551,C00000655,A000000516,2025-09-09 01:35:57,transfer,web,95.81,EUR,completed,grocery,core_banking
T000000002552,C00000322,A000000713,2026-04-10 04:18:38,purchase,mobile,18.06,GBP,pending,utilities,core_banking
T000000002553,C00000217,A000000725,2026-02-28 12:08:59,transfer,web,34.32,GBP,completed,grocery,cards
T000000002554,C00000194,A000001022,2025-05-15 10:45:38,transfer,web,3.44,GBP,reversed,retail,payments
T000000002555,C00000982,A000000897,2026-02-24 03:39:39,direct_debit,mobile,23.9,USD,completed,utilities,core_banking
T000000002556,C00000104,A000000114,2026-02-24 19:09:14,purchase,mobile,9.44,GBP,completed,other,core_banking
T000000002557,C00000799,A000001174,2025-05-03 07:14:41,purchase,api,10.72,GBP,completed,other,core_banking
T000000002558,C00000867,A000001100,2026-04-25 20:47:33,purchase,api,381.19,EUR,completed,restaurant,payments
T000000002559,C00000032,A000000152,2025-09-27 00:21:35,transfer,mobile,38.94,GBP,completed,other,core_banking
T000000002560,C00000590,A000001395,2025-02-07 05:41:45,purchase,branch,108.56,GBP,completed,grocery,cards
T000000002561,C00000578,A000000959,2025-09-07 07:07:28,purchase,mobile,73.56,GBP,completed,utilities,core_banking
T000000002562,C00000359,A000000124,2026-05-07 14:18:11,purchase,atm,84.13,GBP,completed,utilities,payments
T000000002563,C00000667,A000000713,2026-03-21 09:37:29,cash_withdrawal,atm,24.31,GBP,completed,grocery,core_banking
T000000002564,C00000409,A000001213,2025-06-21 03:46:13,refund,branch,161.86,GBP,completed,utilities,core_banking
T000000002565,C00000440,A000000406,2026-04-29 13:42:19,purchase,branch,72.9,EUR,completed,grocery,cards
T000000002566,C00000432,A000001353,2025-09-06 22:59:55,purchase,web,31.29,GBP,completed,utilities,payments
T000000002567,C00000801,A000000607,2025-10-22 03:12:28,purchase,mobile,39.51,EUR,completed,travel,mobile
T000000002568,C00000634,A000000328,2025-02-25 06:03:10,purchase,web,25.96,GBP,completed,other,mobile
T000000002569,C00000380,A000000517,2026-09-30 11:29:01,refund,mobile,31.65,USD,failed,travel,cards
T000000002570,C00000927,A000000761,2026-06-20 17:26:21,transfer,branch,28.62,GBP,completed,utilities,cards
T000000002571,C00000803,A000000998,2025-05-05 03:16:43,transfer,web,44.73,GBP,failed,utilities,cards
T000000002572,C00000933,A000001346,2025-12-25 05:32:48,direct_debit,mobile,186.23,USD,completed,other,cards
T000000002573,C00000731,A000000283,2026-05-14 05:38:40,transfer,web,8.45,GBP,completed,retail,core_banking
T000000002574,C00000392,A000001393,2025-11-19 14:47:07,purchase,atm,99.43,USD,completed,retail,payments
T000000002575,C00000773,A000000766,2025-05-15 01:58:40,transfer,web,20.36,GBP,completed,restaurant,mobile
T000000002576,C00000330,A000000186,2026-09-11 15:49:20,purchase,web,113.65,GBP,completed,grocery,core_banking
T000000002577,C00000271,A000001344,2025-06-21 10:12:40,purchase,atm,21.11,GBP,completed,utilities,core_banking
T000000002578,C00000452,A000000507,2025-08-02 07:52:56,refund,mobile,46.22,EUR,completed,retail,core_banking
T000000002579,C00000970,A000000900,2025-08-26 20:41:30,purchase,branch,25.36,GBP,completed,other,core_banking
T000000002580,C00000568,A000001013,2026-07-24 19:39:07,transfer,web,4.87,GBP,completed,utilities,cards
T000000002581,C00000384,A000000020,2025-11-16 19:16:14,purchase,mobile,186.03,GBP,completed,restaurant,core_banking
T000000002582,C00000462,A000000322,2026-04-05 21:14:56,purchase,api,11.14,GBP,completed,restaurant,cards
T000000002583,C00000292,A000000996,2026-07-30 05:36:49,transfer,web,32.72,EUR,completed,grocery,payments
T000000002584,C00000659,A000000471,2026-08-17 20:31:18,cash_withdrawal,mobile,9.92,USD,completed,utilities,core_banking
T000000002585,C00000351,A000000014,2026-07-02 04:13:25,transfer,mobile,7.36,GBP,completed,restaurant,payments
T000000002586,C00000555,A000000034,2026-08-04 07:56:20,purchase,api,24.16,GBP,completed,retail,payments
T000000002587,C00000370,A000001199,2026-08-29 13:19:56,purchase,atm,16.07,GBP,completed,travel,cards
T000000002588,C00000321,A000000223,2026-09-26 17:51:50,transfer,mobile,8.78,GBP,failed,retail,core_banking
T000000002589,C00000971,A000000146,2026-02-15 13:51:50,transfer,web,28.87,EUR,completed,grocery,mobile
T000000002590,C00000346,A000000816,2025-03-26 13:25:40,cash_withdrawal,mobile,6.32,GBP,completed,other,core_banking
T000000002591,C00000071,A000000173,2025-03-14 09:02:06,transfer,branch,34.18,GBP,completed,grocery,core_banking
T000000002592,C00000379,A000000947,2026-05-24 14:13:23,direct_debit,web,26.21,GBP,completed,grocery,core_banking
T000000002593,C00000533,A000000789,2025-07-22 11:24:09,cash_withdrawal,mobile,2.22,EUR,completed,grocery,payments
T000000002594,C00000095,A000000941,2026-05-30 11:27:29,purchase,web,17.3,GBP,completed,travel,core_banking
T000000002595,C00000306,A000000713,2026-08-21 14:03:26,transfer,api,49.0,USD,completed,travel,core_banking
T000000002596,C00000167,A000001129,2026-02-16 14:24:22,cash_withdrawal,mobile,9.81,GBP,completed,utilities,payments
T000000002597,C00000501,A000000935,2026-05-04 07:55:08,refund,mobile,51.28,GBP,completed,grocery,cards
T000000002598,C00000724,A000000603,2025-06-28 03:15:20,purchase,api,47.2,EUR,completed,restaurant,cards
T000000002599,C00000969,A000000023,2025-10-05 07:11:21,transfer,mobile,10.29,GBP,completed,retail,core_banking
T000000002600,C00000390,A000000397,2026-09-09 09:48:44,purchase,web,29.58,USD,completed,retail,cards
T000000002601,C00000864,A000000191,2026-06-06 03:51:43,cash_withdrawal,web,71.25,GBP,completed,utilities,core_banking
T000000002602,C00000215,A000000023,2025-05-11 04:15:50,direct_debit,mobile,11.94,USD,completed,grocery,core_banking
T000000002603,C00000781,A000000397,2026-08-22 22:49:25,direct_debit,mobile,24.14,GBP,completed,utilities,core_banking
T000000002604,C00000563,A000000300,2025-11-16 06:43:21,purchase,mobile,100.26,GBP,completed,utilities,cards
T000000002605,C00000759,A000000112,2026-06-24 17:44:08,purchase,mobile,12.18,EUR,completed,restaurant,core_banking
T000000002606,C00000756,A000000453,2025-11-30 03:04:03,cash_withdrawal,web,48.53,EUR,completed,grocery,cards
T000000002607,C00000533,A000000735,2026-01-21 23:20:06,transfer,atm,9.65,EUR,completed,grocery,core_banking
T000000002608,C00000258,A000000259,2025-04-14 05:05:59,direct_debit,mobile,25.3,GBP,completed,grocery,core_banking
T000000002609,C00000527,A000000397,2025-08-05 09:27:09,purchase,branch,47.9,GBP,completed,other,core_banking
T000000002610,C00000827,A000000030,2026-04-07 18:45:58,direct_debit,web,2.4,GBP,completed,retail,core_banking
T000000002611,C00000971,A000000074,2026-06-23 04:50:03,transfer,mobile,17.1,GBP,completed,travel,payments
T000000002612,C00000928,A000000229,2025-02-26 13:11:45,purchase,web,47.03,GBP,completed,grocery,core_banking
T000000002613,C00000182,A000000657,2025-02-19 18:51:07,purchase,mobile,37.98,GBP,completed,travel,payments
T000000002614,C00000598,A000000966,2026-03-19 00:34:02,cash_withdrawal,web,17.31,GBP,completed,retail,core_banking
T000000002615,C00000105,A000001144,2025-10-13 00:36:31,purchase,mobile,9.4,GBP,failed,other,core_banking
T000000002616,C00000669,A000000913,2026-06-27 18:55:28,direct_debit,branch,57.97,EUR,completed,restaurant,core_banking
T000000002617,C00000993,A000000895,2025-02-13 06:18:20,transfer,api,21.36,USD,completed,other,core_banking
T000000002618,C00000053,A000001357,2025-08-12 21:49:38,transfer,mobile,53.12,GBP,completed,grocery,payments
T000000002619,C00000657,A000000371,2025-01-23 22:15:26,purchase,api,44.67,EUR,completed,utilities,core_banking
T000000002620,C00000946,A000001158,2026-03-30 21:07:49,refund,mobile,18.73,EUR,completed,retail,mobile
T000000002621,C00000848,A000001359,2026-07-03 23:55:21,cash_withdrawal,mobile,92.41,GBP,completed,travel,payments
T000000002622,C00000393,A000000824,2025-04-11 19:45:08,cash_withdrawal,mobile,16.05,GBP,completed,retail,core_banking
T000000002623,C00000104,A000001219,2025-07-27 09:12:12,cash_withdrawal,atm,104.58,USD,failed,utilities,mobile
T000000002624,C00000924,A000000200,2026-06-25 23:48:47,transfer,branch,119.98,GBP,completed,grocery,core_banking
T000000002625,C00000922,A000001275,2025-01-27 08:18:03,direct_debit,api,90.25,GBP,completed,other,payments
T000000002626,C00000579,A000000818,2026-09-01 14:04:25,transfer,branch,24.79,GBP,pending,restaurant,core_banking
T000000002627,C00000979,A000000322,2026-07-21 00:08:13,transfer,web,434.6,GBP,completed,other,cards
T000000002628,C00000005,A000000090,2025-04-08 23:06:07,purchase,api,35.14,GBP,completed,grocery,core_banking
T000000002629,C00000617,A000001044,2025-03-30 14:12:15,purchase,api,38.59,GBP,completed,grocery,payments
T000000002630,C00000039,A000000625,2026-03-19 22:46:20,cash_withdrawal,atm,29.28,GBP,completed,other,core_banking
T000000002631,C00000936,A000000450,2025-01-07 08:28:04,purchase,web,9.15,EUR,completed,other,cards
T000000002632,C00000681,A000000566,2025-11-20 07:31:03,cash_withdrawal,atm,116.73,GBP,completed,utilities,mobile
T000000002633,C00000914,A000001437,2025-02-12 12:32:15,refund,mobile,16.43,USD,completed,travel,core_banking
T000000002634,C00000563,A000000621,2025-12-06 20:43:20,purchase,api,78.7,GBP,completed,travel,mobile
T000000002635,C00000084,A000000115,2025-08-12 13:10:24,purchase,api,101.24,EUR,completed,restaurant,cards
T000000002636,C00000027,A000000406,2026-03-28 19:01:09,transfer,branch,56.46,GBP,failed,other,payments
T000000002637,C00000336,A000000211,2026-07-17 05:08:48,purchase,mobile,14.49,EUR,completed,restaurant,cards
T000000002638,C00000744,A000000995,2025-11-09 18:37:09,cash_withdrawal,mobile,20.94,EUR,completed,retail,payments
T000000002639,C00000152,A000001161,2026-02-15 17:34:44,transfer,api,1.8,GBP,completed,restaurant,payments
T000000002640,C00000853,A000001220,2026-01-19 21:30:38,transfer,atm,26.51,GBP,completed,travel,core_banking
T000000002641,C00000240,A000000918,2026-09-22 01:22:59,transfer,atm,69.61,USD,completed,grocery,payments
T000000002642,C00000497,A000001115,2025-05-28 09:13:14,transfer,api,23.35,GBP,completed,retail,mobile
T000000002643,C00000204,A000000606,2025-06-02 02:07:43,purchase,web,16.13,GBP,completed,retail,payments
T000000002644,C00000466,A000000911,2025-08-30 09:36:04,purchase,api,21.92,GBP,completed,utilities,mobile
T000000002645,C00000453,A000000156,2026-04-16 18:12:48,purchase,mobile,107.35,USD,failed,restaurant,payments
T000000002646,C00000006,A000000781,2026-07-07 15:21:40,direct_debit,mobile,28.3,GBP,completed,restaurant,core_banking
T000000002647,C00000568,A000000809,2025-06-27 18:04:18,purchase,web,210.78,GBP,completed,travel,payments
T000000002648,C00000787,A000000046,2025-03-12 17:42:26,purchase,mobile,16.46,GBP,failed,utilities,cards
T000000002649,C00000937,A000000796,2026-01-24 23:48:50,purchase,web,37.64,GBP,completed,grocery,core_banking
T000000002650,C00000331,A000001049,2026-01-17 21:06:49,purchase,atm,19.01,EUR,failed,other,core_banking
T000000002651,C00000881,A000000534,2025-08-28 14:04:11,purchase,mobile,264.6,EUR,completed,retail,core_banking
T000000002652,C00000879,A000000791,2025-04-28 21:01:13,cash_withdrawal,branch,36.19,GBP,completed,other,payments
T000000002653,C00000989,A000000415,2026-06-28 01:08:59,purchase,mobile,279.91,GBP,completed,other,payments
T000000002654,C00000374,A000000393,2026-06-25 17:18:43,transfer,atm,19.28,GBP,completed,travel,payments
T000000002655,C00000851,A000000188,2026-04-23 12:31:43,purchase,mobile,149.0,GBP,completed,grocery,core_banking
T000000002656,C00000566,A000000476,2026-01-06 22:57:55,transfer,atm,33.92,USD,completed,other,core_banking
T000000002657,C00000059,A000001165,2025-06-17 12:05:24,purchase,web,72.13,GBP,completed,retail,core_banking
T000000002658,C00000271,A000001357,2025-09-15 04:17:13,cash_withdrawal,web,8.33,GBP,completed,grocery,payments
T000000002659,C00000673,A000000922,2025-02-13 17:22:42,refund,mobile,43.2,GBP,completed,utilities,payments
T000000002660,C00000161,A000000906,2025-06-09 22:48:29,purchase,mobile,9.75,GBP,completed,other,payments
T000000002661,C00000435,A000000891,2025-10-15 00:23:17,refund,mobile,39.25,GBP,completed,utilities,core_banking
T000000002662,C00000775,A000000691,2025-10-07 01:32:26,purchase,mobile,6.08,GBP,completed,travel,payments
T000000002663,C00000150,A000000614,2025-02-21 15:52:15,transfer,mobile,27.15,GBP,completed,retail,cards
T000000002664,C00000497,A000000901,2026-09-04 13:20:05,cash_withdrawal,atm,94.67,USD,completed,travel,mobile
T000000002665,C00000215,A000001138,2025-06-21 13:09:59,purchase,mobile,53.25,GBP,completed,utilities,payments
T000000002666,C00000537,A000000600,2025-11-22 02:09:53,purchase,mobile,8.2,EUR,completed,retail,cards
T000000002667,C00000241,A000000821,2025-10-25 13:43:49,purchase,mobile,4.08,GBP,completed,retail,payments
T000000002668,C00000966,A000000682,2025-10-28 13:37:55,cash_withdrawal,web,50.49,GBP,completed,travel,core_banking
T000000002669,C00000077,A000000414,2026-06-24 20:22:57,purchase,web,157.63,EUR,completed,grocery,payments
T000000002670,C00000964,A000000421,2026-04-22 09:21:45,direct_debit,branch,10.89,EUR,completed,restaurant,payments
T000000002671,C00000792,A000000115,2026-07-09 08:20:58,purchase,web,271.04,GBP,completed,restaurant,payments
T000000002672,C00000856,A000000638,2025-08-31 01:57:31,direct_debit,web,29.76,GBP,completed,grocery,core_banking
T000000002673,C00000852,A000001034,2025-06-19 13:36:19,purchase,web,3.83,GBP,completed,travel,payments
T000000002674,C00000188,A000000995,2025-10-01 15:33:17,transfer,mobile,5.82,GBP,completed,retail,core_banking
T000000002675,C00000932,A000001430,2025-12-25 06:44:14,purchase,branch,67.25,GBP,pending,utilities,payments
T000000002676,C00000595,A000000058,2025-08-04 17:32:55,purchase,mobile,34.33,GBP,completed,other,mobile
T000000002677,C00000963,A000001103,2025-10-21 22:30:47,purchase,atm,142.07,GBP,completed,restaurant,core_banking
T000000002678,C00000879,A000001153,2025-04-07 04:10:49,transfer,web,8.52,GBP,completed,utilities,cards
T000000002679,C00000580,A000000633,2026-01-09 13:44:40,purchase,branch,33.93,GBP,completed,restaurant,cards
T000000002680,C00000375,A000000411,2026-04-02 16:39:59,transfer,web,30.18,GBP,completed,utilities,payments
T000000002681,C00000118,A000000518,2025-12-03 00:26:35,refund,api,25.79,GBP,completed,other,core_banking
T000000002682,C00000102,A000000990,2026-07-12 04:17:49,purchase,web,20.05,EUR,completed,other,mobile
T000000002683,C00000390,A000001251,2026-09-29 09:29:42,purchase,web,20.47,USD,completed,retail,mobile
T000000002684,C00000811,A000000932,2026-08-02 03:17:51,purchase,api,35.99,GBP,completed,grocery,payments
T000000002685,C00000506,A000000746,2025-03-01 08:31:56,purchase,web,41.17,GBP,failed,other,core_banking
T000000002686,C00000482,A000000947,2026-07-17 03:32:12,transfer,web,39.06,EUR,failed,travel,cards
T000000002687,C00000245,A000000103,2025-08-02 21:31:07,cash_withdrawal,mobile,106.3,GBP,completed,travel,core_banking
T000000002688,C00000565,A000000882,2025-10-16 14:22:40,purchase,mobile,8.49,GBP,completed,grocery,payments
T000000002689,C00000639,A000000062,2025-09-21 07:54:00,purchase,atm,4.47,GBP,completed,restaurant,core_banking
T000000002690,C00000983,A000001391,2025-07-01 18:41:27,transfer,mobile,87.17,GBP,failed,travel,core_banking
T000000002691,C00000730,A000001290,2026-07-15 00:26:31,purchase,mobile,11.13,GBP,completed,other,core_banking
T000000002692,C00000608,A000000738,2026-02-12 14:19:31,transfer,mobile,20.12,GBP,completed,travel,payments
T000000002693,C00000911,A000000543,2026-09-10 16:24:09,direct_debit,api,15.76,GBP,completed,grocery,cards
T000000002694,C00000425,A000001062,2026-09-03 19:25:27,purchase,web,15.41,GBP,completed,utilities,payments
T000000002695,C00000935,A000000925,2025-09-26 05:20:04,transfer,web,6.48,GBP,completed,travel,core_banking
T000000002696,C00000370,A000001023,2026-04-10 14:11:43,direct_debit,api,16.48,GBP,completed,travel,core_banking
T000000002697,C00000128,A000000748,2025-11-18 18:25:27,cash_withdrawal,mobile,59.25,USD,completed,grocery,core_banking
T000000002698,C00000418,A000000343,2025-11-13 19:08:08,cash_withdrawal,atm,29.84,GBP,completed,utilities,cards
T000000002699,C00000129,A000000107,2026-04-18 04:12:56,cash_withdrawal,branch,50.89,GBP,completed,travel,core_banking
T000000002700,C00000119,A000000411,2026-03-17 23:26:11,transfer,web,17.8,GBP,completed,restaurant,cards
T000000002701,C00000882,A000000768,2026-08-06 06:34:30,transfer,atm,77.32,GBP,completed,travel,core_banking
T000000002702,C00000795,A000000615,2026-05-09 09:22:58,cash_withdrawal,api,17.57,EUR,completed,retail,mobile
T000000002703,C00000222,A000000735,2026-02-02 04:36:33,cash_withdrawal,mobile,3.27,EUR,completed,retail,core_banking
T000000002704,C00000838,A000000403,2026-08-11 03:35:55,transfer,mobile,41.78,GBP,completed,utilities,core_banking
T000000002705,C00000069,A000001360,2025-03-07 06:07:52,purchase,atm,67.07,GBP,completed,restaurant,core_banking
T000000002706,C00000285,A000000532,2026-05-03 03:14:58,direct_debit,web,16.66,GBP,completed,grocery,core_banking
T000000002707,C00000707,A000001227,2025-09-08 17:35:11,purchase,web,105.55,GBP,completed,travel,core_banking
T000000002708,C00000304,A000000567,2025-10-04 14:20:22,purchase,mobile,12.27,GBP,completed,restaurant,payments
T000000002709,C00000731,A000000644,2026-05-15 09:21:38,purchase,atm,60.6,GBP,completed,other,payments
T000000002710,C00000875,A000000876,2025-06-24 13:07:49,purchase,branch,187.17,GBP,completed,retail,core_banking
T000000002711,C00000067,A000000382,2026-07-19 14:30:03,transfer,api,31.14,GBP,completed,grocery,payments
T000000002712,C00000024,A000000319,2025-11-16 04:25:17,purchase,web,23.62,GBP,completed,other,core_banking
T000000002713,C00000941,A000000550,2025-08-12 07:07:37,transfer,api,26.82,GBP,failed,utilities,payments
T000000002714,C00000521,A000001167,2025-07-29 21:10:13,transfer,web,165.62,GBP,completed,utilities,core_banking
T000000002715,C00000507,A000000210,2025-09-26 00:17:25,purchase,branch,45.74,GBP,completed,retail,core_banking
T000000002716,C00000464,A000000635,2026-08-26 22:57:43,purchase,branch,284.69,GBP,completed,restaurant,payments
T000000002717,C00000434,A000000975,2025-03-07 23:08:34,transfer,web,40.17,GBP,completed,travel,core_banking
T000000002718,C00000691,A000001025,2025-11-21 06:04:37,cash_withdrawal,web,15.08,GBP,completed,retail,core_banking
T000000002719,C00000580,A000000630,2026-06-18 07:41:49,purchase,mobile,16.24,GBP,completed,restaurant,payments
T000000002720,C00000164,A000000119,2025-10-29 04:57:54,purchase,web,31.97,GBP,completed,retail,payments
T000000002721,C00000627,A000000024,2025-12-28 13:27:20,purchase,branch,3.51,GBP,completed,other,payments
T000000002722,C00000669,A000000682,2025-08-11 05:08:02,purchase,mobile,18.2,GBP,completed,retail,cards
T000000002723,C00000114,A000001175,2025-03-29 18:58:34,purchase,branch,18.63,GBP,completed,utilities,core_banking
T000000002724,C00000377,A000000041,2026-02-13 09:17:53,refund,mobile,38.54,GBP,completed,utilities,cards
T000000002725,C00000791,A000001287,2026-08-11 23:13:06,purchase,mobile,230.19,GBP,completed,restaurant,payments
T000000002726,C00000619,A000000981,2025-11-29 20:28:38,purchase,branch,31.74,GBP,completed,utilities,core_banking
T000000002727,C00000137,A000000012,2025-10-04 09:37:53,direct_debit,mobile,3.98,GBP,completed,retail,core_banking
T000000002728,C00000041,A000000499,2025-03-24 14:18:10,transfer,api,11.48,USD,completed,restaurant,payments
T000000002729,C00000582,A000000320,2026-08-27 00:35:06,purchase,api,39.46,EUR,completed,restaurant,payments
T000000002730,C00000462,A000001377,2026-07-10 01:37:16,transfer,web,33.04,USD,completed,grocery,core_banking
T000000002731,C00000962,A000000805,2026-07-31 12:08:40,direct_debit,web,164.96,USD,completed,utilities,payments
T000000002732,C00000523,A000000470,2025-08-18 11:21:05,purchase,mobile,82.11,GBP,completed,other,core_banking
T000000002733,C00000932,A000000404,2026-02-04 09:33:32,purchase,atm,79.57,GBP,completed,utilities,core_banking
T000000002734,C00000215,A000000818,2025-10-04 02:10:04,direct_debit,mobile,23.86,GBP,completed,other,payments
T000000002735,C00000448,A000000008,2025-05-30 20:09:24,cash_withdrawal,api,95.02,GBP,completed,retail,core_banking
T000000002736,C00000140,A000000374,2025-05-12 09:44:56,refund,api,11.7,EUR,completed,travel,core_banking
T000000002737,C00000575,A000000240,2025-09-03 11:16:49,purchase,mobile,82.82,EUR,completed,retail,cards
T000000002738,C00000189,A000000900,2025-12-20 09:41:04,refund,branch,22.27,GBP,pending,grocery,core_banking
T000000002739,C00000493,A000000971,2025-03-19 11:56:10,purchase,web,6.55,EUR,completed,grocery,payments
T000000002740,C00000345,A000000678,2026-03-25 15:33:37,cash_withdrawal,web,55.86,GBP,completed,utilities,mobile
T000000002741,C00000186,A000000204,2025-10-20 18:20:08,direct_debit,mobile,129.99,GBP,completed,grocery,cards
T000000002742,C00000097,A000000538,2026-07-18 13:11:12,purchase,branch,19.55,GBP,failed,grocery,payments
T000000002743,C00000513,A000001223,2025-06-28 03:59:00,purchase,mobile,154.61,USD,completed,retail,mobile
T000000002744,C00000948,A000000296,2025-02-02 20:59:38,transfer,api,5.27,GBP,completed,travel,payments
T000000002745,C00000199,A000000237,2025-07-19 06:49:52,direct_debit,web,8.53,GBP,completed,travel,payments
T000000002746,C00000405,A000000162,2026-09-14 00:23:26,purchase,branch,25.69,GBP,completed,utilities,core_banking
T000000002747,C00000225,A000001185,2025-07-25 00:56:13,direct_debit,api,20.3,EUR,completed,travel,payments
T000000002748,C00000809,A000000174,2026-03-26 18:34:33,purchase,atm,14.87,EUR,completed,utilities,core_banking
T000000002749,C00000415,A000000844,2026-06-23 09:17:13,purchase,web,34.48,GBP,completed,retail,core_banking
T000000002750,C00000975,A000001449,2025-07-01 00:32:37,purchase,web,17.2,USD,completed,travel,cards
T000000002751,C00000246,A000000931,2026-02-15 19:28:28,direct_debit,web,20.55,GBP,completed,restaurant,core_banking
T000000002752,C00000081,A000000598,2025-05-11 07:18:10,purchase,mobile,40.14,USD,completed,other,core_banking
T000000002753,C00000583,A000000300,2025-08-20 23:28:15,transfer,api,14.87,GBP,completed,restaurant,cards
T000000002754,C00000652,A000000003,2025-07-09 21:06:42,purchase,mobile,26.81,GBP,completed,travel,core_banking
T000000002755,C00000991,A000000226,2026-03-06 01:09:21,direct_debit,web,15.21,USD,completed,utilities,payments
T000000002756,C00000872,A000001382,2026-07-14 16:34:11,direct_debit,atm,8.45,EUR,completed,grocery,mobile
T000000002757,C00000885,A000000209,2025-06-11 14:28:37,purchase,web,66.81,GBP,completed,grocery,payments
T000000002758,C00000635,A000000029,2025-07-06 04:07:40,purchase,api,180.04,EUR,completed,grocery,core_banking
T000000002759,C00000360,A000001184,2026-06-09 08:14:00,purchase,mobile,91.63,GBP,completed,restaurant,cards
T000000002760,C00000430,A000000607,2025-10-23 11:46:43,purchase,mobile,42.45,GBP,completed,other,core_banking
T000000002761,C00000134,A000000518,2025-11-24 03:30:24,direct_debit,branch,15.28,GBP,completed,utilities,cards
T000000002762,C00000432,A000001041,2026-03-27 17:19:32,transfer,web,22.17,GBP,failed,other,core_banking
T000000002763,C00000365,A000000759,2025-03-29 06:39:18,purchase,api,90.91,GBP,completed,retail,cards
T000000002764,C00000036,A000001327,2026-07-12 22:29:46,cash_withdrawal,web,2.73,GBP,completed,grocery,core_banking
T000000002765,C00000205,A000000679,2025-08-22 19:14:25,transfer,mobile,20.46,GBP,completed,other,mobile
T000000002766,C00000535,A000001034,2026-02-25 15:13:25,purchase,mobile,64.77,GBP,failed,restaurant,core_banking
T000000002767,C00000370,A000001275,2025-10-04 02:52:27,purchase,web,9.07,GBP,completed,utilities,core_banking
T000000002768,C00000994,A000000673,2026-04-27 00:35:31,purchase,web,46.74,GBP,completed,grocery,core_banking
T000000002769,C00000479,A000000413,2026-01-26 03:30:07,transfer,mobile,44.52,GBP,completed,other,cards
T000000002770,C00000959,A000001413,2025-04-21 11:59:34,purchase,web,6.51,GBP,completed,grocery,mobile
T000000002771,C00000661,A000000329,2025-05-01 18:45:00,transfer,api,32.83,GBP,completed,grocery,core_banking
T000000002772,C00000041,A000000058,2026-07-15 03:40:15,purchase,web,15.67,GBP,completed,grocery,core_banking
T000000002773,C00000204,A000000839,2025-11-29 16:58:36,cash_withdrawal,branch,46.38,GBP,completed,other,core_banking
T000000002774,C00000706,A000001431,2025-06-26 01:08:48,purchase,mobile,60.54,EUR,completed,restaurant,cards
T000000002775,C00000546,A000000126,2025-04-02 06:22:28,transfer,atm,45.55,USD,completed,grocery,cards
T000000002776,C00000302,A000001232,2025-03-24 14:21:51,purchase,mobile,32.34,GBP,completed,retail,payments
T000000002777,C00000523,A000001205,2026-08-11 19:52:51,purchase,web,40.58,GBP,completed,utilities,payments
T000000002778,C00000903,A000001347,2026-09-16 18:38:46,purchase,mobile,8.72,GBP,completed,utilities,core_banking
T000000002779,C00000389,A000000612,2025-09-09 12:47:00,transfer,mobile,29.01,GBP,reversed,travel,mobile
T000000002780,C00000046,A000000370,2025-05-09 00:51:55,cash_withdrawal,mobile,12.98,GBP,completed,grocery,payments
T000000002781,C00000311,A000000743,2025-09-25 07:02:28,purchase,mobile,88.51,GBP,completed,grocery,cards
T000000002782,C00000936,A000000207,2025-03-29 18:48:22,cash_withdrawal,api,61.4,GBP,completed,other,core_banking
T000000002783,C00000762,A000001223,2025-12-18 01:56:56,transfer,mobile,61.22,GBP,completed,utilities,payments
T000000002784,C00000838,A000000962,2026-02-05 16:57:11,transfer,api,181.12,EUR,completed,other,cards
T000000002785,C00000912,A000000701,2026-09-22 16:53:38,transfer,web,21.19,GBP,completed,other,core_banking
T000000002786,C00000118,A000000748,2025-07-23 18:02:51,purchase,mobile,16.84,GBP,completed,travel,core_banking
T000000002787,C00000283,A000001033,2025-05-07 05:12:48,cash_withdrawal,web,20.67,USD,completed,grocery,cards
T000000002788,C00000060,A000000759,2025-03-27 05:52:24,cash_withdrawal,mobile,5.57,GBP,completed,utilities,cards
T000000002789,C00000005,A000001218,2025-08-30 04:45:50,cash_withdrawal,atm,6.05,GBP,completed,travel,core_banking
T000000002790,C00000835,A000001341,2026-01-20 09:26:46,purchase,mobile,57.52,GBP,completed,restaurant,mobile
T000000002791,C00000937,A000001378,2025-02-12 12:34:29,transfer,atm,6.92,GBP,completed,other,core_banking
T000000002792,C00000156,A000000900,2026-04-30 02:52:26,purchase,mobile,9.69,GBP,completed,other,core_banking
T000000002793,C00000723,A000001077,2025-10-22 13:37:03,transfer,mobile,26.93,GBP,completed,travel,core_banking
T000000002794,C00000535,A000000452,2026-05-22 05:44:00,purchase,mobile,19.44,GBP,completed,retail,payments
T000000002795,C00000070,A000000056,2025-10-24 13:29:29,purchase,branch,75.94,GBP,completed,restaurant,core_banking
T000000002796,C00000916,A000000581,2025-04-10 07:16:01,transfer,web,31.93,GBP,reversed,travel,payments
T000000002797,C00000872,A000001264,2025-01-14 22:54:40,direct_debit,api,12.96,GBP,completed,utilities,core_banking
T000000002798,C00000568,A000000194,2025-12-22 07:39:59,purchase,web,83.11,GBP,failed,retail,core_banking
T000000002799,C00000708,A000000792,2025-12-11 20:54:40,transfer,mobile,64.41,GBP,completed,utilities,core_banking
T000000002800,C00000398,A000000279,2026-06-04 04:12:03,transfer,atm,6.81,GBP,completed,utilities,core_banking
T000000002801,C00000793,A000000623,2026-07-15 02:02:16,direct_debit,web,39.05,GBP,completed,other,core_banking
T000000002802,C00000446,A000000208,2025-04-13 04:31:44,transfer,atm,14.14,GBP,completed,retail,core_banking
T000000002803,C00000990,A000001066,2025-07-21 10:03:53,purchase,web,13.76,GBP,completed,travel,cards
T000000002804,C00000064,A000001175,2025-05-13 21:38:07,purchase,atm,213.36,GBP,completed,grocery,cards
T000000002805,C00000173,A000001100,2025-03-10 04:13:47,transfer,mobile,34.14,GBP,completed,restaurant,mobile
T000000002806,C00000969,A000001023,2025-01-02 18:48:48,purchase,api,23.85,GBP,completed,restaurant,payments
T000000002807,C00000289,A000000341,2025-02-22 16:43:32,direct_debit,mobile,32.76,GBP,completed,retail,core_banking
T000000002808,C00000311,A000000770,2025-12-02 08:16:02,direct_debit,atm,75.03,GBP,completed,other,cards
T000000002809,C00000792,A000000152,2025-04-08 08:04:25,refund,mobile,14.34,GBP,completed,retail,core_banking
T000000002810,C00000190,A000000543,2025-05-05 22:44:36,purchase,atm,17.16,EUR,completed,retail,cards
T000000002811,C00000514,A000000734,2025-03-17 17:09:04,cash_withdrawal,atm,59.71,GBP,completed,grocery,core_banking
T000000002812,C00000287,A000000970,2026-04-08 05:44:02,transfer,atm,6.1,GBP,completed,utilities,mobile
T000000002813,C00000198,A000000141,2026-02-11 21:53:04,purchase,web,84.8,EUR,completed,utilities,cards
T000000002814,C00000965,A000001179,2026-09-07 09:45:49,purchase,web,5.55,GBP,completed,retail,payments
T000000002815,C00000200,A000000666,2025-03-13 01:54:45,purchase,atm,23.15,GBP,completed,utilities,cards
T000000002816,C00000095,A000001278,2025-05-14 19:31:28,purchase,web,5.59,GBP,reversed,utilities,core_banking
T000000002817,C00000674,A000000765,2025-10-19 20:50:57,refund,branch,9.88,GBP,completed,restaurant,core_banking
T000000002818,C00000868,A000000794,2026-02-19 10:37:45,direct_debit,mobile,117.04,GBP,completed,grocery,core_banking
T000000002819,C00000128,A000001005,2025-03-25 16:53:39,purchase,web,89.72,EUR,completed,utilities,payments
T000000002820,C00000708,A000001189,2025-05-16 05:37:51,transfer,web,100.37,GBP,reversed,retail,payments
T000000002821,C00000541,A000000229,2025-09-27 20:24:31,purchase,branch,6.54,GBP,completed,retail,core_banking
T000000002822,C00000831,A000000742,2025-01-12 08:50:41,purchase,mobile,9.94,GBP,completed,retail,cards
T000000002823,C00000127,A000000044,2025-09-10 06:24:55,purchase,web,42.81,EUR,completed,restaurant,core_banking
T000000002824,C00000976,A000000689,2026-04-30 12:01:02,transfer,atm,63.5,GBP,completed,other,cards
T000000002825,C00000620,A000001180,2025-12-03 06:24:48,transfer,web,12.94,GBP,completed,travel,payments
T000000002826,C00000843,A000001255,2025-10-05 14:53:43,direct_debit,api,16.32,GBP,completed,grocery,core_banking
T000000002827,C00000362,A000000412,2025-11-08 17:56:39,direct_debit,mobile,9.13,GBP,completed,retail,core_banking
T000000002828,C00000944,A000000561,2026-08-28 09:44:04,purchase,web,170.91,GBP,completed,travel,payments
T000000002829,C00000627,A000000800,2025-11-29 18:48:09,cash_withdrawal,web,18.2,EUR,completed,grocery,core_banking
T000000002830,C00000127,A000000575,2025-12-08 10:21:04,purchase,web,30.96,EUR,completed,retail,core_banking
T000000002831,C00000923,A000000259,2026-08-18 23:17:05,purchase,branch,32.71,GBP,failed,utilities,core_banking
T000000002832,C00000796,A000000443,2025-04-11 06:20:04,transfer,mobile,95.67,GBP,completed,other,payments
T000000002833,C00000301,A000000586,2025-03-03 16:54:49,purchase,web,11.02,GBP,completed,restaurant,mobile
T000000002834,C00000546,A000000753,2025-10-15 12:50:54,purchase,mobile,102.17,GBP,completed,retail,payments
T000000002835,C00000389,A000001336,2025-07-23 22:38:41,purchase,branch,7.83,GBP,completed,utilities,cards
T000000002836,C00000544,A000000791,2025-05-10 05:16:01,purchase,atm,101.9,GBP,completed,travel,payments
T000000002837,C00000966,A000000562,2025-03-18 04:43:19,direct_debit,mobile,4.95,GBP,completed,grocery,cards
T000000002838,C00000899,A000000958,2026-07-16 20:49:14,purchase,web,26.85,GBP,completed,utilities,cards
T000000002839,C00000216,A000001121,2026-01-28 21:37:34,transfer,web,165.13,GBP,completed,retail,core_banking
T000000002840,C00000972,A000000625,2026-03-18 17:56:12,refund,branch,62.31,GBP,failed,travel,core_banking
T000000002841,C00000438,A000000710,2025-03-17 11:23:49,transfer,mobile,46.63,GBP,completed,other,cards
T000000002842,C00000705,A000000316,2025-08-07 09:50:48,purchase,web,9.97,GBP,reversed,utilities,mobile
T000000002843,C00000765,A000001254,2026-02-01 15:59:51,direct_debit,atm,13.85,GBP,completed,utilities,cards
T000000002844,C00000483,A000001257,2025-12-04 17:56:00,purchase,web,122.93,GBP,completed,restaurant,mobile
T000000002845,C00000457,A000000254,2026-03-21 06:37:24,purchase,atm,49.2,GBP,completed,travel,core_banking
T000000002846,C00000457,A000000502,2026-03-04 00:10:04,transfer,web,76.31,GBP,completed,utilities,core_banking
T000000002847,C00000863,A000000395,2025-09-22 01:45:55,purchase,api,32.38,EUR,failed,other,mobile
T000000002848,C00000387,A000001339,2026-05-16 08:16:03,direct_debit,mobile,22.29,GBP,failed,utilities,core_banking
T000000002849,C00000280,A000000095,2025-06-15 16:21:39,purchase,mobile,67.02,GBP,completed,other,cards
T000000002850,C00000362,A000000301,2025-02-21 10:34:02,transfer,web,39.34,GBP,completed,grocery,core_banking
T000000002851,C00000195,A000000457,2026-08-07 14:50:27,cash_withdrawal,web,25.07,GBP,completed,restaurant,payments
T000000002852,C00000392,A000000813,2025-01-15 11:16:30,refund,branch,6.79,USD,completed,utilities,core_banking
T000000002853,C00000115,A000000362,2025-07-01 06:02:23,purchase,mobile,81.58,GBP,pending,other,mobile
T000000002854,C00000090,A000000779,2025-03-15 17:58:10,purchase,mobile,47.56,GBP,completed,other,core_banking
T000000002855,C00000724,A000001084,2025-05-29 17:21:46,direct_debit,atm,15.85,GBP,completed,grocery,core_banking
T000000002856,C00000078,A000001202,2025-09-10 23:06:26,transfer,mobile,103.36,GBP,failed,retail,payments
T000000002857,C00000569,A000000144,2025-03-24 19:48:59,purchase,branch,38.71,GBP,completed,other,core_banking
T000000002858,C00000780,A000000202,2025-10-26 09:07:11,purchase,branch,39.51,GBP,completed,restaurant,core_banking
T000000002859,C00000725,A000000139,2026-08-16 16:54:49,cash_withdrawal,mobile,75.8,EUR,completed,grocery,cards
T000000002860,C00000447,A000001320,2025-03-29 08:24:51,transfer,branch,60.47,GBP,completed,utilities,core_banking
T000000002861,C00000194,A000000946,2026-08-16 20:56:52,transfer,atm,40.79,GBP,completed,retail,core_banking
T000000002862,C00000931,A000000771,2025-09-20 14:39:08,direct_debit,atm,24.58,GBP,completed,restaurant,core_banking
T000000002863,C00000836,A000001147,2026-01-14 20:01:52,purchase,mobile,240.53,GBP,completed,utilities,cards
T000000002864,C00000613,A000000850,2025-10-10 06:45:00,purchase,web,13.87,GBP,completed,travel,core_banking
T000000002865,C00000087,A000000342,2025-07-22 00:21:29,transfer,api,65.58,GBP,completed,retail,payments
T000000002866,C00000036,A000000740,2025-03-11 03:23:32,direct_debit,web,27.44,GBP,reversed,other,payments
T000000002867,C00000316,A000001020,2026-01-15 12:45:09,purchase,mobile,48.3,GBP,completed,retail,core_banking
T000000002868,C00000158,A000000053,2026-08-09 23:04:37,transfer,mobile,109.41,USD,completed,travel,cards
T000000002869,C00000861,A000000880,2025-11-29 15:02:56,purchase,branch,21.6,GBP,completed,grocery,cards
T000000002870,C00000206,A000000721,2026-01-18 19:25:43,purchase,atm,56.37,GBP,completed,grocery,cards
T000000002871,C00000283,A000000101,2026-02-16 11:15:42,direct_debit,api,39.6,GBP,completed,grocery,core_banking
T000000002872,C00000976,A000000383,2025-09-06 23:00:14,purchase,api,15.28,GBP,completed,grocery,cards
T000000002873,C00000819,A000000651,2025-03-19 22:34:58,purchase,mobile,112.28,GBP,completed,utilities,core_banking
T000000002874,C00000219,A000000497,2025-11-20 05:13:40,cash_withdrawal,web,63.23,GBP,completed,utilities,cards
T000000002875,C00000384,A000000421,2026-07-10 20:41:31,purchase,mobile,18.99,GBP,completed,restaurant,core_banking
T000000002876,C00000516,A000000942,2025-07-20 00:25:38,purchase,mobile,95.47,GBP,completed,utilities,mobile
T000000002877,C00000665,A000000587,2026-07-11 14:13:20,direct_debit,mobile,12.52,GBP,completed,travel,core_banking
T000000002878,C00000937,A000000722,2026-06-30 10:29:39,purchase,api,29.07,GBP,completed,utilities,cards
T000000002879,C00000872,A000001158,2025-06-06 07:13:53,transfer,mobile,19.09,USD,completed,retail,cards
T000000002880,C00000978,A000000136,2026-01-03 22:24:23,purchase,web,65.95,GBP,completed,travel,core_banking
T000000002881,C00000041,A000000522,2026-04-23 15:53:44,purchase,web,18.11,GBP,completed,utilities,core_banking
T000000002882,C00000237,A000000106,2025-11-13 03:19:11,transfer,mobile,66.45,GBP,completed,utilities,core_banking
T000000002883,C00000564,A000001345,2026-03-23 03:20:32,purchase,web,55.93,GBP,completed,retail,payments
T000000002884,C00000050,A000000270,2026-08-06 02:48:44,direct_debit,mobile,20.21,GBP,completed,grocery,cards
T000000002885,C00000356,A000001189,2026-02-05 07:17:48,direct_debit,web,204.63,GBP,completed,grocery,core_banking
T000000002886,C00000154,A000000277,2026-06-20 01:39:17,direct_debit,web,13.7,USD,completed,restaurant,cards
T000000002887,C00000933,A000000470,2026-05-27 06:20:26,purchase,atm,6.82,GBP,completed,grocery,core_banking
T000000002888,C00000064,A000000883,2026-06-04 18:21:37,purchase,branch,73.62,GBP,completed,travel,cards
T000000002889,C00000149,A000001206,2026-06-29 20:58:06,direct_debit,atm,3.14,GBP,completed,restaurant,core_banking
T000000002890,C00000196,A000000258,2025-05-25 18:51:44,transfer,web,143.51,USD,completed,retail,payments
T000000002891,C00000149,A000000310,2025-01-12 11:54:19,cash_withdrawal,mobile,33.34,GBP,completed,restaurant,cards
T000000002892,C00000569,A000001279,2025-04-08 16:41:20,direct_debit,web,6.7,USD,completed,retail,core_banking
T000000002893,C00000365,A000000467,2025-06-09 22:39:15,purchase,api,11.07,GBP,failed,other,payments
T000000002894,C00000913,A000000305,2026-03-17 01:16:44,purchase,mobile,5.39,GBP,completed,retail,payments
T000000002895,C00000261,A000001079,2025-11-22 21:42:34,transfer,mobile,44.79,EUR,completed,grocery,core_banking
T000000002896,C00000538,A000000133,2025-10-27 17:21:32,transfer,api,7.44,GBP,completed,restaurant,core_banking
T000000002897,C00000661,A000001258,2025-01-06 09:16:24,purchase,api,50.76,GBP,completed,utilities,core_banking
T000000002898,C00000626,A000001270,2026-03-13 10:46:01,transfer,mobile,21.76,GBP,completed,other,core_banking
T000000002899,C00000797,A000001242,2025-08-21 10:31:30,direct_debit,atm,18.19,GBP,completed,grocery,payments
T000000002900,C00000202,A000000429,2026-05-02 03:47:22,purchase,web,51.15,USD,completed,utilities,cards
T000000002901,C00000508,A000000166,2025-03-14 05:31:39,purchase,web,57.67,EUR,completed,restaurant,core_banking
T000000002902,C00000801,A000000617,2025-07-08 07:04:58,cash_withdrawal,web,99.79,GBP,completed,retail,core_banking
T000000002903,C00000864,A000000486,2025-02-04 00:08:22,cash_withdrawal,api,15.4,GBP,completed,travel,cards
T000000002904,C00000618,A000001391,2025-07-01 12:01:39,refund,mobile,29.04,GBP,completed,travel,cards
T000000002905,C00000652,A000000916,2026-08-14 11:26:12,purchase,atm,15.38,GBP,completed,grocery,payments
T000000002906,C00000865,A000001370,2025-11-10 07:54:41,direct_debit,mobile,35.56,GBP,reversed,utilities,payments
T000000002907,C00000625,A000001089,2025-10-08 04:14:03,cash_withdrawal,branch,13.23,GBP,completed,restaurant,core_banking
T000000002908,C00000949,A000001037,2025-06-24 23:16:26,cash_withdrawal,branch,19.2,EUR,completed,retail,payments
T000000002909,C00000128,A000000163,2025-06-19 16:17:02,purchase,atm,19.3,GBP,completed,grocery,cards
T000000002910,C00000348,A000000100,2026-03-03 11:23:37,purchase,api,40.77,GBP,completed,restaurant,cards
T000000002911,C00000113,A000000068,2026-09-22 17:20:38,transfer,atm,30.06,USD,reversed,other,core_banking
T000000002912,C00000091,A000000861,2026-04-23 08:55:53,purchase,atm,50.99,EUR,completed,utilities,payments
T000000002913,C00000472,A000000293,2026-04-16 05:10:21,purchase,mobile,26.78,GBP,completed,grocery,core_banking
T000000002914,C00000226,A000001435,2025-10-29 16:09:21,direct_debit,api,16.3,GBP,completed,retail,core_banking
T000000002915,C00000408,A000000193,2025-03-05 18:29:41,purchase,web,36.63,GBP,completed,utilities,core_banking
T000000002916,C00000438,A000001374,2026-04-08 15:36:47,direct_debit,web,11.44,GBP,completed,other,payments
T000000002917,C00000621,A000000969,2026-06-01 13:35:36,transfer,web,54.47,GBP,completed,retail,payments
T000000002918,C00000946,A000000154,2025-11-23 00:03:30,direct_debit,web,22.2,GBP,completed,grocery,core_banking
T000000002919,C00000850,A000000085,2025-02-28 15:18:31,purchase,web,37.14,GBP,completed,restaurant,core_banking
T000000002920,C00000379,A000000575,2026-04-01 14:50:36,transfer,mobile,37.75,GBP,completed,restaurant,core_banking
T000000002921,C00000326,A000000492,2026-08-12 09:53:55,transfer,mobile,161.04,USD,completed,travel,payments
T000000002922,C00000771,A000000458,2025-05-24 05:51:01,direct_debit,api,44.73,EUR,completed,retail,cards
T000000002923,C00000124,A000000767,2025-04-12 23:29:55,purchase,api,32.36,GBP,failed,grocery,payments
T000000002924,C00000541,A000000189,2026-04-18 09:00:20,purchase,web,14.48,GBP,completed,grocery,payments
T000000002925,C00000424,A000000188,2025-08-01 06:31:43,refund,api,69.58,GBP,completed,travel,payments
T000000002926,C00000183,A000001008,2026-04-02 16:57:08,purchase,web,22.56,GBP,completed,grocery,core_banking
T000000002927,C00000617,A000001436,2026-03-26 11:34:01,transfer,web,6.04,EUR,completed,travel,payments
T000000002928,C00000321,A000000398,2025-06-20 13:22:38,purchase,api,24.41,GBP,completed,utilities,core_banking
T000000002929,C00000186,A000001352,2025-01-28 15:33:33,purchase,branch,36.64,GBP,completed,retail,payments
T000000002930,C00000654,A000000501,2025-12-22 08:50:51,transfer,atm,12.69,GBP,completed,grocery,cards
T000000002931,C00000175,A000000488,2025-09-18 03:39:18,transfer,web,26.47,GBP,completed,utilities,mobile
T000000002932,C00000673,A000000132,2026-07-01 04:01:04,transfer,web,27.8,GBP,completed,other,core_banking
T000000002933,C00000163,A000000614,2025-08-17 22:33:05,transfer,mobile,28.26,GBP,completed,utilities,payments
T000000002934,C00000435,A000000723,2025-06-09 12:07:53,cash_withdrawal,api,109.55,GBP,completed,travel,cards
T000000002935,C00000808,A000000963,2026-07-04 10:00:29,refund,mobile,7.56,GBP,failed,restaurant,mobile
T000000002936,C00000229,A000000230,2026-04-16 07:39:53,purchase,web,253.53,EUR,reversed,retail,core_banking
T000000002937,C00000768,A000000274,2026-01-31 17:19:09,purchase,mobile,28.95,GBP,completed,grocery,cards
T000000002938,C00000722,A000000627,2026-09-02 21:54:36,purchase,branch,55.1,GBP,completed,utilities,core_banking
T000000002939,C00000903,A000000101,2026-05-16 18:27:17,cash_withdrawal,web,34.27,GBP,completed,restaurant,payments
T000000002940,C00000169,A000000208,2026-07-08 12:49:27,purchase,atm,4.89,USD,completed,travel,payments
T000000002941,C00000716,A000000913,2026-05-26 11:24:39,transfer,web,9.88,GBP,completed,retail,cards
T000000002942,C00000937,A000001384,2025-09-14 20:46:59,purchase,mobile,17.28,GBP,completed,grocery,cards
T000000002943,C00000764,A000000831,2025-02-09 20:33:06,transfer,mobile,85.06,GBP,failed,retail,payments
T000000002944,C00000188,A000000211,2026-01-24 09:21:51,direct_debit,mobile,7.0,GBP,completed,retail,cards
T000000002945,C00000823,A000001437,2026-05-04 23:08:34,transfer,branch,12.2,EUR,completed,travel,core_banking
T000000002946,C00000108,A000000757,2026-09-26 19:51:30,transfer,atm,35.63,GBP,completed,utilities,payments
T000000002947,C00000589,A000001040,2026-03-12 20:18:34,purchase,mobile,49.23,GBP,completed,restaurant,cards
T000000002948,C00000498,A000000286,2025-12-30 01:21:24,transfer,web,47.7,EUR,completed,retail,core_banking
T000000002949,C00000532,A000000839,2026-01-03 03:07:13,purchase,mobile,10.66,GBP,completed,restaurant,cards
T000000002950,C00000520,A000000111,2025-03-15 07:09:17,direct_debit,api,5.6,GBP,completed,retail,core_banking
T000000002951,C00000032,A000000908,2025-01-05 18:16:13,purchase,api,52.77,GBP,completed,retail,payments
T000000002952,C00000509,A000000294,2025-01-30 01:52:34,purchase,atm,134.93,GBP,completed,utilities,cards
T000000002953,C00000937,A000001319,2026-08-02 01:59:20,purchase,mobile,20.85,EUR,completed,travel,cards
T000000002954,C00000437,A000000080,2026-05-21 00:45:34,transfer,web,9.01,GBP,completed,other,core_banking
T000000002955,C00000277,A000000947,2025-06-16 04:36:22,direct_debit,api,19.08,GBP,completed,utilities,payments
T000000002956,C00000995,A000000203,2025-09-28 22:03:09,purchase,mobile,45.32,USD,completed,retail,payments
T000000002957,C00000099,A000000997,2025-11-06 17:18:32,purchase,branch,23.46,GBP,completed,travel,payments
T000000002958,C00000487,A000000716,2025-06-07 17:12:17,purchase,api,131.31,GBP,completed,restaurant,cards
T000000002959,C00000513,A000001403,2025-09-28 07:01:14,refund,atm,79.14,GBP,completed,grocery,cards
T000000002960,C00000478,A000000946,2025-08-11 15:00:09,direct_debit,web,36.36,GBP,completed,grocery,cards
T000000002961,C00000922,A000000540,2026-03-20 18:41:44,purchase,web,3.85,GBP,completed,utilities,core_banking
T000000002962,C00000422,A000000127,2026-04-29 12:46:47,transfer,api,14.49,GBP,completed,retail,core_banking
T000000002963,C00000974,A000000864,2025-03-04 20:32:50,direct_debit,web,16.85,GBP,failed,travel,core_banking
T000000002964,C00000067,A000000640,2025-10-25 13:40:09,cash_withdrawal,api,13.68,GBP,completed,retail,payments
T000000002965,C00000734,A000000077,2026-09-26 07:47:24,transfer,web,36.61,GBP,completed,restaurant,core_banking
T000000002966,C00000593,A000000843,2026-07-09 15:19:42,cash_withdrawal,atm,37.41,GBP,pending,retail,payments
T000000002967,C00000241,A000000305,2026-05-23 22:38:07,transfer,api,5.17,GBP,completed,utilities,cards
T000000002968,C00000228,A000000340,2026-04-15 19:50:16,purchase,web,69.74,GBP,completed,grocery,core_banking
T000000002969,C00000720,A000000013,2025-01-03 11:57:47,purchase,mobile,30.48,GBP,completed,restaurant,core_banking
T000000002970,C00000638,A000000540,2026-09-15 14:19:31,purchase,mobile,43.62,GBP,completed,grocery,core_banking
T000000002971,C00000612,A000000317,2026-04-15 23:25:23,purchase,atm,65.5,USD,completed,travel,core_banking
T000000002972,C00000051,A000000105,2026-07-22 17:57:57,purchase,branch,13.39,EUR,completed,travel,core_banking
T000000002973,C00000598,A000000630,2026-08-04 12:03:36,direct_debit,mobile,112.38,GBP,completed,retail,payments
T000000002974,C00000982,A000000320,2025-06-12 06:44:36,direct_debit,atm,25.82,EUR,completed,travel,mobile
T000000002975,C00000018,A000000195,2025-01-09 21:44:27,purchase,api,146.67,GBP,completed,restaurant,core_banking
T000000002976,C00000470,A000000677,2026-02-26 23:26:32,purchase,api,11.72,USD,completed,retail,core_banking
T000000002977,C00000495,A000000092,2025-10-21 01:41:51,transfer,web,135.66,USD,completed,grocery,cards
T000000002978,C00000897,A000001437,2025-01-14 00:45:55,transfer,api,11.6,GBP,completed,retail,mobile
T000000002979,C00000283,A000000683,2025-06-23 02:45:44,purchase,atm,435.38,GBP,completed,grocery,mobile
T000000002980,C00000476,A000001445,2026-09-26 09:16:40,direct_debit,mobile,11.03,GBP,reversed,travel,mobile
T000000002981,C00000718,A000001278,2025-08-21 03:50:13,purchase,api,90.87,GBP,reversed,utilities,core_banking
T000000002982,C00000061,A000001421,2025-06-16 21:10:09,purchase,web,20.48,GBP,completed,utilities,mobile
T000000002983,C00000802,A000000787,2026-02-23 21:56:28,cash_withdrawal,api,63.48,GBP,completed,utilities,core_banking
T000000002984,C00000823,A000000614,2026-03-01 04:19:57,transfer,atm,28.72,GBP,completed,retail,core_banking
T000000002985,C00000720,A000001044,2025-08-01 19:53:51,purchase,branch,9.53,EUR,completed,other,payments
T000000002986,C00000649,A000000117,2026-06-27 03:23:31,cash_withdrawal,mobile,1.59,USD,completed,grocery,cards
T000000002987,C00000748,A000001219,2026-01-06 18:53:45,direct_debit,mobile,416.95,GBP,completed,retail,payments
T000000002988,C00000782,A000000470,2025-04-13 08:46:13,purchase,mobile,32.35,GBP,completed,travel,cards
T000000002989,C00000904,A000000011,2025-07-27 00:58:00,transfer,branch,1.36,EUR,completed,grocery,payments
T000000002990,C00000429,A000000345,2026-06-26 10:16:36,purchase,atm,41.17,GBP,completed,utilities,core_banking
T000000002991,C00000457,A000000352,2025-02-27 19:44:46,transfer,mobile,61.81,USD,completed,grocery,core_banking
T000000002992,C00000638,A000000021,2025-01-08 22:24:05,purchase,mobile,14.14,GBP,completed,utilities,payments
T000000002993,C00000194,A000000970,2026-02-24 02:54:25,purchase,branch,14.24,GBP,completed,other,cards
T000000002994,C00000857,A000000139,2025-10-10 20:04:00,purchase,mobile,29.35,GBP,reversed,restaurant,core_banking
T000000002995,C00000771,A000001228,2025-06-11 07:02:16,direct_debit,mobile,105.92,GBP,pending,restaurant,core_banking
T000000002996,C00000632,A000000658,2025-10-29 11:08:17,purchase,mobile,33.28,GBP,completed,travel,payments
T000000002997,C00000302,A000001042,2025-04-28 02:36:39,direct_debit,branch,139.27,EUR,completed,utilities,mobile
T000000002998,C00000348,A000000493,2025-08-28 23:21:05,purchase,web,98.28,GBP,completed,utilities,payments
T000000002999,C00000435,A000000192,2025-05-30 18:57:57,direct_debit,atm,23.57,GBP,completed,retail,payments
T000000003000,C00000663,A000000262,2026-01-10 15:24:52,transfer,mobile,5.76,GBP,failed,retail,payments
T000000003001,C00000779,A000000937,2026-03-07 17:26:57,purchase,mobile,23.62,GBP,completed,grocery,core_banking
T000000003002,C00000672,A000001039,2026-08-08 20:58:04,cash_withdrawal,atm,52.08,GBP,completed,other,cards
T000000003003,C00000930,A000000388,2025-02-13 03:26:31,cash_withdrawal,api,31.91,GBP,completed,other,cards
T000000003004,C00000961,A000000518,2025-07-28 05:54:19,transfer,web,58.33,GBP,completed,restaurant,mobile
T000000003005,C00000705,A000001371,2025-06-18 00:53:46,purchase,atm,74.19,EUR,completed,utilities,core_banking
T000000003006,C00000371,A000001236,2026-01-06 11:44:06,transfer,atm,52.32,USD,completed,grocery,mobile
T000000003007,C00000600,A000000599,2025-12-07 11:51:33,transfer,api,22.44,GBP,completed,utilities,payments
T000000003008,C00000426,A000000350,2026-07-15 00:42:47,purchase,web,51.72,GBP,completed,other,core_banking
T000000003009,C00000630,A000000437,2026-08-11 15:52:38,cash_withdrawal,mobile,313.33,USD,completed,grocery,cards
T000000003010,C00000813,A000000781,2026-05-09 00:12:47,purchase,mobile,6.27,GBP,completed,retail,core_banking
T000000003011,C00000370,A000000822,2025-05-08 19:01:43,transfer,atm,49.98,GBP,completed,other,cards
T000000003012,C00000506,A000000268,2025-01-27 16:55:51,transfer,atm,205.12,GBP,completed,other,cards
T000000003013,C00000046,A000000096,2026-07-29 19:33:46,refund,web,8.73,GBP,completed,retail,payments
T000000003014,C00000737,A000000719,2026-08-26 02:50:20,purchase,mobile,85.73,GBP,completed,travel,cards
T000000003015,C00000490,A000001157,2025-06-09 20:53:20,purchase,mobile,98.64,GBP,completed,travel,payments
T000000003016,C00000460,A000000222,2025-01-30 13:08:50,purchase,web,6.36,GBP,completed,retail,core_banking
T000000003017,C00000533,A000000593,2026-03-11 20:43:12,transfer,api,63.31,GBP,pending,travel,payments
T000000003018,C00000216,A000000235,2026-01-12 16:42:15,purchase,web,22.54,GBP,completed,utilities,payments
T000000003019,C00000598,A000000352,2026-07-22 15:45:12,purchase,branch,28.12,GBP,completed,grocery,cards
T000000003020,C00000746,A000000888,2026-01-03 00:46:25,purchase,web,21.3,GBP,completed,grocery,core_banking
T000000003021,C00000350,A000000415,2026-05-01 16:36:27,direct_debit,api,118.9,GBP,completed,grocery,mobile
T000000003022,C00000132,A000000383,2026-05-18 10:46:11,purchase,atm,26.64,GBP,completed,restaurant,payments
T000000003023,C00000387,A000001444,2025-01-07 20:22:53,transfer,mobile,18.42,GBP,completed,other,payments
T000000003024,C00000199,A000000250,2025-04-05 16:25:10,purchase,branch,18.75,GBP,completed,grocery,core_banking
T000000003025,C00000374,A000000275,2026-05-14 01:47:04,purchase,atm,20.95,GBP,completed,other,payments
T000000003026,C00000627,A000001349,2025-04-25 21:21:12,purchase,api,9.65,GBP,completed,grocery,core_banking
T000000003027,C00000114,A000000798,2025-05-12 01:30:34,purchase,web,18.25,EUR,completed,grocery,cards
T000000003028,C00000748,A000000063,2026-04-26 07:10:53,transfer,mobile,33.9,GBP,completed,travel,payments
T000000003029,C00000225,A000000617,2025-05-11 05:12:12,purchase,web,45.81,GBP,completed,travel,core_banking
T000000003030,C00000895,A000000820,2025-04-06 23:22:52,purchase,branch,106.09,GBP,completed,other,core_banking
T000000003031,C00000733,A000000368,2025-01-09 03:40:36,purchase,mobile,38.59,GBP,completed,grocery,cards
T000000003032,C00000273,A000000795,2025-10-27 20:16:08,purchase,api,18.21,EUR,completed,other,core_banking
T000000003033,C00000564,A000000941,2026-02-11 05:19:55,purchase,mobile,10.36,GBP,reversed,other,cards
T000000003034,C00000111,A000000364,2026-04-13 15:36:54,purchase,api,40.82,GBP,completed,retail,core_banking
T000000003035,C00000100,A000001178,2026-08-02 02:10:05,purchase,web,26.49,GBP,completed,restaurant,core_banking
T000000003036,C00000957,A000000657,2026-02-21 09:24:22,cash_withdrawal,mobile,27.43,GBP,completed,utilities,cards
T000000003037,C00000803,A000001398,2026-04-29 14:57:16,direct_debit,web,39.47,GBP,completed,other,mobile
T000000003038,C00000155,A000000128,2025-05-15 17:03:59,transfer,branch,51.69,GBP,completed,travel,cards
T000000003039,C00000283,A000000471,2025-08-06 20:56:23,purchase,atm,39.77,GBP,completed,other,core_banking
T000000003040,C00000198,A000001046,2025-07-14 19:35:19,refund,web,25.05,GBP,completed,retail,mobile
T000000003041,C00000396,A000001298,2025-02-11 12:26:51,refund,mobile,12.92,EUR,completed,other,mobile
T000000003042,C00000292,A000000322,2026-09-12 07:16:45,transfer,api,15.75,EUR,completed,other,payments
T000000003043,C00000329,A000001422,2025-06-04 06:16:11,purchase,web,73.02,GBP,completed,other,cards
T000000003044,C00000530,A000000281,2025-10-14 23:49:40,cash_withdrawal,mobile,19.21,GBP,completed,restaurant,core_banking
T000000003045,C00000190,A000000604,2025-08-17 14:35:57,refund,api,7.29,GBP,completed,retail,cards
T000000003046,C00000883,A000000457,2025-01-29 21:48:24,cash_withdrawal,mobile,101.25,EUR,completed,restaurant,payments
T000000003047,C00000728,A000000616,2026-08-01 10:24:35,transfer,mobile,11.14,GBP,completed,travel,mobile
T000000003048,C00000761,A000001309,2025-05-21 11:39:07,transfer,web,31.09,GBP,completed,travel,core_banking
T000000003049,C00000170,A000001063,2025-03-06 19:49:05,refund,branch,50.19,GBP,completed,restaurant,core_banking
T000000003050,C00000709,A000001155,2025-08-07 17:20:52,purchase,web,30.07,GBP,completed,restaurant,payments
T000000003051,C00000837,A000000369,2025-04-02 04:49:07,purchase,api,2.22,GBP,completed,travel,payments
T000000003052,C00000176,A000001373,2026-10-01 12:34:34,direct_debit,mobile,45.15,GBP,completed,other,payments
T000000003053,C00000752,A000000632,2025-05-01 05:07:21,purchase,api,120.64,GBP,completed,restaurant,core_banking
T000000003054,C00000358,A000000946,2025-07-13 18:15:44,purchase,mobile,68.43,GBP,completed,other,payments
T000000003055,C00000788,A000001012,2025-06-23 00:43:06,purchase,mobile,3.22,GBP,completed,retail,cards
T000000003056,C00000479,A000000962,2025-01-17 19:50:51,purchase,mobile,279.67,GBP,completed,utilities,core_banking
T000000003057,C00000803,A000000873,2025-01-09 22:17:50,purchase,mobile,7.45,GBP,completed,utilities,core_banking
T000000003058,C00000148,A000000697,2025-11-24 00:33:26,transfer,web,9.66,GBP,completed,grocery,core_banking
T000000003059,C00000390,A000000940,2025-05-29 15:07:45,purchase,atm,68.1,USD,completed,travel,cards
T000000003060,C00000274,A000001313,2025-02-23 01:53:57,transfer,atm,48.21,GBP,completed,other,core_banking
T000000003061,C00000249,A000000566,2025-07-06 08:38:39,purchase,atm,32.6,GBP,completed,restaurant,cards
T000000003062,C00000309,A000000741,2025-06-25 08:04:30,refund,mobile,16.48,EUR,completed,utilities,core_banking
T000000003063,C00000383,A000000262,2025-09-28 12:28:22,transfer,atm,121.19,GBP,completed,grocery,core_banking
T000000003064,C00000128,A000000515,2026-09-27 22:01:21,refund,web,28.75,USD,completed,grocery,mobile
T000000003065,C00000708,A000001120,2025-07-16 11:04:41,purchase,atm,5.79,GBP,completed,utilities,payments
T000000003066,C00000551,A000000929,2026-03-27 09:33:30,purchase,branch,109.28,GBP,completed,grocery,core_banking
T000000003067,C00000830,A000000307,2026-05-07 02:13:36,cash_withdrawal,mobile,37.72,GBP,completed,grocery,payments
T000000003068,C00000706,A000000792,2025-02-02 21:18:01,direct_debit,web,96.62,GBP,completed,utilities,core_banking
T000000003069,C00000150,A000001178,2025-11-17 07:33:10,purchase,api,54.66,USD,completed,other,cards
T000000003070,C00000070,A000000180,2025-10-14 11:05:54,transfer,mobile,369.15,USD,completed,other,core_banking
T000000003071,C00000423,A000000090,2025-11-21 02:12:54,transfer,branch,21.64,GBP,completed,retail,mobile
T000000003072,C00000482,A000000570,2025-04-20 06:55:56,purchase,api,30.47,GBP,completed,other,core_banking
T000000003073,C00000241,A000000952,2025-10-25 13:16:49,transfer,web,63.8,GBP,completed,utilities,payments
T000000003074,C00000783,A000000455,2025-03-20 21:36:55,purchase,web,21.78,GBP,completed,other,payments
T000000003075,C00000582,A000001191,2026-08-28 07:53:36,purchase,web,69.6,GBP,completed,travel,core_banking
T000000003076,C00000748,A000001228,2026-01-11 13:27:21,direct_debit,atm,1.36,GBP,failed,utilities,payments
T000000003077,C00000110,A000000773,2025-01-23 21:00:55,transfer,web,27.76,GBP,completed,other,core_banking
T000000003078,C00000816,A000000550,2025-11-20 08:39:05,cash_withdrawal,web,26.89,GBP,completed,other,payments
T000000003079,C00000207,A000000061,2026-08-15 07:04:33,cash_withdrawal,mobile,25.89,GBP,completed,other,payments
T000000003080,C00000449,A000001192,2026-04-20 01:03:56,refund,api,11.93,GBP,failed,grocery,core_banking
T000000003081,C00000440,A000001299,2025-06-24 21:47:27,purchase,api,77.59,GBP,completed,utilities,core_banking
T000000003082,C00000821,A000000642,2026-07-25 02:39:44,purchase,web,17.64,GBP,completed,grocery,payments
T000000003083,C00000277,A000000749,2025-04-29 05:10:12,purchase,api,36.98,GBP,completed,retail,core_banking
T000000003084,C00000241,A000001093,2025-06-07 03:20:36,transfer,branch,28.82,GBP,completed,grocery,mobile
T000000003085,C00000340,A000001009,2025-04-10 16:58:49,transfer,api,50.67,GBP,completed,restaurant,core_banking
T000000003086,C00000361,A000000197,2026-08-13 08:45:21,cash_withdrawal,mobile,134.63,EUR,completed,restaurant,core_banking
T000000003087,C00000182,A000000975,2026-04-04 16:55:09,purchase,mobile,36.78,GBP,completed,grocery,core_banking
T000000003088,C00000177,A000001341,2025-11-27 14:34:33,purchase,api,72.49,GBP,completed,other,cards
T000000003089,C00000232,A000001089,2026-03-03 00:21:43,direct_debit,web,34.89,GBP,completed,other,mobile
T000000003090,C00000468,A000000697,2025-06-15 07:22:55,direct_debit,web,17.61,USD,completed,other,core_banking
T000000003091,C00000344,A000000759,2025-02-15 00:05:52,purchase,atm,25.83,GBP,completed,retail,cards
T000000003092,C00000393,A000000377,2026-06-25 01:34:21,cash_withdrawal,branch,22.25,GBP,completed,other,core_banking
T000000003093,C00000720,A000000959,2026-09-09 11:21:07,transfer,mobile,54.41,GBP,completed,other,core_banking
T000000003094,C00000241,A000000351,2025-01-23 06:21:19,cash_withdrawal,web,33.51,GBP,pending,utilities,core_banking
T000000003095,C00000910,A000000496,2025-02-03 02:08:19,purchase,web,13.01,EUR,completed,retail,cards
T000000003096,C00000752,A000000385,2025-12-24 09:48:30,transfer,mobile,23.73,EUR,completed,restaurant,cards
T000000003097,C00000175,A000000487,2025-01-28 10:50:44,purchase,mobile,6.04,EUR,completed,grocery,core_banking
T000000003098,C00000314,A000000532,2026-04-07 23:48:52,purchase,web,24.68,GBP,completed,retail,mobile
T000000003099,C00000184,A000000121,2026-08-28 15:52:37,cash_withdrawal,atm,30.01,GBP,completed,grocery,core_banking
T000000003100,C00000273,A000001041,2025-06-28 09:25:54,purchase,web,200.11,GBP,completed,restaurant,payments
T000000003101,C00000366,A000000640,2025-07-08 11:21:32,purchase,web,123.45,EUR,reversed,grocery,core_banking
T000000003102,C00000131,A000001377,2026-07-06 02:08:26,purchase,branch,10.12,GBP,completed,restaurant,payments
T000000003103,C00000015,A000000263,2025-08-16 09:16:46,purchase,mobile,37.03,GBP,completed,utilities,core_banking
T000000003104,C00000439,A000000971,2025-06-03 13:56:48,cash_withdrawal,web,37.72,USD,failed,retail,cards
T000000003105,C00000701,A000000260,2025-02-23 00:30:12,purchase,mobile,23.52,USD,completed,utilities,payments
T000000003106,C00000303,A000000794,2026-06-21 22:04:16,cash_withdrawal,branch,25.15,GBP,completed,grocery,payments
T000000003107,C00000861,A000000712,2026-08-15 12:21:43,direct_debit,mobile,20.66,GBP,completed,restaurant,core_banking
T000000003108,C00000370,A000000651,2025-02-20 18:52:50,purchase,web,214.08,GBP,completed,travel,payments
T000000003109,C00000901,A000000950,2026-05-29 06:36:51,direct_debit,web,19.36,GBP,completed,other,core_banking
T000000003110,C00000236,A000001201,2025-04-13 20:04:09,purchase,atm,42.86,GBP,completed,other,core_banking
T000000003111,C00000540,A000000460,2025-03-30 08:48:15,purchase,branch,2.11,GBP,completed,utilities,cards
T000000003112,C00000764,A000001233,2025-09-01 22:16:39,purchase,api,71.15,GBP,completed,utilities,mobile
T000000003113,C00000060,A000000269,2025-10-07 12:31:53,purchase,branch,103.9,EUR,completed,other,core_banking
T000000003114,C00000931,A000000425,2026-06-30 15:16:37,purchase,mobile,9.93,USD,completed,retail,payments
T000000003115,C00000365,A000000451,2026-03-24 04:53:27,purchase,mobile,17.51,USD,reversed,retail,payments
T000000003116,C00000498,A000001383,2025-04-03 23:52:41,direct_debit,mobile,48.14,EUR,completed,other,cards
T000000003117,C00000629,A000000172,2026-01-09 04:37:24,transfer,mobile,30.58,GBP,completed,retail,cards
T000000003118,C00000643,A000000573,2026-07-14 00:47:55,refund,mobile,48.9,GBP,completed,retail,core_banking
T000000003119,C00000024,A000000616,2026-02-28 10:33:21,transfer,web,22.16,GBP,completed,grocery,core_banking
T000000003120,C00000868,A000001161,2025-05-27 20:02:10,transfer,branch,211.97,GBP,completed,travel,core_banking
T000000003121,C00000624,A000000705,2025-03-24 22:06:29,purchase,branch,14.83,GBP,completed,travel,cards
T000000003122,C00000999,A000001402,2025-10-17 20:34:05,transfer,mobile,505.81,GBP,completed,restaurant,core_banking
T000000003123,C00000472,A000001074,2025-10-29 13:16:24,purchase,web,110.39,EUR,completed,utilities,cards
T000000003124,C00000614,A000001021,2025-08-14 22:00:02,direct_debit,mobile,71.79,GBP,completed,retail,cards
T000000003125,C00000442,A000001092,2025-03-11 11:48:31,direct_debit,web,10.05,GBP,completed,other,core_banking
T000000003126,C00000890,A000000235,2025-03-17 11:28:33,purchase,web,77.88,GBP,completed,retail,payments
T000000003127,C00000833,A000000652,2025-12-05 04:20:16,transfer,mobile,56.49,GBP,failed,retail,cards
T000000003128,C00000909,A000000850,2026-08-27 18:54:22,transfer,mobile,3.24,GBP,pending,restaurant,cards
T000000003129,C00000505,A000000303,2026-01-18 07:35:10,transfer,api,6.86,GBP,completed,travel,cards
T000000003130,C00000792,A000000173,2025-10-07 04:40:54,purchase,web,43.62,GBP,completed,retail,core_banking
T000000003131,C00000359,A000000197,2026-08-19 08:52:08,transfer,web,26.05,GBP,completed,restaurant,cards
T000000003132,C00000461,A000001145,2026-03-18 14:28:30,direct_debit,mobile,17.42,GBP,completed,travel,payments
T000000003133,C00000761,A000000953,2026-04-04 06:28:48,purchase,mobile,93.03,USD,failed,retail,payments
T000000003134,C00000082,A000000408,2026-01-03 08:36:26,transfer,mobile,11.85,GBP,completed,grocery,payments
T000000003135,C00000711,A000001069,2026-05-03 07:55:21,purchase,api,18.58,GBP,completed,restaurant,core_banking
T000000003136,C00000016,A000001009,2025-11-17 14:18:29,direct_debit,mobile,15.19,GBP,completed,other,payments
T000000003137,C00000581,A000001184,2026-02-02 17:08:15,purchase,mobile,51.2,GBP,completed,restaurant,core_banking
T000000003138,C00000478,A000001320,2026-01-29 16:12:48,purchase,api,4.93,USD,failed,utilities,core_banking
T000000003139,C00000469,A000001280,2026-04-26 03:23:16,purchase,web,17.77,GBP,reversed,other,core_banking
T000000003140,C00000495,A000000263,2026-07-29 08:19:46,direct_debit,mobile,4.91,EUR,completed,other,payments
T000000003141,C00000492,A000001116,2025-07-08 15:33:49,cash_withdrawal,branch,21.57,EUR,completed,retail,cards
T000000003142,C00000408,A000000570,2026-03-23 05:11:22,purchase,web,64.02,GBP,completed,utilities,payments
T000000003143,C00000452,A000000585,2025-01-21 01:40:02,purchase,api,65.23,GBP,completed,other,cards
T000000003144,C00000569,A000000939,2025-12-07 07:43:13,cash_withdrawal,mobile,13.96,USD,completed,travel,payments
T000000003145,C00000764,A000000874,2026-07-29 16:17:21,purchase,atm,52.46,USD,pending,restaurant,cards
T000000003146,C00000553,A000000609,2026-02-17 15:56:05,purchase,mobile,24.67,GBP,completed,retail,cards
T000000003147,C00000643,A000001450,2025-06-21 03:06:53,refund,atm,125.1,GBP,completed,grocery,core_banking
T000000003148,C00000837,A000000254,2026-01-23 16:14:41,purchase,atm,26.14,GBP,completed,retail,cards
T000000003149,C00000990,A000000141,2025-08-17 04:39:58,transfer,atm,1.32,GBP,completed,utilities,cards
T000000003150,C00000109,A000000043,2025-10-04 17:47:29,purchase,atm,76.66,GBP,completed,restaurant,core_banking
T000000003151,C00000713,A000001181,2025-05-26 13:35:47,cash_withdrawal,branch,18.5,GBP,completed,grocery,core_banking
T000000003152,C00000226,A000000590,2026-02-04 03:02:12,cash_withdrawal,mobile,22.47,GBP,completed,utilities,core_banking
T000000003153,C00000197,A000000635,2025-05-07 08:24:15,purchase,mobile,42.64,EUR,completed,utilities,core_banking
T000000003154,C00000794,A000000942,2025-10-11 19:38:39,transfer,mobile,6.71,GBP,failed,utilities,cards
T000000003155,C00000069,A000000632,2026-08-24 10:23:05,direct_debit,web,32.41,USD,completed,restaurant,cards
T000000003156,C00000848,A000000833,2026-04-30 16:30:55,direct_debit,mobile,52.52,GBP,pending,restaurant,mobile
T000000003157,C00000771,A000000085,2025-09-22 17:57:30,purchase,atm,43.92,GBP,completed,retail,cards
T000000003158,C00000995,A000000227,2026-09-12 00:43:55,purchase,branch,15.98,EUR,completed,travel,payments
T000000003159,C00000668,A000001352,2025-01-09 22:21:19,direct_debit,api,84.9,GBP,completed,other,cards
T000000003160,C00000873,A000000654,2026-09-06 08:03:15,purchase,web,10.51,GBP,completed,other,payments
T000000003161,C00000119,A000000243,2025-08-14 19:02:30,purchase,atm,15.54,USD,completed,grocery,core_banking
T000000003162,C00000890,A000000536,2026-06-09 11:12:03,purchase,atm,25.98,USD,failed,retail,core_banking
T000000003163,C00000161,A000000486,2026-08-29 13:50:49,direct_debit,api,40.86,EUR,completed,restaurant,core_banking
T000000003164,C00000315,A000000398,2026-01-20 08:39:17,purchase,atm,21.31,GBP,completed,utilities,cards
T000000003165,C00000129,A000000426,2026-01-26 20:28:38,purchase,mobile,108.85,GBP,completed,other,core_banking
T000000003166,C00000402,A000001058,2026-04-24 02:49:04,transfer,mobile,40.86,GBP,completed,travel,cards
T000000003167,C00000749,A000000155,2025-06-03 21:30:24,purchase,api,32.44,GBP,completed,other,mobile
T000000003168,C00000269,A000000449,2025-04-24 04:58:34,purchase,branch,39.38,USD,completed,travel,payments
T000000003169,C00000823,A000000679,2025-08-08 21:11:45,transfer,atm,64.69,GBP,completed,grocery,core_banking
T000000003170,C00000607,A000000784,2025-11-03 00:35:22,purchase,atm,38.58,GBP,completed,restaurant,cards
T000000003171,C00000629,A000001277,2026-04-20 00:19:49,refund,atm,4.48,GBP,completed,other,cards
T000000003172,C00000939,A000001339,2025-06-14 02:14:01,purchase,atm,94.06,GBP,completed,retail,payments
T000000003173,C00000432,A000000432,2025-12-27 13:08:55,direct_debit,api,33.98,GBP,completed,grocery,payments
T000000003174,C00000345,A000000782,2025-01-03 06:23:28,transfer,api,61.5,GBP,completed,other,core_banking
T000000003175,C00000995,A000000033,2025-01-20 14:20:58,purchase,web,19.57,GBP,completed,grocery,mobile
T000000003176,C00000558,A000000895,2026-09-10 19:40:45,purchase,mobile,4.4,USD,completed,utilities,core_banking
T000000003177,C00000615,A000000222,2026-06-28 00:39:05,transfer,mobile,2.74,GBP,reversed,grocery,core_banking
T000000003178,C00000297,A000000107,2026-07-06 12:38:21,purchase,web,11.12,GBP,completed,utilities,core_banking
T000000003179,C00000216,A000000974,2025-07-30 17:44:34,purchase,atm,51.58,GBP,completed,grocery,core_banking
T000000003180,C00000170,A000000259,2025-11-25 10:11:16,refund,atm,117.07,GBP,completed,retail,core_banking
T000000003181,C00000224,A000000693,2026-03-08 22:12:04,transfer,web,41.14,GBP,completed,retail,core_banking
T000000003182,C00000196,A000000147,2025-06-12 15:53:30,direct_debit,mobile,9.93,GBP,completed,other,core_banking
T000000003183,C00000747,A000001082,2026-04-21 00:49:43,purchase,web,13.15,GBP,completed,restaurant,core_banking
T000000003184,C00000058,A000001109,2026-03-19 12:59:46,purchase,atm,125.06,EUR,failed,other,mobile
T000000003185,C00000630,A000000834,2025-09-18 09:12:53,transfer,branch,7.57,USD,completed,utilities,payments
T000000003186,C00000950,A000001213,2025-10-05 03:09:22,purchase,mobile,272.29,USD,completed,travel,payments
T000000003187,C00000766,A000000634,2025-07-16 22:48:34,purchase,web,214.83,GBP,completed,retail,payments
T000000003188,C00000403,A000000271,2026-05-29 05:20:34,purchase,web,281.87,GBP,completed,utilities,payments
T000000003189,C00000060,A000000220,2026-09-23 02:00:02,purchase,web,44.69,GBP,completed,utilities,core_banking
T000000003190,C00000835,A000000318,2026-10-01 05:20:25,cash_withdrawal,atm,20.93,GBP,completed,other,mobile
T000000003191,C00000004,A000000291,2026-05-08 19:45:10,purchase,api,43.56,GBP,completed,other,core_banking
T000000003192,C00000682,A000000469,2025-08-12 14:23:55,refund,mobile,77.79,GBP,completed,grocery,cards
T000000003193,C00000671,A000000311,2026-05-15 19:40:45,purchase,mobile,15.13,GBP,completed,restaurant,payments
T000000003194,C00000192,A000000858,2025-06-06 11:04:44,purchase,web,9.43,GBP,completed,travel,core_banking
T000000003195,C00000740,A000000216,2026-07-27 02:48:27,purchase,mobile,22.24,GBP,completed,utilities,core_banking
T000000003196,C00000176,A000000902,2025-06-20 09:18:07,transfer,web,13.32,USD,completed,other,payments
T000000003197,C00000226,A000000485,2025-09-15 04:47:40,direct_debit,mobile,110.27,GBP,completed,other,cards
T000000003198,C00000812,A000000996,2025-03-01 13:21:33,direct_debit,mobile,15.69,GBP,completed,retail,core_banking
T000000003199,C00000980,A000000744,2025-02-21 06:27:58,purchase,atm,33.13,GBP,completed,grocery,mobile
T000000003200,C00000265,A000001313,2025-09-09 23:16:58,purchase,mobile,84.12,GBP,completed,other,payments
T000000003201,C00000922,A000000638,2025-12-18 09:03:10,direct_debit,atm,114.87,GBP,completed,other,payments
T000000003202,C00000914,A000000428,2025-01-12 07:32:26,purchase,mobile,37.3,EUR,completed,retail,core_banking
T000000003203,C00000770,A000000855,2026-06-25 23:37:40,transfer,mobile,44.86,GBP,completed,grocery,payments
T000000003204,C00000141,A000000956,2025-03-15 12:29:04,purchase,mobile,10.3,GBP,completed,utilities,cards
T000000003205,C00000300,A000000637,2026-09-30 04:05:29,purchase,mobile,87.73,USD,completed,restaurant,payments
T000000003206,C00000678,A000000812,2025-06-23 11:31:43,purchase,mobile,112.92,GBP,completed,retail,core_banking
T000000003207,C00001000,A000000683,2025-08-31 06:06:45,purchase,atm,4.2,GBP,pending,grocery,cards
T000000003208,C00000815,A000000444,2025-04-13 17:11:57,direct_debit,api,190.77,GBP,completed,retail,core_banking
T000000003209,C00000421,A000000455,2026-06-11 13:46:07,transfer,mobile,14.36,GBP,completed,utilities,mobile
T000000003210,C00000236,A000001316,2026-04-13 17:31:37,direct_debit,mobile,55.94,GBP,reversed,other,cards
T000000003211,C00000961,A000000980,2025-02-20 22:33:47,cash_withdrawal,mobile,32.51,GBP,completed,restaurant,cards
T000000003212,C00000277,A000000139,2025-03-09 17:29:51,purchase,atm,28.12,GBP,completed,restaurant,core_banking
T000000003213,C00000343,A000001396,2026-01-25 08:10:24,transfer,mobile,24.12,USD,completed,retail,core_banking
T000000003214,C00000965,A000001033,2026-07-08 04:50:11,purchase,mobile,10.57,GBP,completed,other,cards
T000000003215,C00000562,A000000073,2025-03-12 12:42:17,direct_debit,api,51.94,GBP,reversed,travel,payments
T000000003216,C00000265,A000001056,2025-05-22 10:46:41,purchase,atm,22.19,EUR,reversed,travel,cards
T000000003217,C00000006,A000000855,2025-12-15 07:30:47,direct_debit,branch,7.58,GBP,completed,other,core_banking
T000000003218,C00000430,A000001328,2025-03-11 19:28:05,transfer,mobile,10.11,GBP,completed,other,cards
T000000003219,C00000987,A000000710,2025-07-14 21:49:29,transfer,web,7.71,GBP,completed,restaurant,core_banking
T000000003220,C00000433,A000000752,2025-01-07 09:09:24,transfer,mobile,17.27,GBP,completed,restaurant,cards
T000000003221,C00000700,A000000457,2025-11-15 16:20:28,transfer,branch,49.87,USD,completed,other,cards
T000000003222,C00000254,A000000467,2026-04-03 23:37:19,transfer,atm,14.2,GBP,completed,grocery,core_banking
T000000003223,C00000776,A000000896,2025-09-21 00:17:07,transfer,mobile,83.45,GBP,reversed,restaurant,core_banking
T000000003224,C00000776,A000001201,2025-06-13 08:45:17,purchase,api,26.44,GBP,completed,retail,cards
T000000003225,C00000609,A000001292,2025-09-29 17:42:28,transfer,web,22.11,GBP,completed,utilities,cards
T000000003226,C00000772,A000001118,2025-11-22 11:56:38,purchase,atm,30.5,GBP,completed,travel,core_banking
T000000003227,C00000579,A000000885,2025-04-16 19:00:19,transfer,mobile,129.66,GBP,pending,retail,cards
T000000003228,C00000379,A000000726,2025-03-13 11:23:19,transfer,web,7.1,GBP,completed,travel,cards
T000000003229,C00000738,A000000493,2025-04-27 01:32:44,purchase,mobile,170.58,GBP,completed,utilities,core_banking
T000000003230,C00000836,A000001114,2026-09-22 10:24:28,cash_withdrawal,branch,82.12,GBP,completed,other,core_banking
T000000003231,C00000842,A000000462,2026-04-07 09:42:29,transfer,mobile,29.29,GBP,completed,grocery,core_banking
T000000003232,C00000214,A000000389,2025-03-22 20:17:42,transfer,mobile,103.77,GBP,completed,other,payments
T000000003233,C00000677,A000001259,2025-07-12 03:32:10,transfer,atm,21.36,USD,completed,utilities,core_banking
T000000003234,C00000005,A000000855,2025-09-21 03:43:35,transfer,atm,40.45,EUR,reversed,grocery,mobile
T000000003235,C00000572,A000000514,2025-04-26 03:23:45,cash_withdrawal,branch,16.97,USD,completed,utilities,cards
T000000003236,C00000572,A000001255,2026-06-29 13:37:26,purchase,branch,82.67,GBP,completed,grocery,payments
T000000003237,C00000364,A000001396,2026-08-25 23:53:36,purchase,branch,14.26,GBP,completed,restaurant,mobile
T000000003238,C00000995,A000000462,2025-06-06 14:50:47,transfer,branch,28.39,GBP,completed,travel,core_banking
T000000003239,C00000883,A000000757,2025-01-11 19:35:27,purchase,mobile,61.14,USD,completed,grocery,cards
T000000003240,C00000039,A000000702,2025-06-20 20:25:45,purchase,mobile,90.07,EUR,completed,other,core_banking
T000000003241,C00000209,A000001018,2026-01-08 14:24:52,purchase,web,12.65,GBP,completed,utilities,core_banking
T000000003242,C00000208,A000001380,2026-06-01 14:37:14,purchase,mobile,66.08,GBP,completed,utilities,payments
T000000003243,C00000898,A000000796,2025-08-05 05:50:00,refund,web,10.69,GBP,pending,restaurant,core_banking
T000000003244,C00000519,A000001158,2025-06-24 23:02:25,purchase,web,3.13,GBP,failed,utilities,payments
T000000003245,C00000729,A000000864,2025-06-09 18:54:28,purchase,mobile,13.66,GBP,completed,restaurant,payments
T000000003246,C00000810,A000001287,2025-01-02 20:55:55,direct_debit,atm,71.98,GBP,reversed,utilities,cards
T000000003247,C00000768,A000000587,2025-01-09 23:36:32,refund,branch,29.58,GBP,failed,grocery,cards
T000000003248,C00000090,A000000559,2025-10-01 08:22:11,purchase,web,17.09,GBP,completed,other,payments
T000000003249,C00000141,A000000613,2026-01-30 03:26:59,direct_debit,api,31.76,GBP,completed,other,core_banking
T000000003250,C00000396,A000001445,2025-01-09 20:38:15,purchase,mobile,30.68,GBP,completed,travel,payments
T000000003251,C00000339,A000000887,2025-05-08 11:21:03,cash_withdrawal,mobile,57.57,GBP,completed,utilities,core_banking
T000000003252,C00000748,A000000222,2026-08-05 23:00:12,purchase,mobile,5.52,GBP,completed,grocery,core_banking
T000000003253,C00000157,A000000060,2026-09-25 16:40:04,purchase,web,26.91,GBP,completed,travel,core_banking
T000000003254,C00000372,A000000753,2026-02-15 06:10:21,purchase,mobile,34.14,GBP,completed,utilities,core_banking
T000000003255,C00000237,A000001169,2025-11-30 08:30:56,cash_withdrawal,atm,7.14,GBP,completed,retail,core_banking
T000000003256,C00000189,A000000695,2026-01-08 14:38:42,purchase,mobile,7.04,GBP,completed,other,payments
T000000003257,C00000173,A000000813,2025-08-25 09:27:49,transfer,web,20.43,GBP,completed,grocery,cards
T000000003258,C00000196,A000001158,2025-05-09 06:45:47,cash_withdrawal,web,30.23,GBP,completed,restaurant,mobile
T000000003259,C00000565,A000000749,2025-08-29 05:02:09,purchase,mobile,30.35,GBP,completed,utilities,payments
T000000003260,C00000411,A000001318,2026-03-24 15:35:22,direct_debit,atm,16.71,GBP,completed,other,payments
T000000003261,C00000436,A000000926,2026-02-28 00:50:39,purchase,branch,16.0,GBP,completed,restaurant,mobile
T000000003262,C00000480,A000001061,2026-03-09 02:14:50,purchase,atm,19.79,GBP,pending,other,payments
T000000003263,C00000742,A000001134,2026-01-24 01:01:15,purchase,web,40.99,GBP,reversed,restaurant,core_banking
T000000003264,C00000862,A000000909,2025-02-08 17:37:13,purchase,web,110.7,GBP,pending,travel,core_banking
T000000003265,C00000527,A000000073,2026-02-05 00:42:13,purchase,web,2.91,GBP,completed,retail,core_banking
T000000003266,C00000643,A000000620,2026-07-17 10:04:32,transfer,branch,57.64,EUR,completed,restaurant,core_banking
T000000003267,C00000739,A000000206,2026-02-19 02:54:42,transfer,web,26.66,GBP,completed,other,payments
T000000003268,C00000691,A000000740,2026-01-06 14:05:43,purchase,web,52.04,GBP,completed,other,cards
T000000003269,C00000135,A000000208,2025-05-24 00:49:33,purchase,mobile,104.04,GBP,completed,utilities,payments
T000000003270,C00000983,A000000739,2026-05-22 00:37:14,cash_withdrawal,branch,13.56,GBP,completed,grocery,core_banking
T000000003271,C00000165,A000000499,2025-10-16 09:51:51,purchase,mobile,80.76,EUR,completed,retail,mobile
T000000003272,C00000412,A000000030,2025-06-18 16:41:26,transfer,api,8.03,GBP,completed,utilities,core_banking
T000000003273,C00000653,A000000182,2025-11-10 02:37:51,direct_debit,mobile,34.26,GBP,completed,restaurant,core_banking
T000000003274,C00000404,A000000730,2025-03-19 11:54:13,purchase,web,23.23,EUR,failed,travel,mobile
T000000003275,C00000244,A000000115,2026-08-15 19:26:52,transfer,mobile,31.46,GBP,completed,retail,core_banking
T000000003276,C00000924,A000001242,2026-03-25 15:00:21,refund,mobile,10.61,GBP,completed,restaurant,payments
T000000003277,C00000072,A000001101,2025-07-28 18:00:25,transfer,mobile,47.4,GBP,completed,other,core_banking
T000000003278,C00000246,A000001029,2026-05-23 07:34:33,refund,branch,158.48,GBP,completed,travel,payments
T000000003279,C00000993,A000000250,2025-02-04 22:36:30,purchase,mobile,10.8,GBP,failed,travel,cards
T000000003280,C00000730,A000001154,2025-09-04 03:29:58,transfer,mobile,36.57,GBP,completed,retail,payments
T000000003281,C00000087,A000000921,2026-02-21 14:31:38,purchase,mobile,73.6,GBP,completed,utilities,cards
T000000003282,C00000755,A000000567,2025-01-16 10:27:01,purchase,mobile,21.94,GBP,completed,restaurant,cards
T000000003283,C00000970,A000000001,2026-03-29 00:45:43,refund,api,125.01,GBP,completed,restaurant,cards
T000000003284,C00000098,A000000768,2026-06-07 22:39:19,purchase,web,19.08,GBP,completed,utilities,cards
T000000003285,C00000415,A000001155,2026-01-15 16:51:14,refund,atm,26.52,GBP,completed,other,payments
T000000003286,C00000469,A000000049,2025-05-12 05:28:01,transfer,web,10.56,GBP,completed,grocery,core_banking
T000000003287,C00000132,A000000077,2026-04-24 01:15:23,direct_debit,web,34.22,GBP,completed,utilities,payments
T000000003288,C00000201,A000000556,2025-08-05 16:13:12,refund,atm,30.06,EUR,completed,travel,core_banking
T000000003289,C00000174,A000000742,2026-04-16 13:04:55,transfer,mobile,58.42,GBP,completed,utilities,core_banking
T000000003290,C00000186,A000000688,2026-02-06 01:11:46,refund,atm,15.36,GBP,completed,other,cards
T000000003291,C00000404,A000000618,2025-03-01 23:39:57,cash_withdrawal,web,14.64,GBP,completed,other,cards
T000000003292,C00000464,A000000371,2025-03-05 17:14:03,transfer,mobile,48.7,GBP,completed,other,payments
T000000003293,C00000238,A000000087,2025-01-10 11:06:13,transfer,api,129.94,GBP,completed,retail,mobile
T000000003294,C00000290,A000000046,2025-02-16 05:43:20,purchase,mobile,58.0,GBP,pending,restaurant,cards
T000000003295,C00000193,A000000144,2025-07-11 06:30:18,purchase,api,208.47,GBP,completed,retail,mobile
T000000003296,C00000797,A000001002,2025-01-17 10:50:11,purchase,api,53.68,GBP,failed,grocery,cards
T000000003297,C00000212,A000001140,2026-08-23 01:22:18,purchase,mobile,51.69,USD,completed,travel,core_banking
T000000003298,C00000908,A000000631,2026-08-09 08:49:33,purchase,mobile,61.15,GBP,completed,restaurant,payments
T000000003299,C00000539,A000000113,2025-04-21 05:13:08,transfer,atm,142.96,GBP,completed,grocery,core_banking
T000000003300,C00000803,A000000603,2025-07-18 02:42:29,transfer,mobile,109.89,GBP,completed,utilities,mobile
T000000003301,C00000637,A000001430,2026-04-20 03:01:17,transfer,atm,9.59,GBP,completed,retail,core_banking
T000000003302,C00000267,A000000363,2026-02-27 08:17:38,direct_debit,mobile,69.45,GBP,completed,retail,core_banking
T000000003303,C00000602,A000000713,2026-01-07 09:10:56,refund,mobile,39.59,GBP,completed,restaurant,cards
T000000003304,C00000275,A000000780,2026-09-25 08:24:10,direct_debit,web,24.44,USD,completed,travel,core_banking
T000000003305,C00000119,A000000479,2026-02-07 16:33:32,transfer,atm,4.66,GBP,completed,travel,core_banking
T000000003306,C00000255,A000000636,2026-03-04 12:31:49,purchase,atm,5.95,GBP,completed,grocery,core_banking
T000000003307,C00000276,A000000685,2025-11-17 04:37:30,refund,web,20.44,GBP,completed,grocery,payments
T000000003308,C00000136,A000000688,2025-12-02 23:20:11,purchase,mobile,6.44,GBP,completed,grocery,core_banking
T000000003309,C00000024,A000001041,2025-07-05 17:31:20,purchase,web,20.89,GBP,completed,grocery,cards
T000000003310,C00000944,A000000843,2025-11-29 11:16:49,purchase,mobile,63.44,GBP,completed,utilities,cards
T000000003311,C00000514,A000000078,2026-08-10 01:10:48,transfer,mobile,16.28,EUR,completed,travel,mobile
T000000003312,C00000403,A000000010,2025-08-29 21:56:46,transfer,mobile,32.71,GBP,completed,retail,mobile
T000000003313,C00000930,A000000596,2025-03-27 17:52:05,purchase,web,9.74,EUR,failed,restaurant,mobile
T000000003314,C00000225,A000001317,2026-01-19 11:04:38,cash_withdrawal,mobile,41.01,USD,completed,utilities,core_banking
T000000003315,C00000403,A000000054,2026-05-17 03:52:55,purchase,mobile,51.09,USD,completed,grocery,cards
T000000003316,C00000847,A000000104,2026-09-05 02:34:51,purchase,branch,6.73,GBP,failed,utilities,payments
T000000003317,C00000633,A000000985,2025-12-13 06:57:25,purchase,mobile,13.61,GBP,completed,utilities,core_banking
T000000003318,C00000400,A000000654,2026-05-19 05:31:25,purchase,api,7.92,GBP,completed,utilities,core_banking
T000000003319,C00000256,A000000335,2025-06-10 05:01:24,cash_withdrawal,mobile,51.15,GBP,completed,other,mobile
T000000003320,C00000036,A000000301,2025-09-29 09:46:49,purchase,mobile,35.6,GBP,completed,utilities,core_banking
T000000003321,C00000086,A000000965,2025-09-25 01:07:05,purchase,api,28.44,GBP,failed,restaurant,core_banking
T000000003322,C00000162,A000000760,2025-08-01 07:48:31,purchase,web,26.19,GBP,completed,utilities,core_banking
T000000003323,C00000787,A000000926,2026-04-03 20:54:17,cash_withdrawal,atm,42.05,GBP,completed,utilities,core_banking
T000000003324,C00000640,A000000407,2026-07-19 20:46:47,refund,web,42.95,GBP,completed,grocery,mobile
T000000003325,C00000434,A000000764,2025-07-28 00:12:06,transfer,mobile,17.81,GBP,completed,other,core_banking
T000000003326,C00000783,A000001248,2025-03-28 16:17:14,transfer,branch,15.37,GBP,completed,grocery,core_banking
T000000003327,C00000161,A000000460,2026-06-12 23:47:10,direct_debit,web,28.16,EUR,completed,other,core_banking
T000000003328,C00000211,A000000575,2026-06-27 13:52:45,purchase,web,24.55,GBP,completed,utilities,cards
T000000003329,C00000393,A000000238,2026-08-21 09:22:05,purchase,mobile,260.79,GBP,completed,retail,payments
T000000003330,C00000918,A000000927,2025-06-12 11:47:22,transfer,mobile,20.02,GBP,pending,retail,cards
T000000003331,C00000615,A000000048,2026-04-05 05:07:04,purchase,mobile,40.62,GBP,completed,grocery,cards
T000000003332,C00000851,A000000361,2026-04-03 09:32:04,transfer,atm,48.87,GBP,completed,retail,cards
T000000003333,C00000249,A000001034,2026-05-20 22:29:11,transfer,mobile,130.39,GBP,completed,grocery,core_banking
T000000003334,C00000849,A000000029,2026-05-31 14:41:33,purchase,api,12.78,USD,completed,retail,core_banking
T000000003335,C00000073,A000001435,2026-09-01 10:20:27,transfer,mobile,122.32,GBP,completed,grocery,mobile
T000000003336,C00000228,A000000587,2025-11-01 02:59:26,purchase,web,25.67,GBP,completed,grocery,payments
T000000003337,C00000524,A000000579,2025-02-18 21:44:57,purchase,mobile,414.23,GBP,completed,restaurant,core_banking
T000000003338,C00000051,A000000778,2025-05-03 03:54:02,direct_debit,branch,43.85,GBP,completed,travel,payments
T000000003339,C00000859,A000000927,2026-07-21 17:19:06,cash_withdrawal,atm,8.25,GBP,completed,retail,payments
T000000003340,C00000868,A000000667,2026-06-24 07:16:29,purchase,web,24.36,USD,completed,utilities,payments
T000000003341,C00000542,A000001283,2025-01-08 06:41:12,purchase,web,121.89,GBP,completed,utilities,payments
T000000003342,C00000306,A000001395,2025-08-23 04:06:30,purchase,atm,32.64,GBP,completed,utilities,mobile
T000000003343,C00000099,A000000291,2025-06-06 09:00:06,purchase,mobile,28.15,USD,pending,retail,core_banking
T000000003344,C00000619,A000001025,2025-07-24 16:15:01,purchase,web,63.75,GBP,completed,utilities,core_banking
T000000003345,C00000538,A000000437,2026-02-13 09:59:57,purchase,atm,20.86,USD,completed,utilities,mobile
T000000003346,C00000760,A000001444,2025-11-22 00:35:39,direct_debit,mobile,24.02,GBP,failed,grocery,cards
T000000003347,C00000603,A000000368,2025-11-04 06:20:09,direct_debit,branch,11.11,GBP,completed,other,payments
T000000003348,C00000129,A000000428,2025-10-06 03:50:39,cash_withdrawal,atm,184.06,GBP,pending,restaurant,core_banking
T000000003349,C00000122,A000001036,2026-02-14 09:38:30,transfer,mobile,8.3,EUR,completed,retail,core_banking
T000000003350,C00000781,A000001145,2026-03-13 21:39:45,cash_withdrawal,mobile,35.8,USD,completed,retail,mobile
T000000003351,C00000160,A000000187,2025-01-28 23:06:21,cash_withdrawal,web,49.59,GBP,completed,restaurant,core_banking
T000000003352,C00000939,A000000806,2025-03-29 23:56:27,direct_debit,atm,29.54,GBP,completed,utilities,cards
T000000003353,C00000106,A000000502,2025-08-07 02:42:14,cash_withdrawal,web,8.03,GBP,completed,restaurant,core_banking
T000000003354,C00000729,A000000888,2025-10-06 11:42:07,cash_withdrawal,web,10.5,GBP,completed,retail,mobile
T000000003355,C00000976,A000000808,2026-09-29 01:05:38,direct_debit,mobile,51.86,GBP,completed,retail,core_banking
T000000003356,C00000442,A000001430,2026-07-24 11:53:19,transfer,mobile,13.21,GBP,completed,retail,mobile
T000000003357,C00000057,A000001354,2026-02-19 13:50:24,purchase,mobile,3.4,GBP,completed,travel,core_banking
T000000003358,C00000877,A000000949,2025-01-24 18:33:41,purchase,mobile,44.98,GBP,completed,restaurant,mobile
T000000003359,C00000188,A000000986,2025-03-06 08:04:27,purchase,mobile,11.99,GBP,completed,restaurant,core_banking
T000000003360,C00000528,A000001304,2025-10-20 00:52:06,purchase,mobile,58.14,GBP,completed,grocery,payments
T000000003361,C00000985,A000000267,2026-01-11 10:53:59,purchase,web,24.25,GBP,completed,grocery,cards
T000000003362,C00000745,A000001053,2026-02-27 10:14:54,purchase,web,23.05,GBP,completed,grocery,core_banking
T000000003363,C00000047,A000001120,2025-04-01 14:58:51,purchase,mobile,31.65,EUR,completed,travel,core_banking
T000000003364,C00000821,A000000185,2026-07-22 02:23:45,refund,web,9.07,GBP,completed,grocery,payments
T000000003365,C00000162,A000001278,2025-11-12 14:42:59,purchase,mobile,12.59,USD,completed,utilities,cards
T000000003366,C00000750,A000001015,2026-01-15 09:37:20,purchase,web,22.81,GBP,failed,other,core_banking
T000000003367,C00000621,A000000504,2025-01-26 17:44:11,purchase,api,9.01,GBP,failed,restaurant,core_banking
T000000003368,C00000288,A000000703,2026-06-11 23:36:42,purchase,web,63.4,GBP,completed,other,payments
T000000003369,C00000424,A000000710,2025-12-14 05:27:46,transfer,mobile,21.7,GBP,completed,grocery,cards
T000000003370,C00000118,A000001333,2025-05-23 18:05:13,transfer,mobile,6.54,GBP,completed,restaurant,payments
T000000003371,C00000987,A000001406,2025-07-23 03:03:52,purchase,branch,16.66,GBP,completed,restaurant,cards
T000000003372,C00000239,A000001170,2025-08-14 23:38:27,transfer,mobile,33.32,GBP,completed,retail,core_banking
T000000003373,C00000309,A000000946,2025-01-18 11:32:36,purchase,api,18.76,GBP,completed,restaurant,core_banking
T000000003374,C00000503,A000000151,2026-08-26 17:54:18,transfer,web,45.6,GBP,completed,grocery,core_banking
T000000003375,C00000673,A000001327,2026-05-29 18:39:36,direct_debit,mobile,54.75,GBP,completed,utilities,mobile
T000000003376,C00000506,A000000195,2026-07-21 14:35:40,direct_debit,web,373.08,GBP,completed,restaurant,core_banking
T000000003377,C00000506,A000000242,2025-08-14 09:13:31,purchase,branch,100.3,GBP,completed,retail,cards
T000000003378,C00000583,A000000101,2025-12-23 18:06:04,cash_withdrawal,web,5.38,GBP,completed,travel,core_banking
T000000003379,C00000858,A000001375,2025-10-20 11:25:52,direct_debit,api,20.53,USD,completed,grocery,core_banking
T000000003380,C00000396,A000000716,2025-10-31 15:49:05,direct_debit,api,22.65,GBP,completed,travel,payments
T000000003381,C00000833,A000000343,2026-01-12 14:43:05,purchase,mobile,54.81,GBP,completed,restaurant,payments
T000000003382,C00000787,A000000118,2025-10-16 11:08:15,transfer,mobile,11.24,GBP,completed,other,payments
T000000003383,C00000962,A000000598,2026-05-10 02:48:34,purchase,mobile,17.15,USD,completed,utilities,core_banking
T000000003384,C00000914,A000001050,2025-02-07 07:01:16,purchase,web,8.11,GBP,completed,travel,payments
T000000003385,C00000799,A000001443,2025-05-04 22:30:26,transfer,web,15.92,EUR,completed,travel,mobile
T000000003386,C00000247,A000000801,2026-07-25 12:29:03,purchase,mobile,16.56,GBP,completed,other,mobile
T000000003387,C00000775,A000000881,2026-07-18 15:15:56,purchase,api,21.57,GBP,completed,utilities,core_banking
T000000003388,C00000737,A000001213,2026-06-07 06:12:13,direct_debit,mobile,8.62,GBP,reversed,restaurant,cards
T000000003389,C00000290,A000001308,2025-08-24 16:56:19,transfer,atm,84.03,GBP,completed,retail,mobile
T000000003390,C00000678,A000000406,2025-10-19 11:40:48,refund,atm,49.2,GBP,pending,other,payments
T000000003391,C00000253,A000001439,2025-01-17 05:14:59,direct_debit,mobile,6.55,GBP,completed,retail,core_banking
T000000003392,C00000524,A000000753,2025-06-28 03:30:26,direct_debit,mobile,30.79,GBP,completed,restaurant,payments
T000000003393,C00000797,A000001349,2026-04-10 09:28:48,cash_withdrawal,mobile,5.79,GBP,completed,other,payments
T000000003394,C00000189,A000000171,2025-08-08 13:34:10,purchase,api,122.65,GBP,completed,retail,payments
T000000003395,C00000337,A000000142,2025-11-03 06:43:26,purchase,mobile,163.17,GBP,completed,restaurant,core_banking
T000000003396,C00000796,A000001283,2025-03-20 05:53:12,direct_debit,atm,28.26,EUR,completed,utilities,cards
T000000003397,C00000454,A000000976,2025-11-14 06:28:14,purchase,web,12.24,GBP,completed,retail,payments
T000000003398,C00000961,A000000254,2026-04-07 07:02:47,purchase,web,14.92,GBP,completed,restaurant,core_banking
T000000003399,C00000008,A000001298,2026-01-01 17:44:10,transfer,api,18.61,GBP,completed,retail,payments
T000000003400,C00000722,A000000149,2025-12-22 11:58:36,purchase,web,26.78,EUR,completed,restaurant,core_banking
T000000003401,C00000815,A000000990,2026-08-08 11:15:31,purchase,atm,126.34,GBP,completed,grocery,core_banking
T000000003402,C00000918,A000000298,2025-05-30 03:54:02,transfer,web,81.73,GBP,completed,other,payments
T000000003403,C00000157,A000000103,2025-07-11 13:04:09,purchase,mobile,83.06,GBP,completed,other,core_banking
T000000003404,C00000985,A000001170,2026-02-03 23:05:49,transfer,mobile,35.84,GBP,completed,other,core_banking
T000000003405,C00000393,A000001229,2025-11-03 17:53:32,purchase,mobile,8.92,GBP,completed,other,payments
T000000003406,C00000353,A000000154,2026-09-18 10:43:35,transfer,branch,13.35,GBP,completed,restaurant,payments
T000000003407,C00000356,A000000136,2025-02-08 07:22:02,purchase,web,31.94,GBP,completed,restaurant,payments
T000000003408,C00000639,A000000891,2025-03-20 08:27:16,transfer,web,8.49,GBP,completed,other,core_banking
T000000003409,C00000660,A000000042,2025-08-07 00:38:40,purchase,mobile,41.23,GBP,completed,restaurant,cards
T000000003410,C00000474,A000001082,2025-10-20 00:42:02,purchase,branch,69.78,GBP,completed,travel,core_banking
T000000003411,C00000072,A000001328,2026-07-24 18:37:56,direct_debit,atm,53.12,GBP,completed,grocery,core_banking
T000000003412,C00000987,A000001090,2025-11-12 20:14:17,purchase,branch,50.93,GBP,completed,other,core_banking
T000000003413,C00000223,A000000335,2025-10-07 23:14:43,cash_withdrawal,api,4.22,GBP,completed,grocery,cards
T000000003414,C00000094,A000000276,2025-04-17 15:01:12,purchase,mobile,121.51,GBP,completed,other,cards
T000000003415,C00000598,A000000987,2025-10-05 22:18:01,purchase,mobile,5.78,USD,completed,other,core_banking
T000000003416,C00000413,A000000090,2025-12-06 09:59:37,purchase,web,25.52,GBP,completed,grocery,payments
T000000003417,C00000616,A000000780,2026-01-09 06:05:52,direct_debit,mobile,57.37,GBP,completed,restaurant,mobile
T000000003418,C00000876,A000000651,2026-01-23 05:53:34,purchase,branch,43.66,GBP,completed,utilities,core_banking
T000000003419,C00000098,A000001080,2025-10-02 05:40:45,purchase,atm,7.83,GBP,completed,retail,payments
T000000003420,C00000285,A000000294,2025-04-11 17:52:59,transfer,mobile,9.46,GBP,completed,utilities,cards
T000000003421,C00000517,A000001106,2025-04-08 00:14:18,purchase,api,40.5,GBP,completed,retail,cards
T000000003422,C00000788,A000001014,2025-04-09 22:41:29,direct_debit,mobile,51.23,GBP,completed,restaurant,cards
T000000003423,C00000601,A000000347,2026-01-31 18:35:43,refund,branch,9.37,USD,completed,retail,payments
T000000003424,C00000383,A000000518,2026-07-02 09:08:21,transfer,web,45.25,EUR,completed,grocery,core_banking
T000000003425,C00000611,A000000096,2026-07-19 16:50:40,transfer,branch,6.1,USD,completed,retail,cards
T000000003426,C00000980,A000000652,2025-07-18 03:14:13,purchase,mobile,57.72,GBP,completed,utilities,core_banking
T000000003427,C00000481,A000000378,2025-02-20 10:21:12,refund,api,11.85,USD,completed,retail,core_banking
T000000003428,C00000884,A000000165,2026-02-07 02:37:14,transfer,api,32.61,GBP,completed,utilities,cards
T000000003429,C00000780,A000000812,2025-01-25 02:41:25,purchase,web,27.34,GBP,completed,other,core_banking
T000000003430,C00000302,A000000823,2026-02-05 00:09:09,refund,web,101.36,GBP,completed,retail,payments
T000000003431,C00000250,A000000125,2025-09-02 19:05:58,refund,branch,38.64,GBP,completed,restaurant,cards
T000000003432,C00000771,A000000270,2026-06-21 17:51:17,purchase,web,15.97,GBP,completed,other,core_banking
T000000003433,C00000208,A000000120,2026-02-04 21:25:53,purchase,web,43.71,GBP,completed,restaurant,payments
T000000003434,C00000337,A000000985,2026-04-18 23:33:12,transfer,web,284.16,GBP,completed,utilities,core_banking
T000000003435,C00000236,A000000491,2025-09-17 23:09:17,direct_debit,atm,65.18,GBP,failed,other,payments
T000000003436,C00000607,A000000104,2026-06-22 23:49:39,transfer,branch,28.16,GBP,completed,retail,core_banking
T000000003437,C00000295,A000000278,2025-12-02 00:22:50,purchase,mobile,12.49,EUR,completed,travel,core_banking
T000000003438,C00000659,A000001416,2026-02-04 18:49:14,purchase,api,15.68,GBP,completed,other,payments
T000000003439,C00000935,A000000371,2025-08-19 17:21:26,purchase,mobile,61.19,GBP,completed,other,mobile
T000000003440,C00000830,A000000993,2025-10-15 03:53:32,purchase,mobile,11.82,GBP,completed,grocery,core_banking
T000000003441,C00000948,A000000680,2026-06-21 03:17:00,cash_withdrawal,api,30.05,EUR,completed,travel,core_banking
T000000003442,C00000025,A000000264,2025-09-09 23:27:54,purchase,mobile,135.57,GBP,completed,travel,payments
T000000003443,C00000456,A000000446,2025-01-14 21:10:51,purchase,mobile,35.09,GBP,completed,restaurant,core_banking
T000000003444,C00000221,A000000021,2025-08-31 07:52:03,direct_debit,web,9.65,USD,completed,travel,payments
T000000003445,C00000918,A000001084,2025-09-08 01:47:39,purchase,atm,294.93,GBP,pending,utilities,core_banking
T000000003446,C00000712,A000000485,2025-09-25 08:00:24,purchase,mobile,190.68,GBP,completed,other,core_banking
T000000003447,C00000321,A000000724,2025-02-15 00:07:39,refund,web,50.72,GBP,pending,other,core_banking
T000000003448,C00000564,A000000222,2025-03-24 16:29:45,purchase,mobile,114.38,GBP,completed,other,core_banking
T000000003449,C00000606,A000001196,2025-07-27 09:07:25,direct_debit,web,22.64,USD,completed,utilities,payments
T000000003450,C00000496,A000000317,2025-09-28 01:10:37,purchase,mobile,64.11,USD,completed,utilities,cards
T000000003451,C00000475,A000000822,2025-01-19 23:30:47,purchase,mobile,19.21,GBP,completed,restaurant,core_banking
T000000003452,C00000056,A000001266,2025-09-06 19:49:06,transfer,api,7.22,GBP,failed,travel,core_banking
T000000003453,C00000453,A000001035,2025-07-24 21:42:48,purchase,branch,455.56,EUR,completed,utilities,core_banking
T000000003454,C00000349,A000000875,2025-01-23 23:56:06,transfer,atm,6.84,GBP,completed,retail,cards
T000000003455,C00000819,A000001288,2025-06-10 00:20:24,purchase,api,40.95,GBP,completed,restaurant,cards
T000000003456,C00000866,A000000256,2025-06-25 18:36:06,transfer,api,40.45,USD,pending,utilities,core_banking
T000000003457,C00000751,A000001398,2025-04-02 18:54:02,purchase,atm,51.51,GBP,completed,retail,payments
T000000003458,C00000031,A000000808,2026-04-26 18:45:36,direct_debit,mobile,27.27,GBP,completed,utilities,cards
T000000003459,C00000842,A000000595,2025-02-16 06:21:40,transfer,atm,27.57,GBP,completed,travel,mobile
T000000003460,C00000397,A000000371,2026-01-05 09:22:03,transfer,web,34.65,GBP,completed,travel,cards
T000000003461,C00000417,A000001081,2026-03-02 22:17:57,purchase,mobile,49.59,GBP,completed,restaurant,core_banking
T000000003462,C00000946,A000001416,2026-05-31 01:34:55,transfer,web,29.91,GBP,completed,grocery,core_banking
T000000003463,C00000868,A000001001,2025-12-15 15:23:09,transfer,mobile,27.89,GBP,completed,restaurant,mobile
T000000003464,C00000051,A000000048,2025-12-13 19:01:26,purchase,web,7.48,GBP,completed,other,core_banking
T000000003465,C00000360,A000000681,2026-05-02 19:09:11,transfer,atm,248.23,EUR,completed,restaurant,core_banking
T000000003466,C00000750,A000001062,2026-06-30 14:19:54,purchase,web,52.59,EUR,completed,utilities,cards
T000000003467,C00000539,A000000577,2025-05-15 18:24:16,purchase,mobile,37.31,GBP,completed,restaurant,cards
T000000003468,C00000258,A000001121,2026-05-24 21:49:26,cash_withdrawal,mobile,15.55,GBP,completed,grocery,cards
T000000003469,C00000525,A000001026,2025-10-23 18:22:50,purchase,atm,10.45,GBP,completed,grocery,payments
T000000003470,C00000867,A000000098,2025-03-04 02:46:59,purchase,web,73.92,GBP,completed,other,core_banking
T000000003471,C00000224,A000000810,2026-01-27 05:52:08,transfer,web,25.33,GBP,completed,retail,payments
T000000003472,C00000747,A000000250,2026-09-17 07:19:22,cash_withdrawal,atm,57.52,GBP,completed,retail,payments
T000000003473,C00000735,A000000706,2025-03-31 08:14:03,purchase,atm,7.24,EUR,completed,grocery,core_banking
T000000003474,C00000886,A000000558,2025-01-10 08:39:20,purchase,web,152.05,EUR,completed,restaurant,core_banking
T000000003475,C00000298,A000001171,2026-08-09 05:16:36,purchase,branch,77.2,GBP,completed,grocery,mobile
T000000003476,C00000216,A000001259,2026-01-17 16:23:55,transfer,mobile,27.52,EUR,completed,travel,core_banking
T000000003477,C00000548,A000000670,2025-05-21 02:38:44,transfer,api,48.96,GBP,completed,travel,cards
T000000003478,C00000532,A000000779,2026-05-22 18:54:21,transfer,web,65.24,GBP,completed,other,core_banking
T000000003479,C00000410,A000000908,2025-09-09 15:48:26,cash_withdrawal,branch,7.36,GBP,completed,other,cards
T000000003480,C00000780,A000000951,2025-08-01 23:03:52,refund,mobile,174.46,EUR,completed,grocery,payments
T000000003481,C00000800,A000000922,2025-07-05 00:09:24,purchase,branch,49.77,GBP,completed,grocery,payments
T000000003482,C00000246,A000001136,2026-01-18 07:05:23,purchase,web,14.31,GBP,reversed,other,core_banking
T000000003483,C00000796,A000001424,2025-03-27 21:33:36,purchase,web,9.47,GBP,completed,utilities,core_banking
T000000003484,C00000231,A000001201,2025-08-20 11:50:50,purchase,branch,84.47,GBP,completed,restaurant,cards
T000000003485,C00000408,A000000196,2025-07-14 13:27:43,purchase,atm,37.4,GBP,completed,utilities,core_banking
T000000003486,C00000028,A000000691,2025-02-08 00:41:42,direct_debit,mobile,49.74,GBP,completed,travel,cards
T000000003487,C00000341,A000000669,2026-05-03 18:17:26,purchase,atm,30.81,USD,completed,restaurant,cards
T000000003488,C00000959,A000000738,2025-01-06 06:04:18,purchase,mobile,10.46,GBP,completed,travel,payments
T000000003489,C00000443,A000000767,2026-09-06 23:06:54,transfer,web,51.11,GBP,completed,grocery,core_banking
T000000003490,C00000711,A000001042,2025-03-02 08:58:33,refund,mobile,24.35,GBP,completed,other,core_banking
T000000003491,C00000108,A000000611,2025-08-17 04:31:36,purchase,mobile,29.29,GBP,completed,retail,payments
T000000003492,C00000636,A000000382,2025-03-04 14:15:04,cash_withdrawal,api,363.53,GBP,completed,grocery,cards
T000000003493,C00000372,A000000664,2025-08-23 11:27:29,direct_debit,mobile,74.63,GBP,failed,retail,core_banking
T000000003494,C00000744,A000001240,2026-01-26 11:18:01,purchase,api,79.29,GBP,completed,grocery,mobile
T000000003495,C00000929,A000000452,2025-02-25 22:47:46,transfer,mobile,521.42,GBP,completed,retail,cards
T000000003496,C00000532,A000000031,2025-12-03 08:44:50,purchase,branch,44.87,EUR,completed,restaurant,cards
T000000003497,C00000103,A000001416,2026-05-09 09:32:41,purchase,mobile,33.98,GBP,completed,retail,payments
T000000003498,C00000477,A000000284,2025-10-19 14:58:40,purchase,branch,14.69,GBP,completed,grocery,cards
T000000003499,C00000124,A000000875,2025-03-13 04:05:23,purchase,api,18.63,GBP,completed,other,core_banking
T000000003500,C00000450,A000001161,2026-03-19 19:53:12,cash_withdrawal,web,3.49,GBP,completed,utilities,core_banking
T000000003501,C00000062,A000000398,2025-04-30 05:31:03,direct_debit,web,68.71,GBP,completed,grocery,cards
T000000003502,C00000641,A000000494,2025-01-11 05:48:01,purchase,atm,7.92,GBP,completed,utilities,cards
T000000003503,C00000311,A000000407,2025-10-07 00:15:25,transfer,branch,77.31,GBP,failed,other,payments
T000000003504,C00000202,A000000218,2025-06-23 08:13:44,purchase,mobile,28.64,GBP,completed,grocery,cards
T000000003505,C00000018,A000000222,2025-01-19 13:59:06,purchase,branch,34.28,GBP,completed,restaurant,core_banking
T000000003506,C00000889,A000000271,2026-05-12 16:55:05,transfer,branch,28.66,GBP,completed,retail,payments
T000000003507,C00000838,A000000665,2026-01-19 21:33:54,purchase,atm,128.43,GBP,completed,restaurant,core_banking
T000000003508,C00000812,A000000770,2026-08-05 18:40:14,cash_withdrawal,mobile,106.69,GBP,failed,grocery,payments
T000000003509,C00000059,A000000024,2025-11-03 07:42:15,purchase,web,29.07,GBP,completed,other,payments
T000000003510,C00000350,A000001227,2025-10-08 19:48:34,direct_debit,api,11.66,GBP,completed,other,cards
T000000003511,C00000972,A000000981,2026-06-23 04:40:09,purchase,web,79.05,GBP,completed,utilities,cards
T000000003512,C00000579,A000000103,2025-02-22 05:01:26,purchase,web,10.77,GBP,completed,travel,core_banking
T000000003513,C00000129,A000001222,2025-08-20 08:35:36,cash_withdrawal,api,5.86,GBP,failed,grocery,cards
T000000003514,C00000142,A000000045,2026-05-26 12:56:32,transfer,mobile,50.57,GBP,completed,restaurant,core_banking
T000000003515,C00000264,A000000813,2025-07-06 04:52:30,purchase,web,107.71,GBP,failed,restaurant,cards
T000000003516,C00000973,A000000675,2026-07-20 21:36:00,direct_debit,atm,19.58,EUR,completed,restaurant,core_banking
T000000003517,C00000170,A000000729,2025-07-01 06:29:11,purchase,branch,45.82,GBP,completed,retail,cards
T000000003518,C00000903,A000001387,2025-09-22 09:24:24,purchase,api,19.37,GBP,completed,restaurant,core_banking
T000000003519,C00000679,A000001345,2026-07-28 14:31:11,purchase,branch,63.95,GBP,completed,restaurant,core_banking
T000000003520,C00000922,A000000405,2025-06-05 10:19:01,transfer,mobile,94.61,GBP,pending,retail,cards
T000000003521,C00000827,A000000841,2026-09-11 09:41:35,transfer,web,22.74,USD,completed,restaurant,payments
T000000003522,C00000333,A000001391,2025-01-29 23:38:08,direct_debit,mobile,10.19,EUR,completed,travel,core_banking
T000000003523,C00000828,A000001057,2025-06-19 10:27:39,transfer,api,6.49,GBP,completed,restaurant,cards
T000000003524,C00000170,A000001288,2026-01-13 02:42:47,purchase,mobile,79.2,GBP,completed,utilities,payments
T000000003525,C00000291,A000000631,2026-01-15 17:31:34,purchase,web,9.08,EUR,completed,restaurant,cards
T000000003526,C00000212,A000000411,2026-08-05 16:56:04,purchase,web,44.28,GBP,completed,restaurant,cards
T000000003527,C00000134,A000000741,2026-09-06 05:15:16,cash_withdrawal,mobile,67.78,USD,completed,grocery,core_banking
T000000003528,C00000091,A000001185,2026-03-10 20:24:15,purchase,mobile,17.7,GBP,completed,restaurant,core_banking
T000000003529,C00000188,A000001347,2026-02-26 09:24:23,transfer,branch,25.17,GBP,completed,restaurant,core_banking
T000000003530,C00000121,A000000995,2025-07-22 03:37:08,transfer,mobile,85.54,GBP,completed,grocery,mobile
T000000003531,C00000381,A000001025,2026-05-30 04:08:20,cash_withdrawal,api,12.83,GBP,completed,travel,core_banking
T000000003532,C00000072,A000000743,2026-02-15 17:08:48,purchase,api,11.53,GBP,completed,restaurant,core_banking
T000000003533,C00000062,A000000464,2025-01-16 05:11:05,purchase,mobile,23.43,GBP,completed,retail,core_banking
T000000003534,C00000990,A000000614,2026-06-16 11:16:25,direct_debit,atm,114.64,USD,failed,grocery,payments
T000000003535,C00000088,A000000722,2025-08-18 17:37:06,transfer,mobile,162.6,GBP,completed,other,core_banking
T000000003536,C00000075,A000001183,2025-11-01 20:28:09,transfer,mobile,27.01,GBP,completed,utilities,payments
T000000003537,C00000031,A000000806,2025-11-07 11:45:05,cash_withdrawal,mobile,14.19,GBP,completed,retail,core_banking
T000000003538,C00000133,A000001150,2026-06-08 21:46:43,direct_debit,atm,91.59,GBP,completed,utilities,payments
T000000003539,C00000528,A000000040,2025-06-21 07:15:46,purchase,branch,5.19,GBP,completed,retail,payments
T000000003540,C00000828,A000001098,2025-09-08 20:56:22,direct_debit,mobile,38.86,GBP,completed,grocery,core_banking
T000000003541,C00000735,A000000736,2025-01-25 06:00:27,purchase,branch,28.61,GBP,failed,utilities,mobile
T000000003542,C00000581,A000001448,2025-08-11 01:32:42,refund,branch,116.57,EUR,completed,other,mobile
T000000003543,C00000086,A000000684,2025-02-26 17:24:29,purchase,atm,129.64,USD,completed,other,core_banking
T000000003544,C00000775,A000000694,2026-01-08 18:09:52,purchase,web,11.14,GBP,completed,utilities,cards
T000000003545,C00000038,A000000185,2026-07-25 22:13:54,purchase,atm,35.73,GBP,completed,grocery,cards
T000000003546,C00000631,A000001171,2025-10-24 22:06:59,direct_debit,branch,16.46,GBP,completed,travel,payments
T000000003547,C00000410,A000001018,2026-08-06 02:27:13,refund,mobile,22.02,GBP,completed,travel,payments
T000000003548,C00000883,A000001251,2026-09-17 14:54:44,purchase,atm,57.3,GBP,completed,grocery,payments
T000000003549,C00000308,A000000135,2025-02-04 16:54:23,purchase,mobile,21.08,EUR,completed,grocery,core_banking
T000000003550,C00000639,A000000307,2025-11-26 14:25:15,purchase,branch,36.73,USD,completed,restaurant,payments
T000000003551,C00000440,A000001272,2025-12-04 00:26:55,purchase,branch,81.87,GBP,completed,retail,core_banking
T000000003552,C00000523,A000000061,2025-09-04 01:04:48,cash_withdrawal,mobile,147.07,GBP,completed,other,cards
T000000003553,C00000939,A000000737,2026-06-15 16:05:35,purchase,mobile,40.57,GBP,completed,grocery,core_banking
T000000003554,C00000713,A000000587,2025-09-10 20:32:41,refund,branch,33.91,GBP,completed,grocery,payments
T000000003555,C00000415,A000001363,2025-02-05 04:18:02,direct_debit,atm,9.37,GBP,completed,restaurant,payments
T000000003556,C00000448,A000001243,2025-12-17 01:06:49,purchase,atm,158.39,GBP,completed,travel,core_banking
T000000003557,C00000705,A000001301,2025-05-10 09:41:46,transfer,branch,50.42,EUR,completed,travel,payments
T000000003558,C00000347,A000000420,2025-08-15 07:31:27,refund,mobile,34.57,GBP,pending,utilities,payments
T000000003559,C00000168,A000000852,2025-11-17 23:35:22,direct_debit,mobile,32.76,GBP,completed,other,core_banking
T000000003560,C00000468,A000001016,2026-04-07 22:13:14,cash_withdrawal,atm,43.76,GBP,completed,retail,core_banking
T000000003561,C00000069,A000001403,2025-06-27 13:23:40,purchase,web,67.38,GBP,completed,restaurant,core_banking
T000000003562,C00000170,A000000011,2025-09-01 22:47:37,purchase,atm,76.73,GBP,completed,retail,core_banking
T000000003563,C00000421,A000001417,2025-02-13 05:29:29,direct_debit,mobile,162.61,EUR,completed,other,payments
T000000003564,C00000797,A000000516,2025-09-03 23:48:20,purchase,mobile,38.66,GBP,completed,retail,core_banking
T000000003565,C00000782,A000000186,2026-01-06 10:43:40,transfer,web,189.03,USD,completed,grocery,cards
T000000003566,C00000261,A000000893,2026-01-30 11:26:01,cash_withdrawal,web,90.98,GBP,completed,utilities,core_banking
T000000003567,C00000422,A000001134,2025-07-07 01:12:48,purchase,branch,28.13,EUR,completed,travel,core_banking
T000000003568,C00000154,A000000189,2025-02-08 04:15:29,purchase,mobile,5.2,GBP,completed,travel,cards
T000000003569,C00000756,A000000060,2026-01-04 04:39:57,purchase,atm,32.78,GBP,completed,travel,core_banking
T000000003570,C00000247,A000001301,2026-02-23 11:42:38,direct_debit,web,153.92,GBP,completed,retail,payments
T000000003571,C00000800,A000001354,2025-02-24 04:33:18,purchase,atm,13.28,GBP,completed,grocery,core_banking
T000000003572,C00000843,A000000227,2025-11-19 02:27:19,purchase,branch,32.67,GBP,completed,grocery,cards
T000000003573,C00000690,A000001311,2025-03-02 14:31:21,refund,web,35.64,GBP,completed,utilities,payments
T000000003574,C00000331,A000001320,2025-10-17 20:56:27,transfer,branch,80.58,GBP,completed,grocery,cards
T000000003575,C00000953,A000001447,2026-02-14 01:40:44,transfer,web,19.94,GBP,completed,restaurant,payments
T000000003576,C00000687,A000000314,2026-04-05 13:27:10,direct_debit,web,12.03,GBP,completed,other,core_banking
T000000003577,C00000646,A000000840,2026-04-02 23:02:48,purchase,branch,54.52,GBP,completed,travel,payments
T000000003578,C00000857,A000001442,2026-04-30 09:42:29,refund,mobile,13.73,GBP,failed,grocery,cards
T000000003579,C00000882,A000001309,2025-06-04 04:23:27,direct_debit,api,4.36,GBP,completed,travel,payments
T000000003580,C00000078,A000000877,2026-06-25 01:54:31,purchase,mobile,206.93,EUR,failed,grocery,core_banking
T000000003581,C00000882,A000000286,2025-08-12 22:28:19,purchase,mobile,79.31,GBP,completed,travel,core_banking
T000000003582,C00000766,A000000123,2025-08-28 09:43:32,purchase,atm,216.49,USD,completed,other,core_banking
T000000003583,C00000207,A000000376,2026-05-19 02:31:25,transfer,mobile,75.02,USD,failed,restaurant,core_banking
T000000003584,C00000308,A000000095,2025-07-28 20:47:18,transfer,api,61.21,GBP,completed,other,core_banking
T000000003585,C00000753,A000000284,2025-02-17 19:14:53,transfer,web,44.17,GBP,completed,restaurant,core_banking
T000000003586,C00000217,A000000109,2026-04-02 16:52:54,refund,mobile,24.65,GBP,completed,other,core_banking
T000000003587,C00000453,A000001106,2026-02-28 02:01:28,transfer,mobile,51.3,EUR,completed,utilities,core_banking
T000000003588,C00000689,A000000856,2026-01-07 01:58:44,cash_withdrawal,mobile,16.76,GBP,completed,grocery,core_banking
T000000003589,C00000651,A000000751,2025-04-02 05:15:09,transfer,mobile,9.75,GBP,completed,restaurant,payments
T000000003590,C00000910,A000001174,2026-02-08 03:50:15,transfer,mobile,21.14,GBP,completed,utilities,mobile
T000000003591,C00000112,A000000596,2025-05-07 12:45:52,purchase,mobile,116.29,GBP,completed,other,core_banking
T000000003592,C00000296,A000000585,2025-12-21 09:24:55,transfer,mobile,8.22,GBP,completed,restaurant,core_banking
T000000003593,C00000985,A000000301,2025-11-21 18:22:03,transfer,web,8.35,GBP,completed,utilities,core_banking
T000000003594,C00000569,A000000646,2026-05-09 02:25:58,purchase,mobile,55.75,EUR,completed,restaurant,payments
T000000003595,C00000249,A000000254,2026-09-17 17:28:15,direct_debit,mobile,19.38,GBP,completed,utilities,mobile
T000000003596,C00000290,A000000855,2025-05-02 22:25:01,transfer,mobile,49.89,GBP,completed,grocery,core_banking
T000000003597,C00000340,A000001447,2025-03-15 03:08:02,purchase,mobile,84.72,GBP,completed,utilities,core_banking
T000000003598,C00000555,A000000773,2025-12-22 15:39:18,direct_debit,mobile,48.65,GBP,completed,retail,core_banking
T000000003599,C00000285,A000000434,2026-09-01 12:12:58,purchase,mobile,15.43,GBP,completed,grocery,core_banking
T000000003600,C00000622,A000000998,2025-04-12 02:16:32,transfer,web,115.25,GBP,completed,travel,core_banking
T000000003601,C00000446,A000001190,2025-11-08 07:01:40,transfer,api,65.32,USD,completed,other,payments
T000000003602,C00000611,A000000685,2025-09-18 18:54:48,purchase,mobile,30.82,GBP,completed,utilities,core_banking
T000000003603,C00000156,A000000363,2025-07-23 20:51:22,purchase,mobile,29.29,GBP,completed,grocery,core_banking
T000000003604,C00000624,A000001036,2026-03-01 08:50:30,purchase,branch,44.38,EUR,completed,retail,payments
T000000003605,C00000925,A000000272,2025-07-08 02:33:23,purchase,web,21.59,GBP,completed,restaurant,payments
T000000003606,C00000136,A000001447,2025-11-12 05:52:36,transfer,mobile,5.4,GBP,completed,utilities,core_banking
T000000003607,C00000328,A000000461,2026-06-25 20:14:32,purchase,atm,65.87,GBP,completed,restaurant,payments
T000000003608,C00000694,A000000508,2025-08-31 13:40:46,refund,branch,61.89,GBP,reversed,utilities,core_banking
T000000003609,C00000618,A000001055,2025-01-14 10:19:53,purchase,api,2.67,GBP,completed,grocery,core_banking
T000000003610,C00000675,A000000018,2026-07-20 00:19:15,purchase,api,51.22,GBP,completed,other,core_banking
T000000003611,C00000560,A000000295,2025-06-25 18:47:05,direct_debit,web,189.48,GBP,completed,utilities,core_banking
T000000003612,C00000683,A000000183,2026-05-09 11:10:10,transfer,branch,9.17,GBP,completed,other,core_banking
T000000003613,C00000610,A000000568,2026-05-03 13:05:10,transfer,web,27.74,EUR,completed,travel,payments
T000000003614,C00000075,A000000803,2025-12-03 20:15:04,cash_withdrawal,api,24.75,GBP,completed,restaurant,payments
T000000003615,C00000752,A000000261,2025-02-26 13:29:51,direct_debit,web,171.3,GBP,completed,grocery,core_banking
T000000003616,C00000447,A000000500,2026-08-31 22:16:24,purchase,mobile,97.22,GBP,completed,grocery,core_banking
T000000003617,C00000052,A000001120,2026-03-12 13:25:45,purchase,mobile,11.91,GBP,completed,other,core_banking
T000000003618,C00000410,A000001363,2025-09-29 08:13:16,refund,web,42.92,GBP,completed,other,core_banking
T000000003619,C00000436,A000000021,2026-06-30 22:08:40,purchase,web,336.23,GBP,completed,other,payments
T000000003620,C00000087,A000000910,2026-05-19 15:25:06,cash_withdrawal,atm,15.55,GBP,completed,travel,core_banking
T000000003621,C00000997,A000000038,2026-05-01 18:14:59,transfer,mobile,29.62,EUR,completed,other,cards
T000000003622,C00000223,A000000755,2025-04-18 05:26:37,transfer,atm,51.38,GBP,completed,grocery,cards
T000000003623,C00000331,A000001276,2026-02-09 16:06:18,cash_withdrawal,mobile,15.79,GBP,failed,retail,payments
T000000003624,C00000441,A000001158,2025-07-02 13:26:42,refund,web,190.83,GBP,failed,retail,core_banking
T000000003625,C00000833,A000000338,2025-02-20 02:31:28,purchase,web,18.24,GBP,failed,restaurant,core_banking
T000000003626,C00000743,A000000375,2025-08-05 06:05:47,transfer,mobile,6.97,GBP,completed,restaurant,core_banking
T000000003627,C00000771,A000001137,2025-03-08 21:52:46,cash_withdrawal,web,17.27,GBP,completed,retail,cards
T000000003628,C00000238,A000001189,2025-03-09 13:42:45,purchase,mobile,59.48,GBP,completed,grocery,cards
T000000003629,C00000846,A000000408,2026-04-10 18:34:59,direct_debit,mobile,12.96,GBP,failed,retail,cards
T000000003630,C00000830,A000000005,2025-11-17 04:07:16,transfer,atm,41.15,USD,completed,travel,core_banking
T000000003631,C00000464,A000000645,2025-09-12 05:13:42,purchase,mobile,54.09,GBP,completed,restaurant,core_banking
T000000003632,C00000546,A000000899,2025-05-03 22:35:22,direct_debit,atm,8.42,GBP,completed,grocery,cards
T000000003633,C00000038,A000000644,2026-05-08 10:05:02,refund,branch,16.58,GBP,completed,retail,core_banking
T000000003634,C00000761,A000001356,2026-02-10 21:17:09,purchase,mobile,43.23,GBP,completed,utilities,mobile
T000000003635,C00000961,A000001180,2026-01-10 19:24:00,cash_withdrawal,api,62.65,GBP,completed,utilities,payments
T000000003636,C00000473,A000001143,2025-05-02 08:05:09,purchase,atm,17.02,GBP,failed,restaurant,core_banking
T000000003637,C00000541,A000000030,2025-03-20 22:47:17,purchase,atm,35.14,GBP,completed,travel,cards
T000000003638,C00000500,A000001238,2025-03-20 18:38:23,purchase,atm,22.24,GBP,completed,utilities,core_banking
T000000003639,C00000083,A000001096,2025-01-17 03:03:51,direct_debit,web,64.34,GBP,completed,grocery,mobile
T000000003640,C00000620,A000000576,2026-09-12 02:17:31,purchase,api,51.7,GBP,completed,retail,cards
T000000003641,C00000722,A000000855,2025-08-23 03:02:21,purchase,mobile,20.24,GBP,completed,other,core_banking
T000000003642,C00000928,A000001196,2026-02-25 17:46:07,cash_withdrawal,mobile,49.52,GBP,completed,other,payments
T000000003643,C00000930,A000001315,2026-09-20 03:26:11,purchase,branch,19.43,GBP,completed,utilities,core_banking
T000000003644,C00000492,A000000799,2026-08-22 06:46:44,purchase,mobile,48.44,GBP,completed,retail,core_banking
T000000003645,C00000959,A000000060,2025-07-24 10:25:34,purchase,web,49.15,EUR,completed,other,core_banking
T000000003646,C00000529,A000000897,2025-11-10 03:15:19,direct_debit,web,361.26,GBP,completed,retail,core_banking
T000000003647,C00000643,A000000987,2025-10-23 07:55:49,transfer,mobile,21.05,GBP,completed,restaurant,core_banking
T000000003648,C00000602,A000000086,2025-01-22 16:16:35,cash_withdrawal,api,25.83,GBP,completed,utilities,mobile
T000000003649,C00000999,A000001186,2026-05-06 23:19:50,purchase,mobile,15.19,GBP,completed,grocery,cards
T000000003650,C00000738,A000000293,2026-01-03 11:16:31,transfer,mobile,10.13,GBP,pending,restaurant,payments
T000000003651,C00000121,A000001292,2025-08-26 17:55:16,direct_debit,branch,18.55,GBP,completed,other,core_banking
T000000003652,C00000072,A000000799,2025-12-23 12:43:24,purchase,atm,60.24,GBP,completed,restaurant,payments
T000000003653,C00000410,A000000468,2026-04-15 11:11:29,purchase,atm,65.0,USD,failed,utilities,cards
T000000003654,C00000516,A000000086,2025-01-10 12:29:33,purchase,mobile,40.87,GBP,completed,grocery,payments
T000000003655,C00000669,A000000026,2026-02-17 23:00:18,purchase,api,21.96,EUR,completed,grocery,payments
T000000003656,C00000482,A000001076,2026-07-05 01:25:36,purchase,web,17.85,GBP,completed,other,cards
T000000003657,C00000515,A000000547,2026-04-10 12:19:16,refund,atm,11.44,GBP,completed,retail,cards
T000000003658,C00000922,A000001219,2026-02-01 01:13:59,transfer,mobile,16.7,GBP,completed,retail,payments
T000000003659,C00000335,A000000335,2025-02-27 21:00:02,transfer,mobile,7.69,GBP,completed,utilities,core_banking
T000000003660,C00000494,A000001335,2026-04-21 14:25:40,purchase,web,124.68,GBP,failed,other,core_banking
T000000003661,C00000558,A000001366,2026-04-25 01:08:02,transfer,web,206.23,EUR,completed,retail,mobile
T000000003662,C00000469,A000000148,2025-11-12 14:58:21,transfer,mobile,3.92,GBP,completed,utilities,payments
T000000003663,C00000969,A000000939,2026-01-08 10:27:26,direct_debit,web,40.6,EUR,completed,utilities,cards
T000000003664,C00000963,A000001363,2026-01-31 01:07:55,purchase,branch,39.9,GBP,completed,retail,payments
T000000003665,C00000514,A000000469,2025-03-19 23:28:42,cash_withdrawal,web,37.31,GBP,completed,utilities,payments
T000000003666,C00000451,A000000099,2025-06-14 09:04:57,purchase,web,16.08,GBP,failed,travel,cards
T000000003667,C00000589,A000001270,2026-05-22 00:34:15,transfer,mobile,87.68,GBP,completed,retail,core_banking
T000000003668,C00000181,A000000688,2026-09-15 14:42:30,direct_debit,atm,46.11,GBP,completed,retail,cards
T000000003669,C00000426,A000000040,2025-06-22 09:00:25,transfer,web,88.75,GBP,completed,utilities,core_banking
T000000003670,C00000217,A000001219,2025-09-14 15:45:37,cash_withdrawal,web,13.81,EUR,completed,retail,core_banking
T000000003671,C00000145,A000000985,2026-08-08 03:53:47,direct_debit,api,7.01,GBP,completed,retail,mobile
T000000003672,C00000096,A000000102,2025-04-14 19:52:43,direct_debit,branch,47.31,GBP,completed,other,payments
T000000003673,C00000588,A000000376,2025-06-16 10:04:48,purchase,mobile,10.9,GBP,completed,restaurant,payments
T000000003674,C00000001,A000000027,2025-02-05 10:05:51,purchase,branch,90.68,GBP,completed,other,cards
T000000003675,C00000647,A000001385,2025-05-31 19:17:24,transfer,api,3.21,GBP,completed,utilities,core_banking
T000000003676,C00000432,A000000037,2026-02-11 13:09:29,refund,mobile,18.32,GBP,completed,retail,cards
T000000003677,C00000367,A000001154,2025-08-11 00:01:56,transfer,branch,15.69,GBP,completed,retail,payments
T000000003678,C00000770,A000000742,2026-09-21 13:53:07,purchase,mobile,21.14,USD,reversed,other,cards
T000000003679,C00000539,A000000845,2026-07-24 15:30:07,transfer,atm,39.42,USD,reversed,utilities,core_banking
T000000003680,C00000734,A000001177,2026-07-27 07:29:20,purchase,branch,45.42,GBP,completed,other,payments
T000000003681,C00000710,A000001298,2026-04-10 04:20:17,purchase,api,58.66,GBP,completed,other,core_banking
T000000003682,C00000033,A000000185,2026-03-25 01:17:30,purchase,branch,66.2,GBP,completed,other,core_banking
T000000003683,C00000216,A000000026,2025-11-22 20:18:34,purchase,mobile,25.03,GBP,completed,utilities,cards
T000000003684,C00000570,A000000181,2026-09-25 00:06:05,cash_withdrawal,web,274.28,GBP,completed,retail,mobile
T000000003685,C00000976,A000000990,2025-03-02 14:00:10,purchase,api,128.57,GBP,completed,other,core_banking
T000000003686,C00000155,A000000825,2026-04-07 20:04:01,purchase,mobile,21.59,GBP,completed,travel,core_banking
T000000003687,C00000106,A000000122,2025-03-31 08:27:03,transfer,mobile,25.95,GBP,completed,travel,mobile
T000000003688,C00000942,A000000340,2025-08-05 04:48:20,purchase,branch,21.12,GBP,completed,other,mobile
T000000003689,C00000967,A000000779,2025-06-13 17:09:31,purchase,web,43.88,GBP,completed,restaurant,core_banking
T000000003690,C00000168,A000001059,2026-01-20 15:07:34,purchase,mobile,10.8,GBP,completed,utilities,payments
T000000003691,C00000402,A000000498,2026-05-19 00:21:26,purchase,mobile,13.08,GBP,completed,utilities,mobile
T000000003692,C00000627,A000001377,2025-02-20 13:50:56,transfer,mobile,3.08,GBP,completed,retail,core_banking
T000000003693,C00000196,A000001439,2026-01-20 00:00:33,purchase,branch,19.72,GBP,completed,other,payments
T000000003694,C00000327,A000001111,2025-05-22 09:35:28,purchase,web,91.65,GBP,completed,retail,core_banking
T000000003695,C00000396,A000000659,2025-02-19 07:17:50,purchase,web,25.54,GBP,completed,retail,payments
T000000003696,C00000642,A000001272,2025-09-24 20:00:13,purchase,atm,27.09,GBP,completed,grocery,core_banking
T000000003697,C00000309,A000001056,2026-01-07 23:27:16,purchase,mobile,40.13,EUR,completed,grocery,payments
T000000003698,C00000413,A000000754,2025-05-09 16:45:41,purchase,branch,10.46,EUR,completed,travel,payments
T000000003699,C00000290,A000000644,2025-09-07 17:37:34,purchase,web,30.77,GBP,reversed,travel,core_banking
T000000003700,C00000760,A000001207,2026-09-02 00:32:44,purchase,web,76.31,EUR,completed,travel,payments
T000000003701,C00000154,A000000808,2025-08-10 01:32:08,direct_debit,web,41.34,GBP,completed,restaurant,core_banking
T000000003702,C00000231,A000000266,2026-09-29 18:38:26,purchase,branch,83.69,GBP,completed,utilities,core_banking
T000000003703,C00000250,A000001450,2026-06-18 10:16:38,purchase,api,112.99,GBP,completed,grocery,mobile
T000000003704,C00000906,A000000100,2025-08-26 12:10:04,transfer,mobile,60.08,GBP,reversed,utilities,mobile
T000000003705,C00000945,A000001008,2026-01-04 16:36:28,purchase,mobile,14.17,GBP,completed,grocery,payments
T000000003706,C00000501,A000000952,2026-03-30 08:19:42,cash_withdrawal,web,20.88,USD,completed,utilities,payments
T000000003707,C00000157,A000000850,2025-10-24 16:21:51,purchase,web,227.71,GBP,completed,grocery,core_banking
T000000003708,C00000757,A000000076,2025-09-18 17:26:42,transfer,mobile,41.67,GBP,completed,grocery,cards
T000000003709,C00000493,A000000715,2025-07-30 05:46:08,refund,api,36.23,GBP,completed,restaurant,payments
T000000003710,C00000850,A000001295,2025-03-31 16:27:56,purchase,atm,12.15,EUR,completed,grocery,payments
T000000003711,C00000360,A000000348,2025-01-16 04:03:56,purchase,web,27.22,GBP,completed,other,core_banking
T000000003712,C00000999,A000001003,2025-08-04 07:27:14,transfer,web,63.57,USD,completed,retail,core_banking
T000000003713,C00000808,A000001246,2026-05-24 18:43:24,refund,mobile,30.43,GBP,completed,restaurant,payments
T000000003714,C00000224,A000001381,2025-05-30 23:35:34,purchase,web,17.37,GBP,completed,travel,core_banking
T000000003715,C00000726,A000000749,2025-04-25 01:33:04,transfer,web,22.16,GBP,completed,retail,payments
T000000003716,C00000287,A000000456,2025-07-29 15:34:08,purchase,api,104.73,GBP,completed,other,core_banking
T000000003717,C00000350,A000001015,2026-01-18 13:40:27,transfer,web,60.41,GBP,completed,grocery,cards
T000000003718,C00000251,A000000705,2025-05-18 14:32:19,purchase,mobile,52.5,GBP,completed,retail,core_banking
T000000003719,C00000683,A000000910,2025-05-21 18:52:59,transfer,mobile,47.6,GBP,reversed,grocery,payments
T000000003720,C00000263,A000001076,2025-03-13 01:40:37,purchase,mobile,8.65,GBP,completed,retail,mobile
T000000003721,C00000639,A000001030,2025-08-01 17:44:31,transfer,api,39.88,GBP,reversed,other,cards
T000000003722,C00000583,A000000353,2025-05-19 06:42:13,purchase,atm,91.96,GBP,completed,utilities,mobile
T000000003723,C00000751,A000001096,2026-06-16 03:42:11,transfer,atm,22.78,GBP,failed,retail,core_banking
T000000003724,C00000994,A000000786,2026-08-02 10:43:38,cash_withdrawal,atm,83.62,GBP,completed,utilities,core_banking
T000000003725,C00000009,A000001350,2025-08-25 00:38:55,direct_debit,mobile,53.12,GBP,completed,travel,payments
T000000003726,C00000991,A000000957,2025-02-24 15:08:06,refund,branch,71.45,USD,completed,grocery,core_banking
T000000003727,C00000110,A000001294,2025-02-25 13:33:52,transfer,branch,31.61,GBP,completed,utilities,core_banking
T000000003728,C00000527,A000001420,2025-07-27 12:18:22,transfer,mobile,76.01,GBP,failed,restaurant,payments
T000000003729,C00000341,A000001443,2025-10-24 00:44:01,purchase,web,6.44,USD,failed,travel,core_banking
T000000003730,C00000640,A000001080,2025-12-04 18:18:46,direct_debit,branch,31.03,USD,completed,grocery,payments
T000000003731,C00000722,A000000867,2025-07-14 00:50:38,transfer,api,63.35,USD,completed,utilities,cards
T000000003732,C00000860,A000000172,2025-08-15 06:18:05,purchase,mobile,40.9,GBP,completed,retail,core_banking
T000000003733,C00000402,A000000560,2025-07-01 09:30:05,purchase,api,94.67,GBP,completed,other,core_banking
T000000003734,C00000933,A000000690,2025-11-27 16:51:06,cash_withdrawal,api,25.41,USD,completed,retail,core_banking
T000000003735,C00000323,A000001132,2026-03-22 09:47:07,direct_debit,api,16.86,GBP,completed,retail,payments
T000000003736,C00000204,A000000854,2025-01-28 19:35:53,direct_debit,mobile,5.36,GBP,completed,utilities,core_banking
T000000003737,C00000380,A000000637,2025-11-02 22:25:30,transfer,mobile,22.5,USD,pending,other,payments
T000000003738,C00000529,A000000213,2026-02-19 18:21:40,purchase,branch,51.56,EUR,completed,restaurant,core_banking
T000000003739,C00000669,A000001038,2026-03-06 00:56:01,refund,mobile,66.62,GBP,completed,utilities,core_banking
T000000003740,C00000833,A000000627,2025-12-27 18:30:01,transfer,mobile,6.9,GBP,completed,restaurant,cards
T000000003741,C00000225,A000000053,2025-12-02 04:56:55,transfer,atm,102.93,EUR,completed,restaurant,core_banking
T000000003742,C00000304,A000000412,2026-03-12 21:19:27,transfer,mobile,10.77,GBP,completed,utilities,cards
T000000003743,C00000939,A000001276,2025-08-30 23:29:15,transfer,web,26.38,GBP,completed,travel,cards
T000000003744,C00000440,A000000173,2025-12-29 02:01:13,cash_withdrawal,api,16.49,GBP,completed,grocery,core_banking
T000000003745,C00000242,A000000589,2025-07-24 02:22:00,transfer,web,46.44,GBP,completed,utilities,cards
T000000003746,C00000986,A000000743,2025-10-07 16:43:57,direct_debit,api,33.08,GBP,completed,restaurant,mobile
T000000003747,C00000449,A000000122,2025-03-21 03:26:22,direct_debit,web,61.06,USD,reversed,retail,core_banking
T000000003748,C00000986,A000000241,2025-08-12 23:14:53,purchase,mobile,207.68,GBP,completed,retail,cards
T000000003749,C00000920,A000001364,2025-04-01 12:58:00,purchase,mobile,45.5,GBP,completed,retail,core_banking
T000000003750,C00000907,A000000857,2025-05-25 13:46:03,transfer,mobile,16.35,GBP,completed,utilities,payments
T000000003751,C00000582,A000000305,2025-09-26 20:38:49,transfer,mobile,48.62,GBP,completed,restaurant,core_banking
T000000003752,C00000799,A000000247,2025-11-16 05:12:56,transfer,atm,231.0,USD,completed,retail,core_banking
T000000003753,C00000961,A000000618,2026-08-25 13:20:19,direct_debit,api,59.69,GBP,completed,utilities,core_banking
T000000003754,C00000270,A000001050,2025-01-17 23:58:12,purchase,mobile,80.88,USD,completed,retail,payments
T000000003755,C00000038,A000001060,2026-07-29 00:31:46,purchase,mobile,5.62,EUR,completed,travel,core_banking
T000000003756,C00000321,A000000284,2025-07-29 04:11:32,direct_debit,branch,44.98,GBP,completed,restaurant,payments
T000000003757,C00000637,A000001053,2026-04-08 03:30:21,direct_debit,web,22.61,GBP,reversed,utilities,core_banking
T000000003758,C00000548,A000001300,2026-03-10 08:03:12,purchase,mobile,14.67,USD,completed,utilities,mobile
T000000003759,C00000081,A000000329,2026-09-13 03:07:05,purchase,mobile,29.27,GBP,completed,travel,mobile
T000000003760,C00000561,A000000039,2025-03-11 04:07:46,purchase,mobile,33.58,EUR,completed,other,payments
T000000003761,C00000175,A000001391,2026-09-11 20:27:51,transfer,web,15.56,GBP,completed,restaurant,payments
T000000003762,C00000506,A000000757,2025-02-10 11:08:53,transfer,mobile,36.52,GBP,completed,restaurant,cards
T000000003763,C00000576,A000001126,2026-07-15 08:35:35,purchase,atm,24.97,GBP,completed,restaurant,payments
T000000003764,C00000637,A000000465,2026-02-21 10:03:10,purchase,mobile,62.65,GBP,completed,retail,core_banking
T000000003765,C00000413,A000000434,2025-11-04 23:17:42,transfer,web,38.05,GBP,completed,utilities,payments
T000000003766,C00000409,A000000327,2025-09-12 11:47:23,transfer,web,44.47,GBP,completed,travel,cards
T000000003767,C00000679,A000000315,2025-03-01 11:15:17,transfer,mobile,83.79,GBP,completed,restaurant,payments
T000000003768,C00000750,A000000684,2026-05-28 22:16:17,purchase,api,53.66,GBP,completed,grocery,cards
T000000003769,C00000808,A000000154,2026-04-11 00:53:41,purchase,branch,29.77,GBP,completed,utilities,cards
T000000003770,C00000334,A000001221,2026-08-22 11:28:47,purchase,atm,3.35,USD,reversed,travel,core_banking
T000000003771,C00000425,A000000742,2026-04-12 17:57:26,refund,web,51.39,EUR,completed,utilities,core_banking
T000000003772,C00000331,A000001328,2026-09-04 12:21:03,purchase,web,11.5,GBP,completed,travel,core_banking
T000000003773,C00000528,A000000729,2026-07-21 20:50:14,transfer,mobile,27.37,USD,completed,other,payments
T000000003774,C00000128,A000000440,2025-09-29 21:16:49,transfer,web,44.24,GBP,completed,grocery,core_banking
T000000003775,C00000431,A000000747,2026-03-26 08:04:13,direct_debit,web,121.47,GBP,completed,restaurant,mobile
T000000003776,C00000189,A000000224,2025-06-18 19:37:34,purchase,web,207.36,GBP,completed,restaurant,payments
T000000003777,C00000533,A000001195,2026-05-24 05:51:19,purchase,mobile,11.39,EUR,completed,other,payments
T000000003778,C00000851,A000001045,2026-01-24 05:45:11,direct_debit,mobile,7.53,GBP,completed,travel,mobile
T000000003779,C00000986,A000000214,2025-10-09 23:27:33,purchase,mobile,42.18,EUR,completed,restaurant,core_banking
T000000003780,C00000447,A000000844,2026-02-06 00:18:36,transfer,mobile,38.65,GBP,completed,grocery,payments
T000000003781,C00000057,A000000781,2025-06-27 08:28:31,purchase,web,8.48,GBP,completed,restaurant,core_banking
T000000003782,C00000228,A000000292,2026-02-02 15:06:28,refund,api,29.45,GBP,completed,retail,core_banking
T000000003783,C00000105,A000000178,2025-10-31 09:55:27,cash_withdrawal,mobile,56.12,GBP,completed,restaurant,core_banking
T000000003784,C00000760,A000001103,2025-07-25 20:16:35,purchase,mobile,8.23,GBP,completed,restaurant,core_banking
T000000003785,C00000985,A000000383,2026-09-16 06:02:17,direct_debit,mobile,10.55,EUR,completed,retail,core_banking
T000000003786,C00000554,A000000753,2025-02-10 13:16:06,cash_withdrawal,mobile,15.24,GBP,completed,retail,core_banking
T000000003787,C00000177,A000000360,2026-04-30 03:00:15,transfer,branch,23.98,GBP,completed,restaurant,mobile
T000000003788,C00000022,A000000948,2025-05-15 05:04:05,purchase,mobile,62.1,GBP,completed,other,core_banking
T000000003789,C00000977,A000000072,2025-05-23 04:09:55,purchase,api,21.27,GBP,completed,retail,mobile
T000000003790,C00000317,A000000522,2025-04-09 17:47:33,transfer,atm,31.76,EUR,completed,other,payments
T000000003791,C00000113,A000000794,2025-03-07 04:51:53,purchase,web,316.87,GBP,completed,retail,payments
T000000003792,C00000178,A000000637,2025-03-21 16:04:08,direct_debit,api,10.98,GBP,pending,other,payments
T000000003793,C00000256,A000000888,2026-06-17 08:17:42,purchase,branch,15.09,GBP,completed,utilities,mobile
T000000003794,C00000656,A000000262,2026-08-15 13:33:38,transfer,api,61.07,GBP,completed,restaurant,core_banking
T000000003795,C00000892,A000000641,2026-01-09 20:58:24,purchase,mobile,84.56,GBP,completed,restaurant,cards
T000000003796,C00000276,A000001097,2025-01-09 20:43:12,transfer,api,46.32,GBP,completed,restaurant,core_banking
T000000003797,C00000688,A000000484,2026-07-07 00:16:10,purchase,mobile,200.22,GBP,completed,other,core_banking
T000000003798,C00000065,A000000228,2026-01-20 18:49:18,purchase,mobile,41.82,GBP,completed,retail,core_banking
T000000003799,C00000011,A000001230,2025-11-29 22:56:07,purchase,api,3.76,GBP,completed,restaurant,cards
T000000003800,C00000055,A000001129,2026-08-29 16:01:51,transfer,web,33.18,GBP,failed,restaurant,mobile
T000000003801,C00000924,A000000987,2025-09-19 04:29:35,purchase,mobile,16.45,GBP,completed,utilities,core_banking
T000000003802,C00000582,A000001158,2025-08-19 15:57:15,cash_withdrawal,mobile,128.12,GBP,completed,travel,mobile
T000000003803,C00000806,A000001130,2026-05-14 15:16:02,purchase,mobile,82.5,GBP,completed,retail,core_banking
T000000003804,C00000022,A000001083,2025-12-03 15:53:34,transfer,mobile,5.65,GBP,failed,travel,cards
T000000003805,C00000023,A000000739,2026-04-04 10:17:30,transfer,web,123.7,GBP,completed,grocery,core_banking
T000000003806,C00000849,A000000029,2026-03-21 12:36:14,purchase,web,80.35,GBP,pending,other,mobile
T000000003807,C00000103,A000000866,2026-06-21 15:38:40,purchase,atm,21.31,EUR,completed,restaurant,cards
T000000003808,C00000156,A000000397,2025-07-22 11:08:02,purchase,mobile,27.6,GBP,completed,utilities,core_banking
T000000003809,C00000519,A000001122,2025-02-16 18:33:56,transfer,atm,129.25,GBP,completed,retail,mobile
T000000003810,C00000607,A000000680,2025-11-02 17:01:49,refund,web,3.78,GBP,completed,grocery,core_banking
T000000003811,C00000229,A000001313,2026-02-18 07:16:29,purchase,atm,47.83,GBP,completed,retail,mobile
T000000003812,C00000445,A000000864,2026-06-07 14:39:06,cash_withdrawal,atm,94.45,EUR,completed,travel,core_banking
T000000003813,C00000675,A000000799,2025-06-20 18:09:23,cash_withdrawal,api,27.3,GBP,completed,utilities,core_banking
T000000003814,C00000443,A000001333,2026-04-22 11:45:34,transfer,mobile,59.16,GBP,completed,retail,core_banking
T000000003815,C00000383,A000000689,2026-06-16 17:09:36,transfer,web,33.39,GBP,completed,other,payments
T000000003816,C00000072,A000000545,2026-06-01 03:02:23,refund,api,13.15,GBP,completed,other,payments
T000000003817,C00000452,A000000539,2026-06-01 09:16:11,transfer,branch,12.81,GBP,completed,utilities,cards
T000000003818,C00000803,A000001269,2026-09-23 16:50:46,direct_debit,mobile,63.28,GBP,completed,other,core_banking
T000000003819,C00000627,A000001097,2026-02-27 21:28:57,purchase,branch,15.37,GBP,completed,travel,core_banking
T000000003820,C00000894,A000000237,2025-08-25 15:30:14,direct_debit,atm,6.04,GBP,failed,grocery,cards
T000000003821,C00000127,A000000715,2025-10-06 15:55:41,refund,mobile,34.07,GBP,completed,utilities,core_banking
T000000003822,C00000012,A000000539,2026-04-23 08:12:50,direct_debit,branch,17.48,GBP,completed,grocery,core_banking
T000000003823,C00000549,A000000938,2025-06-01 16:49:20,purchase,atm,8.51,GBP,completed,other,cards
T000000003824,C00000179,A000000076,2026-01-21 08:33:06,direct_debit,web,32.31,GBP,completed,grocery,cards
T000000003825,C00000594,A000001036,2026-01-01 01:14:57,purchase,mobile,67.06,EUR,completed,other,cards
T000000003826,C00000904,A000001077,2026-03-02 05:55:16,transfer,web,30.6,GBP,completed,restaurant,core_banking
T000000003827,C00000338,A000000329,2025-09-27 14:40:08,purchase,web,9.78,GBP,completed,travel,mobile
T000000003828,C00000550,A000000219,2026-04-18 23:05:09,transfer,web,49.69,GBP,completed,utilities,payments
T000000003829,C00000682,A000000910,2025-02-15 11:53:56,purchase,branch,88.85,GBP,completed,utilities,payments
T000000003830,C00000151,A000000373,2026-04-25 20:38:41,purchase,web,306.03,GBP,completed,restaurant,payments
T000000003831,C00000898,A000001366,2026-06-03 18:40:20,purchase,atm,136.17,GBP,completed,retail,cards
T000000003832,C00000203,A000001125,2026-07-20 13:27:54,purchase,atm,10.43,GBP,completed,utilities,mobile
T000000003833,C00000809,A000001385,2026-08-13 19:18:12,purchase,atm,73.77,GBP,completed,retail,core_banking
T000000003834,C00000660,A000000776,2025-08-12 09:38:22,direct_debit,web,39.23,GBP,completed,grocery,core_banking
T000000003835,C00000141,A000001361,2025-01-30 10:37:30,cash_withdrawal,mobile,8.94,GBP,completed,restaurant,payments
T000000003836,C00000725,A000000021,2026-02-22 17:41:01,cash_withdrawal,branch,40.37,GBP,completed,travel,payments
T000000003837,C00000197,A000000421,2025-02-27 15:19:59,direct_debit,mobile,224.67,GBP,completed,travel,core_banking
T000000003838,C00000600,A000000004,2025-06-29 12:39:55,purchase,web,105.18,EUR,completed,travel,payments
T000000003839,C00000960,A000000983,2026-03-25 10:23:48,transfer,mobile,10.34,GBP,completed,utilities,cards
T000000003840,C00000954,A000000741,2026-01-15 23:25:13,transfer,web,30.4,GBP,completed,restaurant,core_banking
T000000003841,C00000872,A000000418,2026-01-23 01:34:35,purchase,branch,50.21,USD,completed,restaurant,mobile
T000000003842,C00000495,A000000443,2026-04-26 01:19:22,transfer,web,4.87,GBP,completed,utilities,cards
T000000003843,C00000560,A000000934,2025-04-16 11:29:48,cash_withdrawal,web,5.05,GBP,completed,retail,payments
T000000003844,C00000301,A000000262,2026-05-21 00:49:22,transfer,mobile,35.25,GBP,completed,other,payments
T000000003845,C00000921,A000000747,2026-01-10 08:10:54,cash_withdrawal,mobile,35.73,GBP,completed,retail,core_banking
T000000003846,C00000478,A000000890,2025-09-26 13:38:47,purchase,web,4.35,GBP,reversed,grocery,payments
T000000003847,C00000772,A000000348,2025-10-24 09:43:25,cash_withdrawal,atm,45.03,GBP,completed,restaurant,core_banking
T000000003848,C00000360,A000000332,2025-11-22 04:52:43,purchase,api,93.81,GBP,completed,other,payments
T000000003849,C00000741,A000000514,2025-12-18 06:49:59,direct_debit,api,23.83,GBP,completed,travel,payments
T000000003850,C00000225,A000000859,2025-08-02 14:30:11,purchase,mobile,31.91,GBP,completed,travel,payments
T000000003851,C00000734,A000000369,2025-05-23 22:50:01,transfer,mobile,54.6,GBP,completed,retail,mobile
T000000003852,C00000046,A000000550,2025-04-19 18:45:14,transfer,web,47.51,GBP,reversed,retail,cards
T000000003853,C00000105,A000000788,2025-08-06 13:08:15,purchase,branch,5.2,GBP,completed,travel,core_banking
T000000003854,C00000353,A000000271,2025-06-16 03:18:52,purchase,branch,11.58,GBP,completed,grocery,cards
T000000003855,C00000483,A000000825,2025-11-26 05:49:25,purchase,atm,19.77,EUR,completed,travel,payments
T000000003856,C00000712,A000000201,2026-08-06 10:34:28,transfer,web,12.14,EUR,completed,travel,core_banking
T000000003857,C00000360,A000000207,2025-03-11 05:55:13,direct_debit,web,139.81,GBP,completed,travel,core_banking
T000000003858,C00000019,A000000344,2025-07-17 16:31:40,purchase,api,58.33,GBP,completed,travel,cards
T000000003859,C00000326,A000000416,2025-02-01 08:47:19,transfer,mobile,9.34,GBP,failed,other,payments
T000000003860,C00000440,A000000044,2026-09-15 20:00:45,direct_debit,atm,23.93,GBP,completed,travel,cards
T000000003861,C00000544,A000001395,2026-03-24 06:27:24,transfer,branch,98.19,GBP,completed,restaurant,payments
T000000003862,C00000645,A000000447,2025-06-04 11:54:44,direct_debit,mobile,15.2,GBP,completed,utilities,cards
T000000003863,C00000248,A000001167,2025-09-22 17:08:49,purchase,api,73.27,EUR,completed,retail,mobile
T000000003864,C00000611,A000001308,2026-04-08 04:56:51,purchase,atm,128.04,GBP,failed,restaurant,payments
T000000003865,C00000632,A000001161,2026-09-04 18:16:28,purchase,atm,107.44,GBP,completed,grocery,core_banking
T000000003866,C00000777,A000001206,2026-01-02 14:03:33,purchase,mobile,36.21,GBP,completed,restaurant,core_banking
T000000003867,C00000523,A000000146,2025-06-23 15:32:37,transfer,mobile,111.45,GBP,completed,retail,mobile
T000000003868,C00000811,A000000540,2026-03-22 10:54:30,direct_debit,branch,17.32,GBP,completed,restaurant,mobile
T000000003869,C00000222,A000001082,2026-03-15 22:26:32,purchase,mobile,407.55,GBP,completed,other,core_banking
T000000003870,C00000712,A000000835,2026-02-16 18:31:34,direct_debit,mobile,38.59,EUR,completed,restaurant,payments
T000000003871,C00000046,A000000009,2025-01-30 04:36:33,purchase,web,99.9,GBP,completed,grocery,mobile
T000000003872,C00000103,A000000823,2026-03-28 13:20:01,purchase,mobile,20.49,EUR,completed,other,core_banking
T000000003873,C00000865,A000001167,2025-01-13 21:40:43,direct_debit,branch,50.62,GBP,completed,restaurant,cards
T000000003874,C00000476,A000001202,2026-08-02 06:42:22,direct_debit,web,53.02,GBP,completed,grocery,payments
T000000003875,C00000621,A000000557,2026-07-18 12:52:29,transfer,mobile,11.3,EUR,completed,travel,core_banking
T000000003876,C00000604,A000000343,2025-12-27 18:06:19,purchase,web,10.95,GBP,completed,other,payments
T000000003877,C00000695,A000000449,2026-02-17 06:33:33,purchase,mobile,24.17,EUR,completed,other,core_banking
T000000003878,C00000246,A000000430,2025-02-13 12:25:33,purchase,mobile,95.64,USD,completed,retail,cards
T000000003879,C00000179,A000000503,2026-07-13 13:16:16,cash_withdrawal,web,4.38,GBP,completed,other,core_banking
T000000003880,C00000043,A000000438,2025-06-23 04:15:40,purchase,web,20.47,GBP,completed,retail,payments
T000000003881,C00000865,A000000663,2025-06-17 04:15:45,cash_withdrawal,mobile,118.55,GBP,failed,other,core_banking
T000000003882,C00000224,A000000060,2026-03-29 13:30:49,purchase,branch,8.22,GBP,completed,utilities,cards
T000000003883,C00000576,A000000400,2026-08-23 04:17:27,transfer,web,111.79,EUR,completed,utilities,core_banking
T000000003884,C00000455,A000000457,2025-11-12 22:45:34,purchase,web,9.17,GBP,completed,grocery,core_banking
T000000003885,C00000163,A000000223,2025-11-21 12:34:14,transfer,mobile,11.45,GBP,completed,other,payments
T000000003886,C00000414,A000001273,2025-12-17 16:55:56,transfer,branch,25.67,GBP,completed,travel,core_banking
T000000003887,C00000084,A000000980,2025-07-06 09:31:31,refund,web,214.25,GBP,completed,travel,core_banking
T000000003888,C00000177,A000001323,2026-01-17 07:10:16,direct_debit,mobile,15.3,GBP,completed,retail,core_banking
T000000003889,C00000140,A000000815,2026-09-07 11:40:33,cash_withdrawal,branch,4.86,GBP,completed,restaurant,cards
T000000003890,C00000825,A000000159,2025-09-02 17:03:39,purchase,atm,6.88,GBP,completed,restaurant,core_banking
T000000003891,C00000568,A000001312,2026-05-10 09:32:29,direct_debit,mobile,79.72,GBP,completed,utilities,cards
T000000003892,C00000926,A000000665,2026-05-10 06:46:57,direct_debit,web,7.22,GBP,completed,other,payments
T000000003893,C00000436,A000000993,2026-06-28 03:27:19,direct_debit,atm,104.31,GBP,completed,restaurant,core_banking
T000000003894,C00000202,A000000553,2026-04-08 13:01:28,transfer,mobile,32.24,GBP,completed,grocery,core_banking
T000000003895,C00000609,A000000717,2026-08-12 16:18:44,purchase,api,28.97,GBP,completed,restaurant,core_banking
T000000003896,C00000930,A000000710,2026-04-02 12:38:17,cash_withdrawal,web,40.94,EUR,completed,travel,payments
T000000003897,C00000533,A000000413,2026-09-16 06:07:02,purchase,atm,12.92,GBP,completed,utilities,core_banking
T000000003898,C00000018,A000000805,2026-04-03 05:56:14,purchase,api,34.63,GBP,completed,utilities,payments
T000000003899,C00000304,A000001064,2026-06-19 09:02:57,purchase,api,8.56,GBP,completed,retail,mobile
T000000003900,C00000925,A000000030,2026-07-23 08:20:56,transfer,web,123.51,GBP,completed,retail,core_banking
T000000003901,C00000519,A000000190,2026-09-21 04:53:25,purchase,branch,10.19,GBP,completed,travel,core_banking
T000000003902,C00000952,A000001222,2026-01-16 22:36:44,transfer,mobile,47.5,GBP,completed,travel,payments
T000000003903,C00000510,A000000826,2026-03-30 07:54:50,transfer,mobile,10.11,GBP,completed,other,mobile
T000000003904,C00000013,A000001412,2026-09-10 06:00:51,transfer,atm,17.12,EUR,failed,retail,core_banking
T000000003905,C00000874,A000000877,2025-08-31 14:33:34,purchase,web,20.24,GBP,failed,retail,cards
T000000003906,C00000764,A000000948,2025-03-18 19:13:28,direct_debit,atm,685.68,EUR,completed,restaurant,payments
T000000003907,C00000716,A000001304,2026-07-20 11:09:09,purchase,mobile,29.51,GBP,completed,travel,core_banking
T000000003908,C00000971,A000000958,2026-02-08 16:01:00,purchase,mobile,12.65,EUR,completed,travel,cards
T000000003909,C00000197,A000000478,2025-10-01 02:16:48,transfer,mobile,18.79,GBP,completed,travel,cards
T000000003910,C00000906,A000000766,2026-04-04 12:46:59,purchase,web,6.17,GBP,completed,grocery,mobile
T000000003911,C00000233,A000000342,2025-01-21 01:35:53,transfer,mobile,25.26,EUR,completed,retail,cards
T000000003912,C00000971,A000000485,2025-11-01 03:18:01,purchase,mobile,209.27,EUR,completed,grocery,cards
T000000003913,C00000192,A000000987,2025-06-19 14:12:28,direct_debit,api,42.64,EUR,completed,retail,cards
T000000003914,C00000551,A000000217,2025-07-04 04:54:34,purchase,atm,77.37,USD,completed,utilities,core_banking
T000000003915,C00000790,A000000975,2026-09-12 00:52:40,refund,atm,11.53,GBP,completed,travel,cards
T000000003916,C00000079,A000000847,2025-12-18 04:17:43,transfer,mobile,24.2,GBP,completed,travel,core_banking
T000000003917,C00000067,A000000448,2025-03-31 18:32:51,purchase,web,37.12,EUR,completed,utilities,cards
T000000003918,C00000850,A000000066,2025-08-22 14:04:59,transfer,branch,13.99,GBP,completed,utilities,cards
T000000003919,C00000061,A000001022,2025-06-05 09:09:47,purchase,mobile,45.6,EUR,completed,restaurant,payments
T000000003920,C00000614,A000001196,2026-08-04 23:21:40,refund,web,57.18,EUR,completed,other,payments
T000000003921,C00000939,A000001059,2025-07-06 09:15:29,cash_withdrawal,api,52.98,GBP,completed,travel,core_banking
T000000003922,C00000615,A000000611,2025-08-16 21:03:13,transfer,mobile,25.57,GBP,completed,travel,cards
T000000003923,C00000482,A000000948,2025-08-02 08:16:44,purchase,api,94.2,GBP,reversed,utilities,core_banking
T000000003924,C00000418,A000000602,2025-04-23 00:36:21,refund,mobile,22.86,USD,completed,travel,core_banking
T000000003925,C00000639,A000000520,2026-05-14 02:38:45,transfer,mobile,20.77,GBP,completed,restaurant,core_banking
T000000003926,C00000572,A000000475,2026-01-04 06:34:09,transfer,mobile,136.13,GBP,completed,grocery,core_banking
T000000003927,C00000502,A000000306,2025-10-07 04:28:39,purchase,api,9.37,GBP,completed,retail,payments
T000000003928,C00000154,A000001406,2025-09-11 03:46:27,purchase,web,5.01,EUR,completed,other,mobile
T000000003929,C00000663,A000000967,2026-03-03 09:12:01,cash_withdrawal,atm,12.05,GBP,completed,restaurant,cards
T000000003930,C00000740,A000000254,2025-03-03 23:24:58,transfer,web,45.0,GBP,completed,utilities,core_banking
T000000003931,C00000709,A000001255,2026-08-19 04:48:43,direct_debit,atm,115.33,GBP,completed,grocery,core_banking
T000000003932,C00000076,A000000220,2025-12-27 05:39:16,transfer,web,14.98,GBP,completed,restaurant,core_banking
T000000003933,C00000703,A000000861,2025-05-26 23:53:06,transfer,web,201.46,EUR,completed,retail,payments
T000000003934,C00000730,A000000241,2025-12-10 04:49:53,transfer,atm,30.83,GBP,completed,other,core_banking
T000000003935,C00000184,A000000524,2026-06-29 19:55:29,cash_withdrawal,atm,26.54,GBP,failed,restaurant,payments
T000000003936,C00000849,A000000955,2025-04-21 14:54:03,purchase,branch,12.28,GBP,completed,other,core_banking
T000000003937,C00000524,A000001449,2025-12-01 22:15:51,direct_debit,mobile,232.51,GBP,completed,grocery,cards
T000000003938,C00000473,A000001439,2026-01-17 13:20:54,purchase,atm,25.59,GBP,completed,other,payments
T000000003939,C00000723,A000001299,2026-06-02 14:14:36,cash_withdrawal,mobile,7.4,GBP,completed,restaurant,core_banking
T000000003940,C00000510,A000000342,2025-12-29 05:25:13,direct_debit,api,395.66,GBP,completed,travel,payments
T000000003941,C00000545,A000000136,2026-04-16 13:47:53,cash_withdrawal,web,45.3,GBP,completed,other,payments
T000000003942,C00000313,A000001314,2026-05-10 16:05:19,purchase,mobile,69.32,GBP,pending,utilities,core_banking
T000000003943,C00000928,A000001339,2026-07-24 23:41:04,cash_withdrawal,mobile,175.15,EUR,completed,utilities,core_banking
T000000003944,C00000970,A000000404,2025-08-20 02:19:41,purchase,web,57.12,GBP,completed,other,cards
T000000003945,C00000131,A000000028,2026-03-26 03:45:42,purchase,web,83.4,GBP,completed,utilities,mobile
T000000003946,C00000734,A000000940,2025-06-08 00:27:53,direct_debit,atm,31.72,GBP,completed,utilities,mobile
T000000003947,C00000024,A000000111,2026-06-24 18:58:14,direct_debit,branch,64.74,USD,completed,other,core_banking
T000000003948,C00000369,A000000059,2026-08-31 01:58:40,purchase,mobile,28.91,GBP,failed,restaurant,payments
T000000003949,C00000970,A000001359,2025-07-08 21:58:17,refund,web,29.33,GBP,completed,utilities,payments
T000000003950,C00000175,A000000719,2025-12-25 08:45:24,purchase,atm,33.98,GBP,completed,other,payments
T000000003951,C00000377,A000000163,2026-06-10 06:55:13,direct_debit,api,19.75,GBP,completed,other,core_banking
T000000003952,C00000220,A000000950,2025-01-18 23:24:01,cash_withdrawal,web,50.89,USD,completed,utilities,mobile
T000000003953,C00000729,A000000536,2026-03-27 17:17:19,direct_debit,api,50.75,GBP,completed,grocery,payments
T000000003954,C00000464,A000000778,2026-06-09 13:08:02,direct_debit,mobile,70.8,GBP,completed,restaurant,cards
T000000003955,C00000594,A000001304,2026-07-11 21:20:06,refund,branch,58.65,EUR,completed,travel,core_banking
T000000003956,C00000943,A000000345,2025-05-06 18:06:48,transfer,atm,244.7,GBP,completed,utilities,core_banking
T000000003957,C00000522,A000000938,2026-04-29 15:17:57,purchase,web,90.49,GBP,failed,retail,core_banking
T000000003958,C00000735,A000001202,2026-05-18 07:42:57,purchase,mobile,24.1,GBP,completed,retail,payments
T000000003959,C00000098,A000000615,2025-01-02 23:39:59,cash_withdrawal,branch,48.22,GBP,completed,other,payments
T000000003960,C00000216,A000001407,2026-03-27 17:15:50,purchase,mobile,132.07,USD,failed,travel,mobile
T000000003961,C00000947,A000000651,2026-02-05 22:41:41,direct_debit,mobile,11.05,EUR,completed,grocery,core_banking
T000000003962,C00000860,A000000666,2026-09-12 23:11:18,purchase,mobile,248.38,GBP,completed,utilities,mobile
T000000003963,C00000657,A000001283,2025-01-28 13:10:56,direct_debit,atm,13.28,EUR,completed,utilities,payments
T000000003964,C00000379,A000000923,2026-09-10 08:35:10,transfer,mobile,77.11,GBP,completed,other,core_banking
T000000003965,C00000200,A000001260,2026-01-01 22:43:56,direct_debit,web,30.17,GBP,completed,grocery,core_banking
T000000003966,C00000852,A000001147,2025-06-25 23:58:38,refund,api,28.4,GBP,completed,other,payments
T000000003967,C00000786,A000001033,2025-09-05 02:55:37,purchase,atm,7.63,EUR,failed,other,cards
T000000003968,C00000242,A000000351,2026-05-05 15:19:18,cash_withdrawal,web,77.7,GBP,completed,travel,core_banking
T000000003969,C00000590,A000000579,2026-09-29 14:27:30,purchase,web,7.75,GBP,pending,restaurant,payments
T000000003970,C00000619,A000001254,2025-07-22 17:57:58,direct_debit,mobile,6.59,GBP,completed,other,core_banking
T000000003971,C00000478,A000000894,2026-09-21 23:24:36,direct_debit,web,101.26,GBP,completed,grocery,cards
T000000003972,C00000927,A000000407,2026-02-07 06:03:07,purchase,mobile,196.19,GBP,completed,grocery,mobile
T000000003973,C00000125,A000000475,2025-05-03 23:25:03,purchase,mobile,14.87,GBP,completed,utilities,core_banking
T000000003974,C00000258,A000001125,2026-01-17 15:26:03,purchase,mobile,85.91,EUR,completed,utilities,core_banking
T000000003975,C00000096,A000000259,2026-05-28 01:58:48,purchase,web,69.16,USD,completed,other,cards
T000000003976,C00000693,A000000163,2025-02-04 12:15:50,direct_debit,mobile,27.22,GBP,completed,other,payments
T000000003977,C00000645,A000001110,2025-02-20 03:12:11,purchase,mobile,121.83,USD,completed,grocery,core_banking
T000000003978,C00000988,A000000419,2025-01-04 22:57:13,refund,atm,25.23,EUR,completed,other,cards
T000000003979,C00000543,A000001110,2025-12-31 18:19:01,refund,mobile,51.59,EUR,completed,other,cards
T000000003980,C00000151,A000000774,2025-02-06 21:42:43,direct_debit,branch,8.03,GBP,completed,utilities,payments
T000000003981,C00000451,A000001447,2026-08-19 14:27:38,transfer,web,8.4,EUR,failed,retail,payments
T000000003982,C00000089,A000000762,2025-03-23 09:31:12,purchase,web,102.26,GBP,completed,utilities,core_banking
T000000003983,C00000671,A000001258,2025-02-15 10:16:50,direct_debit,mobile,53.45,GBP,completed,utilities,core_banking
T000000003984,C00000675,A000001234,2025-06-14 22:43:29,cash_withdrawal,mobile,25.8,GBP,completed,retail,core_banking
T000000003985,C00000858,A000000308,2026-05-03 03:38:15,refund,atm,222.12,GBP,completed,grocery,core_banking
T000000003986,C00000340,A000001445,2026-08-03 21:14:07,purchase,web,219.68,EUR,completed,restaurant,core_banking
T000000003987,C00000311,A000001082,2025-06-10 10:07:41,purchase,mobile,47.52,GBP,completed,travel,payments
T000000003988,C00000072,A000000156,2025-11-28 14:10:09,refund,mobile,6.5,GBP,completed,travel,payments
T000000003989,C00000416,A000000009,2026-05-10 16:00:27,direct_debit,web,26.65,GBP,completed,retail,core_banking
T000000003990,C00000476,A000000394,2026-05-25 01:58:14,purchase,mobile,12.5,EUR,completed,grocery,payments
T000000003991,C00000755,A000000024,2025-04-08 03:34:06,cash_withdrawal,web,32.92,GBP,completed,retail,cards
T000000003992,C00000754,A000000519,2026-06-20 03:51:32,purchase,web,11.21,EUR,completed,other,payments
T000000003993,C00000141,A000001445,2026-07-09 18:41:17,transfer,web,8.53,GBP,completed,restaurant,payments
T000000003994,C00000286,A000000695,2026-04-15 01:50:41,purchase,atm,2.79,GBP,failed,grocery,core_banking
T000000003995,C00000512,A000000035,2025-12-03 14:39:41,purchase,web,35.72,GBP,completed,travel,cards
T000000003996,C00000336,A000000717,2025-09-08 02:35:30,purchase,api,2.68,USD,completed,utilities,core_banking
T000000003997,C00000026,A000000318,2026-07-23 18:25:39,purchase,web,21.41,USD,completed,other,mobile
T000000003998,C00000846,A000001242,2026-07-07 23:26:48,transfer,web,62.12,GBP,completed,retail,core_banking
T000000003999,C00000732,A000000132,2025-11-28 09:56:11,purchase,branch,14.04,GBP,completed,other,cards
T000000004000,C00000521,A000001118,2026-04-20 05:05:31,transfer,branch,9.59,GBP,completed,grocery,core_banking
T000000004001,C00000318,A000000647,2025-09-13 10:40:38,transfer,mobile,27.9,GBP,completed,other,core_banking
T000000004002,C00000843,A000000028,2026-04-20 16:34:49,cash_withdrawal,api,12.55,GBP,completed,grocery,core_banking
T000000004003,C00000036,A000000977,2025-02-27 17:27:23,transfer,api,36.41,GBP,completed,restaurant,payments
T000000004004,C00000447,A000000660,2026-07-31 15:16:36,purchase,mobile,10.13,GBP,failed,grocery,core_banking
T000000004005,C00000801,A000001119,2025-11-26 13:58:04,purchase,web,26.85,USD,completed,other,core_banking
T000000004006,C00000953,A000000897,2026-01-18 15:08:50,direct_debit,atm,20.83,GBP,completed,travel,core_banking
T000000004007,C00000252,A000001142,2025-05-02 05:12:58,direct_debit,api,29.6,GBP,completed,retail,core_banking
T000000004008,C00000651,A000000668,2025-12-04 04:57:39,refund,web,166.82,GBP,completed,utilities,core_banking
T000000004009,C00000190,A000000012,2025-01-03 22:20:27,refund,mobile,36.96,GBP,failed,grocery,cards
T000000004010,C00000116,A000000190,2026-07-23 13:54:15,transfer,branch,50.89,GBP,completed,utilities,core_banking
T000000004011,C00000354,A000000666,2026-04-24 20:40:06,direct_debit,mobile,15.55,USD,completed,travel,mobile
T000000004012,C00000886,A000000577,2025-10-18 15:00:46,purchase,branch,37.88,GBP,completed,retail,cards
T000000004013,C00000690,A000001152,2026-06-19 10:55:35,cash_withdrawal,web,22.45,GBP,completed,travel,core_banking
T000000004014,C00000490,A000000597,2026-06-03 13:41:23,refund,branch,30.91,GBP,completed,other,payments
T000000004015,C00000283,A000001248,2025-03-18 16:36:03,direct_debit,mobile,59.23,GBP,completed,retail,core_banking
T000000004016,C00000142,A000000273,2025-02-04 04:28:04,purchase,web,17.72,GBP,completed,restaurant,payments
T000000004017,C00000271,A000000559,2025-06-12 11:05:26,purchase,branch,19.73,USD,completed,grocery,core_banking
T000000004018,C00000153,A000001097,2025-01-01 17:21:12,purchase,mobile,17.98,GBP,completed,restaurant,core_banking
T000000004019,C00000188,A000000180,2026-01-02 02:05:20,purchase,mobile,17.62,EUR,completed,retail,mobile
T000000004020,C00000688,A000000467,2025-12-04 01:45:28,direct_debit,mobile,35.94,GBP,completed,utilities,cards
T000000004021,C00000133,A000001091,2025-12-10 03:50:31,cash_withdrawal,atm,20.45,EUR,failed,other,payments
T000000004022,C00000048,A000000855,2025-02-17 14:11:19,purchase,web,144.44,EUR,completed,restaurant,core_banking
T000000004023,C00000543,A000001129,2026-08-10 05:43:20,cash_withdrawal,branch,499.26,GBP,completed,retail,cards
T000000004024,C00000287,A000000748,2026-09-17 10:28:12,purchase,web,16.5,GBP,completed,travel,core_banking
T000000004025,C00000455,A000001246,2026-01-13 03:12:41,transfer,atm,40.8,EUR,completed,other,core_banking
T000000004026,C00000140,A000001273,2025-01-04 06:00:24,purchase,web,89.11,EUR,completed,travel,payments
T000000004027,C00000210,A000001414,2025-09-11 00:25:35,transfer,mobile,22.67,GBP,completed,grocery,core_banking
T000000004028,C00000442,A000000177,2026-04-04 19:22:38,cash_withdrawal,mobile,10.55,USD,completed,travel,cards
T000000004029,C00000691,A000000858,2026-04-24 11:11:48,cash_withdrawal,mobile,185.88,EUR,completed,grocery,core_banking
T000000004030,C00000415,A000000166,2025-06-05 04:13:17,cash_withdrawal,atm,61.59,GBP,completed,restaurant,cards
T000000004031,C00000542,A000000332,2026-06-10 12:37:45,purchase,branch,41.87,GBP,completed,other,core_banking
T000000004032,C00000522,A000000436,2026-09-11 22:23:29,cash_withdrawal,atm,137.42,GBP,completed,retail,core_banking
T000000004033,C00000269,A000000937,2025-11-22 19:47:43,purchase,branch,67.27,GBP,completed,utilities,cards
T000000004034,C00000280,A000000626,2025-09-01 21:13:46,transfer,atm,28.49,EUR,completed,other,payments
T000000004035,C00000426,A000001254,2025-12-03 09:44:38,transfer,api,10.75,EUR,completed,other,mobile
T000000004036,C00000033,A000000433,2025-01-18 08:39:14,transfer,branch,17.85,GBP,completed,grocery,core_banking
T000000004037,C00000686,A000000895,2025-12-01 07:35:20,direct_debit,mobile,106.17,GBP,completed,grocery,cards
T000000004038,C00000615,A000001107,2025-01-18 07:19:25,purchase,mobile,61.33,GBP,completed,retail,core_banking
T000000004039,C00000307,A000001422,2025-01-23 22:04:21,direct_debit,web,24.63,GBP,completed,travel,cards
T000000004040,C00000374,A000000356,2025-12-20 03:17:58,purchase,atm,191.5,GBP,completed,grocery,core_banking
T000000004041,C00000329,A000001064,2025-11-23 20:26:05,transfer,web,25.4,GBP,completed,grocery,core_banking
T000000004042,C00000652,A000000123,2026-09-23 21:59:30,direct_debit,mobile,84.51,GBP,completed,restaurant,cards
T000000004043,C00000760,A000000788,2025-11-21 20:15:25,cash_withdrawal,branch,37.75,GBP,completed,travel,core_banking
T000000004044,C00000109,A000000601,2026-09-19 15:03:38,direct_debit,web,228.06,EUR,completed,retail,core_banking
T000000004045,C00000414,A000001390,2026-05-31 20:32:07,direct_debit,mobile,66.07,GBP,completed,grocery,payments
T000000004046,C00000014,A000001122,2025-08-04 00:45:46,purchase,atm,31.45,GBP,completed,utilities,payments
T000000004047,C00000453,A000001345,2026-08-15 19:36:51,refund,web,24.84,USD,completed,restaurant,cards
T000000004048,C00000249,A000001234,2025-11-05 12:15:50,direct_debit,mobile,29.48,EUR,completed,utilities,core_banking
T000000004049,C00000336,A000000596,2026-01-16 23:00:08,purchase,mobile,13.99,GBP,completed,travel,core_banking
T000000004050,C00000457,A000001064,2025-03-06 02:03:33,purchase,web,7.13,GBP,completed,grocery,core_banking
T000000004051,C00000324,A000000045,2025-05-16 22:19:16,purchase,web,41.44,GBP,completed,retail,payments
T000000004052,C00000395,A000000809,2025-11-30 13:46:12,direct_debit,mobile,17.11,GBP,completed,restaurant,payments
T000000004053,C00000765,A000000069,2025-06-23 02:29:32,refund,branch,17.06,GBP,completed,grocery,core_banking
T000000004054,C00000811,A000001051,2026-01-19 12:12:54,direct_debit,branch,27.3,GBP,failed,restaurant,core_banking
T000000004055,C00000006,A000001402,2025-02-21 00:53:27,purchase,mobile,31.65,GBP,completed,other,core_banking
T000000004056,C00000378,A000000989,2025-06-10 01:59:17,purchase,web,30.2,GBP,completed,utilities,payments
T000000004057,C00000847,A000001218,2026-03-02 12:45:39,transfer,web,185.9,USD,completed,other,core_banking
T000000004058,C00000531,A000000340,2026-01-27 19:34:50,purchase,mobile,60.07,GBP,completed,travel,payments
T000000004059,C00000206,A000001442,2026-09-21 02:35:48,purchase,mobile,274.02,GBP,pending,utilities,payments
T000000004060,C00000594,A000000799,2026-07-29 06:17:44,purchase,mobile,18.9,GBP,completed,restaurant,core_banking
T000000004061,C00000145,A000000978,2026-06-02 09:23:30,purchase,web,68.23,GBP,failed,restaurant,payments
T000000004062,C00000022,A000001118,2025-01-01 12:59:44,purchase,atm,20.03,GBP,completed,restaurant,payments
T000000004063,C00000633,A000000928,2026-01-20 00:01:02,cash_withdrawal,web,16.62,GBP,completed,travel,cards
T000000004064,C00000516,A000000460,2025-05-27 15:20:12,purchase,api,285.09,USD,completed,other,core_banking
T000000004065,C00000757,A000000887,2025-06-20 11:56:56,purchase,web,13.38,USD,completed,restaurant,core_banking
T000000004066,C00000345,A000000949,2025-05-15 23:05:43,transfer,branch,2.88,USD,completed,grocery,core_banking
T000000004067,C00000855,A000001244,2025-10-19 07:13:55,refund,web,14.25,GBP,completed,utilities,cards
T000000004068,C00000422,A000000699,2025-03-21 11:51:05,cash_withdrawal,atm,3.64,EUR,completed,other,core_banking
T000000004069,C00000739,A000000728,2025-12-06 01:57:31,transfer,api,11.04,GBP,completed,grocery,payments
T000000004070,C00000101,A000000730,2025-04-17 22:00:56,cash_withdrawal,web,12.16,GBP,completed,other,core_banking
T000000004071,C00000098,A000000166,2025-11-16 20:00:46,cash_withdrawal,web,31.09,GBP,reversed,travel,cards
T000000004072,C00000783,A000000131,2026-02-04 08:30:59,cash_withdrawal,api,3.48,GBP,completed,travel,mobile
T000000004073,C00000834,A000000030,2025-04-25 11:03:05,transfer,api,105.19,GBP,completed,retail,cards
T000000004074,C00000943,A000000967,2025-03-07 20:34:42,transfer,api,4.18,EUR,completed,restaurant,core_banking
T000000004075,C00000325,A000000608,2026-05-31 07:05:23,transfer,mobile,26.2,GBP,completed,grocery,mobile
T000000004076,C00000023,A000001256,2026-04-17 05:39:35,purchase,mobile,21.32,USD,completed,travel,cards
T000000004077,C00000980,A000001019,2025-06-17 05:48:26,purchase,web,71.28,GBP,completed,restaurant,cards
T000000004078,C00000602,A000000206,2026-07-21 16:58:46,purchase,atm,43.34,GBP,completed,travel,core_banking
T000000004079,C00000248,A000000146,2025-05-22 05:03:56,purchase,mobile,104.19,GBP,completed,retail,cards
T000000004080,C00000764,A000000531,2026-08-16 02:07:36,transfer,web,20.5,GBP,completed,utilities,payments
T000000004081,C00000904,A000001336,2025-03-14 03:58:15,transfer,web,18.39,USD,completed,travel,cards
T000000004082,C00000285,A000000071,2026-02-26 23:39:54,purchase,mobile,46.22,GBP,completed,grocery,core_banking
T000000004083,C00000770,A000000272,2025-01-13 20:56:54,purchase,atm,88.29,GBP,completed,utilities,mobile
T000000004084,C00000788,A000000043,2025-05-07 22:53:40,purchase,mobile,71.26,GBP,completed,grocery,cards
T000000004085,C00000502,A000000600,2025-09-16 06:39:19,cash_withdrawal,atm,42.01,EUR,failed,retail,payments
T000000004086,C00000633,A000001436,2025-02-24 10:36:47,purchase,mobile,38.26,GBP,failed,utilities,core_banking
T000000004087,C00000270,A000000992,2025-10-20 11:46:42,purchase,web,28.84,GBP,completed,restaurant,cards
T000000004088,C00000930,A000000716,2025-05-29 12:34:28,purchase,web,46.08,GBP,completed,other,mobile
T000000004089,C00000984,A000000210,2025-03-05 00:38:36,transfer,mobile,253.83,GBP,reversed,other,payments
T000000004090,C00000982,A000000516,2026-09-07 14:20:47,purchase,web,23.23,GBP,failed,grocery,core_banking
T000000004091,C00000738,A000000761,2026-09-20 00:55:50,transfer,atm,20.44,GBP,completed,retail,payments
T000000004092,C00000043,A000000399,2026-09-07 06:36:03,transfer,web,18.86,GBP,completed,grocery,core_banking
T000000004093,C00000367,A000001023,2025-04-09 07:00:59,direct_debit,mobile,45.1,GBP,completed,restaurant,core_banking
T000000004094,C00000445,A000001422,2025-09-02 16:11:14,transfer,branch,3.23,GBP,completed,grocery,core_banking
T000000004095,C00000960,A000000299,2025-07-29 21:30:57,purchase,mobile,26.0,GBP,completed,restaurant,core_banking
T000000004096,C00000547,A000000366,2025-07-28 16:45:55,purchase,web,75.54,GBP,completed,grocery,core_banking
T000000004097,C00000537,A000000184,2025-09-24 10:27:03,direct_debit,web,17.24,GBP,completed,grocery,cards
T000000004098,C00000147,A000001053,2025-11-22 12:36:06,purchase,web,36.45,GBP,completed,other,payments
T000000004099,C00000794,A000000670,2025-11-07 12:17:51,direct_debit,mobile,274.46,GBP,completed,travel,core_banking
T000000004100,C00000337,A000000412,2025-07-06 03:32:44,transfer,mobile,42.44,GBP,completed,retail,cards
T000000004101,C00000092,A000000318,2026-09-19 22:58:31,purchase,mobile,2.85,EUR,completed,utilities,cards
T000000004102,C00000988,A000000103,2026-09-19 22:03:37,purchase,web,6.82,EUR,pending,restaurant,mobile
T000000004103,C00000191,A000000691,2025-07-31 05:45:39,direct_debit,branch,23.02,GBP,completed,other,payments
T000000004104,C00000017,A000000991,2025-05-22 02:45:39,refund,branch,12.88,GBP,completed,retail,mobile
T000000004105,C00000078,A000000341,2025-12-07 03:57:39,direct_debit,mobile,33.4,GBP,completed,utilities,payments
T000000004106,C00000453,A000000003,2025-08-24 15:06:00,purchase,mobile,21.99,EUR,completed,other,cards
T000000004107,C00000103,A000000687,2026-09-23 00:42:23,cash_withdrawal,branch,101.94,GBP,completed,grocery,core_banking
T000000004108,C00000843,A000000980,2025-10-02 02:28:26,purchase,web,9.53,USD,completed,retail,payments
T000000004109,C00000513,A000000501,2025-01-26 15:33:34,purchase,atm,24.1,GBP,completed,travel,payments
T000000004110,C00000324,A000000364,2025-03-21 03:30:23,cash_withdrawal,mobile,37.64,GBP,completed,other,core_banking
T000000004111,C00000004,A000000224,2025-02-17 01:39:04,refund,mobile,42.87,EUR,completed,utilities,core_banking
T000000004112,C00000480,A000001082,2025-09-02 00:29:34,purchase,web,34.96,GBP,completed,utilities,cards
T000000004113,C00000152,A000001250,2025-07-22 16:56:19,transfer,branch,2.38,USD,completed,travel,core_banking
T000000004114,C00000979,A000001117,2026-07-02 08:43:14,purchase,web,32.7,GBP,completed,other,mobile
T000000004115,C00000292,A000000752,2026-07-24 06:49:37,purchase,mobile,25.58,GBP,completed,grocery,core_banking
T000000004116,C00000475,A000001050,2025-03-31 15:20:59,purchase,mobile,74.24,GBP,completed,retail,core_banking
T000000004117,C00000019,A000000576,2026-08-27 04:05:33,direct_debit,branch,64.02,GBP,completed,restaurant,core_banking
T000000004118,C00000131,A000000036,2026-01-09 12:31:01,purchase,mobile,38.59,GBP,completed,other,cards
T000000004119,C00000208,A000000533,2025-07-16 11:36:44,transfer,branch,41.63,GBP,completed,travel,payments
T000000004120,C00000052,A000001021,2025-09-17 16:11:20,purchase,mobile,123.97,GBP,completed,retail,cards
T000000004121,C00000726,A000000939,2025-10-10 14:58:26,transfer,mobile,100.26,GBP,completed,grocery,core_banking
T000000004122,C00000946,A000001436,2025-04-19 16:12:01,purchase,mobile,40.01,EUR,completed,utilities,mobile
T000000004123,C00000986,A000001447,2026-07-09 05:06:54,purchase,api,285.06,EUR,failed,travel,core_banking
T000000004124,C00000266,A000000352,2025-01-08 03:21:51,transfer,mobile,15.49,GBP,completed,utilities,core_banking
T000000004125,C00000789,A000000014,2025-02-14 12:48:42,transfer,mobile,8.63,EUR,failed,grocery,core_banking
T000000004126,C00000505,A000000398,2025-06-24 01:22:33,refund,atm,29.63,EUR,completed,retail,core_banking
T000000004127,C00000046,A000001271,2025-04-02 10:54:10,purchase,mobile,20.24,GBP,reversed,retail,cards
T000000004128,C00000091,A000001180,2025-02-09 15:00:30,transfer,mobile,2.25,USD,completed,utilities,cards
T000000004129,C00000548,A000000144,2025-09-02 19:42:14,direct_debit,mobile,15.1,GBP,completed,travel,core_banking
T000000004130,C00000424,A000000233,2025-08-29 15:40:38,purchase,branch,42.98,EUR,completed,travel,payments
T000000004131,C00000009,A000000818,2025-03-22 23:52:19,direct_debit,web,28.19,GBP,failed,restaurant,core_banking
T000000004132,C00000931,A000000958,2026-06-02 13:21:39,refund,atm,13.26,USD,completed,other,core_banking
T000000004133,C00000731,A000001425,2026-07-18 10:42:30,direct_debit,atm,31.33,GBP,completed,travel,payments
T000000004134,C00000503,A000001095,2026-04-05 05:53:53,transfer,web,34.1,GBP,completed,retail,cards
T000000004135,C00000987,A000000308,2025-11-30 16:09:17,cash_withdrawal,mobile,63.49,EUR,completed,grocery,mobile
T000000004136,C00000972,A000000054,2026-08-29 19:27:30,transfer,atm,15.28,GBP,completed,grocery,core_banking
T000000004137,C00000974,A000000919,2025-08-12 07:42:12,transfer,atm,75.0,GBP,completed,retail,core_banking
T000000004138,C00000259,A000000803,2025-09-30 01:48:59,refund,atm,9.53,GBP,completed,restaurant,mobile
T000000004139,C00000881,A000001337,2025-01-10 00:15:05,purchase,mobile,17.66,GBP,completed,restaurant,cards
T000000004140,C00000505,A000000836,2026-03-29 15:10:31,direct_debit,branch,178.38,GBP,completed,restaurant,cards
T000000004141,C00000727,A000000727,2025-03-01 15:54:46,transfer,branch,10.23,GBP,completed,grocery,core_banking
T000000004142,C00000860,A000000440,2026-03-02 02:53:23,purchase,api,15.0,GBP,completed,grocery,core_banking
T000000004143,C00000164,A000000126,2026-05-15 00:32:32,transfer,mobile,8.04,GBP,completed,travel,mobile
T000000004144,C00000449,A000001271,2025-05-19 15:42:24,direct_debit,atm,12.57,EUR,completed,travel,mobile
T000000004145,C00000129,A000001198,2026-01-27 09:32:45,transfer,branch,34.65,GBP,completed,utilities,mobile
T000000004146,C00000280,A000000236,2025-07-13 10:01:31,direct_debit,atm,62.92,GBP,completed,utilities,payments
T000000004147,C00000414,A000001021,2025-09-12 06:17:57,purchase,branch,29.38,GBP,failed,travel,cards
T000000004148,C00000856,A000000529,2025-12-05 17:14:04,direct_debit,atm,21.31,EUR,completed,restaurant,cards
T000000004149,C00000863,A000000634,2025-06-09 17:52:17,transfer,mobile,8.13,GBP,completed,restaurant,core_banking
T000000004150,C00000390,A000001231,2026-05-25 01:15:09,direct_debit,mobile,13.96,GBP,completed,travel,payments
T000000004151,C00000330,A000001221,2025-09-10 02:08:20,purchase,web,5.91,EUR,completed,utilities,payments
T000000004152,C00000531,A000000277,2025-10-23 13:19:19,purchase,atm,64.94,GBP,completed,travel,payments
T000000004153,C00000912,A000000447,2026-06-05 14:28:31,direct_debit,mobile,69.85,EUR,completed,grocery,core_banking
T000000004154,C00000977,A000001191,2025-05-26 03:28:37,purchase,branch,28.72,GBP,completed,restaurant,core_banking
T000000004155,C00000227,A000001330,2025-10-16 03:47:40,purchase,api,47.63,GBP,completed,grocery,payments
T000000004156,C00000187,A000000115,2026-09-27 16:22:37,cash_withdrawal,api,75.19,GBP,completed,travel,mobile
T000000004157,C00000707,A000001209,2025-09-13 10:54:46,cash_withdrawal,branch,33.32,GBP,completed,travel,core_banking
T000000004158,C00000302,A000000710,2025-03-15 02:52:44,direct_debit,atm,129.45,GBP,completed,other,core_banking
T000000004159,C00000200,A000000856,2025-07-01 14:37:43,cash_withdrawal,mobile,10.23,GBP,completed,utilities,mobile
T000000004160,C00000032,A000000110,2026-09-03 01:45:57,refund,web,20.78,EUR,completed,restaurant,payments
T000000004161,C00000404,A000000987,2026-05-01 05:32:05,transfer,web,18.34,GBP,completed,other,payments
T000000004162,C00000392,A000000983,2026-06-01 17:06:53,transfer,atm,59.12,GBP,completed,other,mobile
T000000004163,C00000564,A000000961,2025-06-12 05:20:14,direct_debit,mobile,6.65,GBP,completed,utilities,payments
T000000004164,C00000201,A000001147,2026-06-21 01:31:29,cash_withdrawal,mobile,137.05,EUR,completed,retail,cards
T000000004165,C00000715,A000001372,2025-09-09 23:02:23,purchase,branch,54.05,USD,completed,retail,payments
T000000004166,C00000681,A000001233,2026-05-23 05:23:19,purchase,web,188.26,GBP,completed,grocery,cards
T000000004167,C00000463,A000001080,2026-07-17 12:21:25,transfer,atm,28.71,GBP,failed,utilities,core_banking
T000000004168,C00000182,A000001423,2025-05-14 19:47:37,cash_withdrawal,web,16.81,EUR,reversed,utilities,core_banking
T000000004169,C00000507,A000000979,2026-08-23 23:45:28,transfer,atm,59.74,EUR,completed,other,payments
T000000004170,C00000675,A000000975,2026-02-09 19:25:57,cash_withdrawal,web,88.42,GBP,completed,travel,core_banking
T000000004171,C00000373,A000000786,2026-04-13 08:09:05,direct_debit,atm,14.15,GBP,completed,restaurant,mobile
T000000004172,C00000264,A000001116,2026-04-29 20:29:56,purchase,branch,3.68,GBP,completed,travel,core_banking
T000000004173,C00000507,A000000104,2025-04-18 00:18:20,transfer,mobile,4.4,GBP,completed,grocery,cards
T000000004174,C00000356,A000000734,2026-04-22 07:49:35,transfer,mobile,39.43,USD,completed,retail,core_banking
T000000004175,C00000401,A000000617,2025-05-17 04:47:09,purchase,api,150.99,EUR,completed,other,core_banking
T000000004176,C00000349,A000001324,2025-06-23 12:40:23,transfer,mobile,7.65,EUR,failed,retail,core_banking
T000000004177,C00000304,A000000106,2025-03-16 21:23:54,transfer,branch,22.51,EUR,completed,travel,payments
T000000004178,C00000717,A000000934,2025-04-26 18:33:37,direct_debit,mobile,20.78,USD,completed,travel,core_banking
T000000004179,C00000461,A000000268,2026-09-18 23:57:33,transfer,atm,225.1,GBP,reversed,restaurant,core_banking
T000000004180,C00000467,A000001282,2025-07-29 03:17:15,purchase,mobile,321.06,USD,completed,travel,payments
T000000004181,C00000654,A000001236,2025-09-05 18:03:09,transfer,web,46.79,GBP,completed,travel,cards
T000000004182,C00000362,A000000342,2025-11-03 17:23:07,direct_debit,web,76.93,GBP,completed,travel,payments
T000000004183,C00000102,A000001264,2026-04-01 10:57:19,transfer,mobile,74.72,GBP,completed,grocery,payments
T000000004184,C00000853,A000000721,2026-01-02 02:20:22,purchase,web,7.81,GBP,completed,restaurant,cards
T000000004185,C00000056,A000001409,2025-12-09 02:30:28,direct_debit,atm,62.39,GBP,completed,travel,core_banking
T000000004186,C00000572,A000001059,2026-06-19 21:55:04,purchase,branch,10.27,GBP,completed,travel,core_banking
T000000004187,C00000266,A000000050,2025-11-13 07:05:07,purchase,api,25.03,GBP,failed,travel,core_banking
T000000004188,C00000214,A000000294,2026-05-07 15:17:43,purchase,atm,99.16,GBP,completed,restaurant,core_banking
T000000004189,C00000042,A000000586,2026-08-06 22:41:35,cash_withdrawal,branch,32.62,GBP,completed,other,cards
T000000004190,C00000901,A000000307,2026-03-09 11:50:21,direct_debit,web,95.36,GBP,completed,restaurant,payments
T000000004191,C00000430,A000000193,2025-01-23 05:02:17,purchase,api,117.24,GBP,completed,utilities,cards
T000000004192,C00000343,A000001419,2025-06-18 11:38:00,direct_debit,web,4.74,GBP,failed,restaurant,core_banking
T000000004193,C00000742,A000001261,2026-01-30 05:30:26,cash_withdrawal,web,3.04,EUR,completed,travel,payments
T000000004194,C00000039,A000000631,2025-11-03 04:21:09,direct_debit,atm,101.51,GBP,completed,other,core_banking
T000000004195,C00000565,A000000312,2025-07-01 19:27:49,direct_debit,api,105.9,GBP,completed,utilities,core_banking
T000000004196,C00000495,A000000264,2025-08-03 08:18:07,cash_withdrawal,web,39.23,GBP,completed,other,core_banking
T000000004197,C00000554,A000001328,2025-02-20 16:26:07,purchase,mobile,45.23,GBP,completed,travel,payments
T000000004198,C00000124,A000000481,2025-05-31 17:27:03,purchase,web,76.53,GBP,completed,grocery,cards
T000000004199,C00000953,A000000019,2026-05-16 13:11:10,direct_debit,atm,75.05,EUR,completed,restaurant,cards
T000000004200,C00000239,A000000577,2025-01-07 12:58:57,transfer,web,21.77,GBP,completed,travel,payments
T000000004201,C00000679,A000000659,2026-06-19 04:19:57,transfer,atm,81.75,USD,failed,travel,cards
T000000004202,C00000748,A000000904,2025-08-05 12:42:12,direct_debit,web,20.83,GBP,completed,restaurant,core_banking
T000000004203,C00000344,A000000492,2026-06-01 18:02:12,direct_debit,mobile,38.7,GBP,completed,utilities,cards
T000000004204,C00000131,A000001339,2025-06-13 04:41:09,cash_withdrawal,branch,36.97,GBP,pending,restaurant,core_banking
T000000004205,C00000297,A000000934,2026-06-14 05:34:06,direct_debit,web,12.15,USD,completed,travel,core_banking
T000000004206,C00000807,A000001431,2026-01-01 16:34:07,purchase,atm,13.73,EUR,completed,grocery,cards
T000000004207,C00000907,A000000533,2026-06-29 23:33:47,cash_withdrawal,mobile,312.88,GBP,completed,retail,core_banking
T000000004208,C00000937,A000000945,2025-02-09 09:24:31,refund,atm,11.75,GBP,reversed,other,payments
T000000004209,C00000227,A000000530,2026-05-25 19:52:47,purchase,mobile,44.19,GBP,reversed,utilities,core_banking
T000000004210,C00000607,A000001015,2025-06-22 04:23:09,purchase,api,55.08,GBP,completed,other,core_banking
T000000004211,C00000152,A000001082,2025-08-18 13:40:23,direct_debit,atm,28.31,GBP,completed,other,cards
T000000004212,C00000711,A000000467,2025-01-29 22:39:03,transfer,mobile,60.65,USD,completed,other,payments
T000000004213,C00000416,A000001360,2026-09-02 10:35:50,purchase,api,42.33,GBP,completed,retail,core_banking
T000000004214,C00000714,A000001243,2026-02-14 12:09:47,purchase,web,12.02,GBP,completed,travel,payments
T000000004215,C00000686,A000001298,2026-09-19 03:43:19,purchase,web,52.65,GBP,failed,other,core_banking
T000000004216,C00000993,A000000316,2025-12-30 12:40:22,purchase,api,16.91,GBP,completed,utilities,core_banking
T000000004217,C00000489,A000001041,2025-04-12 14:03:19,direct_debit,api,186.36,EUR,completed,travel,core_banking
T000000004218,C00000342,A000000155,2025-08-04 23:33:10,transfer,branch,47.02,GBP,completed,retail,mobile
T000000004219,C00000527,A000000153,2025-10-09 04:49:22,cash_withdrawal,api,14.37,GBP,completed,restaurant,core_banking
T000000004220,C00000163,A000001412,2025-04-05 08:47:37,purchase,mobile,42.92,GBP,completed,retail,core_banking
T000000004221,C00000112,A000000222,2026-08-19 15:32:02,purchase,mobile,11.35,USD,completed,restaurant,core_banking
T000000004222,C00000520,A000001254,2026-09-05 22:37:56,purchase,mobile,39.28,GBP,completed,travel,cards
T000000004223,C00000826,A000000625,2025-12-27 05:42:32,direct_debit,mobile,23.64,GBP,reversed,travel,core_banking
T000000004224,C00000534,A000000441,2026-01-09 16:40:41,refund,web,12.58,GBP,completed,grocery,core_banking
T000000004225,C00000782,A000000107,2026-03-26 21:06:15,purchase,mobile,12.41,EUR,completed,other,payments
T000000004226,C00000178,A000000979,2026-03-10 15:11:39,refund,web,386.33,GBP,completed,other,payments
T000000004227,C00000450,A000001046,2025-02-10 10:14:36,purchase,mobile,32.98,EUR,completed,travel,core_banking
T000000004228,C00000614,A000000678,2025-12-06 05:37:33,purchase,mobile,19.04,USD,completed,utilities,core_banking
T000000004229,C00000348,A000001175,2026-05-12 06:54:47,cash_withdrawal,atm,15.88,GBP,completed,restaurant,core_banking
T000000004230,C00000015,A000000469,2026-05-31 01:14:31,purchase,mobile,49.14,GBP,completed,utilities,mobile
T000000004231,C00000074,A000000800,2026-01-16 03:38:54,direct_debit,branch,15.33,USD,completed,utilities,cards
T000000004232,C00000928,A000000416,2026-07-27 10:30:24,purchase,atm,9.49,GBP,completed,travel,core_banking
T000000004233,C00000606,A000000845,2026-01-10 03:22:19,direct_debit,web,28.96,EUR,completed,grocery,cards
T000000004234,C00000265,A000000198,2025-09-02 00:14:38,purchase,api,28.73,EUR,completed,other,core_banking
T000000004235,C00000259,A000000691,2025-10-10 16:37:27,purchase,api,19.34,GBP,completed,other,core_banking
T000000004236,C00000040,A000000797,2026-03-17 01:42:14,purchase,mobile,11.75,GBP,completed,other,mobile
T000000004237,C00000945,A000000807,2026-07-21 03:23:12,refund,branch,19.88,GBP,failed,grocery,core_banking
T000000004238,C00000109,A000000648,2025-05-27 14:17:16,transfer,mobile,18.3,GBP,pending,restaurant,core_banking
T000000004239,C00000760,A000000934,2025-07-07 22:07:25,transfer,web,15.82,GBP,completed,travel,cards
T000000004240,C00000241,A000000743,2026-02-21 17:23:14,purchase,branch,40.06,GBP,completed,travel,cards
T000000004241,C00000336,A000000411,2026-05-03 00:46:49,purchase,branch,310.3,GBP,completed,retail,core_banking
T000000004242,C00000274,A000000313,2025-09-13 04:01:50,purchase,atm,121.31,EUR,completed,travel,cards
T000000004243,C00000825,A000000940,2026-02-15 17:46:07,direct_debit,branch,230.22,GBP,failed,utilities,payments
T000000004244,C00000033,A000001361,2025-01-05 17:34:48,purchase,atm,16.51,GBP,completed,utilities,payments
T000000004245,C00000353,A000001093,2025-07-06 09:23:04,purchase,web,173.89,GBP,completed,other,core_banking
T000000004246,C00000280,A000000926,2026-09-03 22:47:36,transfer,mobile,38.04,GBP,completed,restaurant,core_banking
T000000004247,C00000273,A000001337,2026-01-04 21:19:23,transfer,mobile,84.41,GBP,completed,restaurant,mobile
T000000004248,C00000193,A000001305,2026-07-09 17:50:10,purchase,web,48.45,USD,completed,other,payments
T000000004249,C00000913,A000000735,2025-05-20 17:57:26,purchase,branch,20.9,GBP,completed,retail,cards
T000000004250,C00000379,A000000159,2025-07-05 18:49:59,purchase,mobile,63.78,GBP,completed,grocery,payments
T000000004251,C00000419,A000000920,2026-09-15 03:33:44,cash_withdrawal,web,49.86,GBP,completed,other,core_banking
T000000004252,C00000386,A000000904,2026-09-30 16:49:01,purchase,mobile,4.68,GBP,completed,retail,mobile
T000000004253,C00000981,A000000403,2026-07-15 22:33:27,cash_withdrawal,web,26.3,GBP,completed,retail,cards
T000000004254,C00000340,A000001232,2025-07-22 05:23:37,purchase,web,74.89,GBP,completed,retail,payments
T000000004255,C00000342,A000001262,2026-05-28 00:21:05,direct_debit,mobile,40.1,GBP,completed,other,cards
T000000004256,C00000328,A000000480,2025-10-21 08:39:40,refund,mobile,49.06,GBP,completed,retail,payments
T000000004257,C00000327,A000000692,2026-06-24 06:28:14,purchase,mobile,13.61,GBP,completed,restaurant,core_banking
T000000004258,C00000090,A000000283,2026-06-28 22:46:56,transfer,web,39.21,GBP,completed,restaurant,core_banking
T000000004259,C00000605,A000000259,2025-10-05 10:42:04,purchase,api,27.08,GBP,completed,utilities,core_banking
T000000004260,C00000026,A000000385,2025-07-14 15:52:08,direct_debit,mobile,24.2,EUR,completed,utilities,payments
T000000004261,C00000226,A000000531,2026-09-15 23:33:59,transfer,web,14.68,GBP,pending,grocery,payments
T000000004262,C00000203,A000000396,2025-10-15 18:56:11,transfer,web,78.3,GBP,completed,other,cards
T000000004263,C00000292,A000000220,2025-10-03 17:58:40,purchase,branch,43.07,EUR,completed,retail,core_banking
T000000004264,C00000757,A000000649,2026-03-02 23:14:55,purchase,mobile,38.74,GBP,pending,travel,cards
T000000004265,C00000600,A000000905,2026-08-22 16:31:56,cash_withdrawal,mobile,258.09,GBP,completed,travel,cards
T000000004266,C00000991,A000000473,2025-03-25 05:33:16,transfer,api,49.28,EUR,completed,retail,cards
T000000004267,C00000352,A000000774,2026-09-22 17:26:33,direct_debit,api,105.69,GBP,completed,utilities,payments
T000000004268,C00000929,A000000394,2025-09-27 07:43:13,direct_debit,web,39.91,GBP,completed,utilities,core_banking
T000000004269,C00000045,A000001021,2025-01-17 07:56:31,transfer,web,20.68,GBP,completed,other,cards
T000000004270,C00000505,A000000941,2025-07-17 15:28:30,transfer,mobile,9.85,USD,completed,restaurant,core_banking
T000000004271,C00000799,A000001393,2025-10-23 07:34:18,direct_debit,mobile,38.61,GBP,completed,retail,core_banking
T000000004272,C00000532,A000000077,2026-03-09 00:35:04,direct_debit,mobile,1.83,GBP,failed,restaurant,core_banking
T000000004273,C00000934,A000001238,2025-12-28 23:59:22,direct_debit,atm,39.89,GBP,completed,restaurant,payments
T000000004274,C00000315,A000000494,2025-03-28 13:42:33,refund,mobile,41.73,GBP,completed,other,core_banking
T000000004275,C00000034,A000000096,2025-11-08 16:04:48,purchase,mobile,23.84,GBP,completed,grocery,core_banking
T000000004276,C00000774,A000001001,2025-05-29 19:24:30,cash_withdrawal,mobile,27.19,GBP,completed,utilities,cards
T000000004277,C00000069,A000000249,2025-06-22 15:13:42,transfer,mobile,8.05,GBP,completed,utilities,core_banking
T000000004278,C00000765,A000000255,2026-03-31 14:39:02,purchase,web,128.37,GBP,completed,travel,payments
T000000004279,C00000734,A000001421,2026-05-29 19:00:14,transfer,web,21.03,GBP,completed,utilities,payments
T000000004280,C00000845,A000000321,2025-04-10 07:05:21,purchase,web,10.8,GBP,reversed,restaurant,payments
T000000004281,C00000479,A000000794,2026-01-20 19:52:57,transfer,web,53.08,GBP,completed,grocery,core_banking
T000000004282,C00000896,A000000291,2025-09-27 17:22:42,purchase,web,33.66,GBP,completed,other,core_banking
T000000004283,C00000170,A000000180,2025-08-04 04:22:14,cash_withdrawal,atm,20.57,GBP,completed,other,core_banking
T000000004284,C00000435,A000000002,2026-04-01 03:30:17,cash_withdrawal,mobile,18.41,GBP,completed,travel,cards
T000000004285,C00000122,A000000024,2025-06-09 21:06:45,transfer,mobile,29.79,USD,completed,travel,core_banking
T000000004286,C00000767,A000000687,2026-05-05 21:28:28,purchase,atm,123.11,GBP,completed,travel,payments
T000000004287,C00000715,A000000630,2025-09-14 23:50:45,transfer,branch,49.06,GBP,completed,grocery,mobile
T000000004288,C00000807,A000000057,2025-03-02 02:25:19,purchase,web,28.9,USD,failed,grocery,payments
T000000004289,C00000765,A000000507,2026-05-22 21:29:41,purchase,mobile,73.34,GBP,completed,travel,core_banking
T000000004290,C00000309,A000000396,2026-06-29 20:43:25,purchase,mobile,30.84,GBP,completed,utilities,payments
T000000004291,C00000069,A000000829,2025-12-26 18:25:20,direct_debit,mobile,45.68,GBP,completed,restaurant,core_banking
T000000004292,C00000930,A000001443,2026-04-08 11:56:50,purchase,atm,35.12,EUR,failed,utilities,mobile
T000000004293,C00000493,A000001003,2025-04-05 12:12:14,transfer,web,55.66,GBP,completed,utilities,core_banking
T000000004294,C00000095,A000001332,2025-08-05 10:17:15,direct_debit,mobile,18.8,GBP,completed,grocery,payments
T000000004295,C00000928,A000000279,2025-08-12 00:42:08,purchase,mobile,9.06,GBP,completed,other,core_banking
T000000004296,C00000995,A000000312,2026-05-04 12:00:57,direct_debit,mobile,77.65,GBP,completed,travel,cards
T000000004297,C00000446,A000001089,2025-08-13 05:41:30,purchase,mobile,145.5,GBP,completed,retail,core_banking
T000000004298,C00000771,A000000450,2026-04-11 04:48:17,purchase,web,9.52,USD,completed,utilities,core_banking
T000000004299,C00000037,A000001231,2025-07-16 01:20:30,purchase,web,36.17,USD,completed,grocery,core_banking
T000000004300,C00000094,A000000673,2026-01-19 10:59:04,transfer,api,18.7,GBP,completed,retail,core_banking
T000000004301,C00000277,A000000292,2025-05-15 01:08:56,refund,branch,75.76,EUR,completed,other,core_banking
T000000004302,C00000657,A000001225,2025-12-23 20:23:35,transfer,api,38.82,EUR,pending,travel,payments
T000000004303,C00000134,A000000799,2025-02-21 21:20:52,transfer,atm,986.19,USD,completed,utilities,core_banking
T000000004304,C00000035,A000001164,2026-04-15 19:13:22,purchase,api,21.83,EUR,completed,utilities,cards
T000000004305,C00000669,A000000656,2025-01-19 07:13:25,direct_debit,api,150.53,EUR,completed,grocery,core_banking
T000000004306,C00000771,A000000184,2026-10-01 03:54:47,transfer,mobile,166.73,GBP,completed,grocery,payments
T000000004307,C00000740,A000000988,2026-06-21 12:06:41,purchase,mobile,52.47,GBP,completed,grocery,mobile
T000000004308,C00000800,A000000181,2026-01-05 16:09:43,refund,mobile,31.15,GBP,completed,grocery,core_banking
T000000004309,C00000803,A000000962,2026-08-05 00:29:38,purchase,branch,33.1,GBP,completed,utilities,mobile
T000000004310,C00000603,A000000605,2026-06-01 20:33:50,purchase,branch,30.29,USD,failed,travel,cards
T000000004311,C00000520,A000001148,2025-04-02 10:31:32,purchase,mobile,98.49,USD,completed,utilities,cards
T000000004312,C00000857,A000001262,2026-04-21 19:40:27,purchase,atm,11.99,EUR,completed,travel,core_banking
T000000004313,C00000349,A000000591,2025-08-30 01:52:16,direct_debit,atm,25.3,EUR,completed,retail,mobile
T000000004314,C00000098,A000001280,2026-07-01 10:12:54,transfer,branch,22.28,GBP,completed,grocery,payments
T000000004315,C00000752,A000000161,2026-07-06 10:59:58,refund,web,4.89,GBP,completed,restaurant,core_banking
T000000004316,C00000276,A000000156,2026-09-02 01:09:15,purchase,mobile,73.84,GBP,completed,grocery,core_banking
T000000004317,C00000979,A000001441,2025-10-16 16:58:43,transfer,web,91.47,GBP,completed,other,core_banking
T000000004318,C00000415,A000000833,2025-05-04 22:20:53,cash_withdrawal,mobile,15.4,EUR,completed,travel,core_banking
T000000004319,C00000852,A000000654,2025-03-21 12:58:27,transfer,web,88.38,GBP,completed,other,core_banking
T000000004320,C00000043,A000000226,2025-04-16 09:30:04,transfer,mobile,5.68,GBP,completed,restaurant,mobile
T000000004321,C00000660,A000000420,2026-09-26 15:15:54,transfer,mobile,30.73,GBP,reversed,restaurant,payments
T000000004322,C00000449,A000000995,2026-01-10 08:39:48,transfer,web,26.24,GBP,completed,restaurant,core_banking
T000000004323,C00000463,A000001192,2025-08-13 08:38:03,direct_debit,web,32.86,EUR,completed,retail,core_banking
T000000004324,C00000266,A000001329,2025-10-15 18:13:42,purchase,web,32.68,EUR,completed,travel,cards
T000000004325,C00000972,A000000592,2025-04-21 14:10:53,transfer,api,27.64,GBP,completed,restaurant,mobile
T000000004326,C00000393,A000000660,2025-12-31 06:20:07,transfer,mobile,19.94,EUR,completed,utilities,payments
T000000004327,C00000851,A000000237,2025-09-30 09:46:42,purchase,api,26.73,GBP,completed,restaurant,payments
T000000004328,C00000426,A000000121,2026-05-25 20:02:02,purchase,mobile,125.38,GBP,completed,travel,payments
T000000004329,C00000049,A000000635,2025-01-14 12:41:21,refund,mobile,16.32,GBP,completed,restaurant,cards
T000000004330,C00000880,A000000840,2026-08-19 01:49:30,purchase,api,319.93,EUR,completed,other,core_banking
T000000004331,C00000186,A000000152,2025-02-08 20:34:06,purchase,branch,15.38,USD,completed,restaurant,payments
T000000004332,C00000271,A000000593,2025-09-24 17:46:37,transfer,branch,38.55,GBP,completed,travel,cards
T000000004333,C00000862,A000000931,2025-08-06 06:24:18,purchase,branch,54.59,GBP,completed,travel,payments
T000000004334,C00000894,A000001176,2026-04-04 23:10:44,purchase,web,22.06,EUR,completed,grocery,payments
T000000004335,C00000917,A000001361,2026-02-25 22:50:39,purchase,atm,127.93,USD,completed,restaurant,core_banking
T000000004336,C00000426,A000000494,2025-05-06 23:53:54,purchase,mobile,53.12,GBP,completed,retail,core_banking
T000000004337,C00000757,A000000569,2025-11-10 09:04:02,purchase,atm,24.16,GBP,completed,travel,payments
T000000004338,C00000328,A000001269,2025-12-08 22:10:16,direct_debit,api,126.45,GBP,completed,grocery,core_banking
T000000004339,C00000741,A000001006,2025-10-24 19:21:12,purchase,atm,10.32,USD,completed,retail,core_banking
T000000004340,C00000503,A000000397,2025-01-14 20:53:53,purchase,atm,16.55,GBP,failed,travel,cards
T000000004341,C00000052,A000000994,2025-04-24 13:07:48,transfer,branch,54.09,GBP,completed,other,core_banking
T000000004342,C00000418,A000000229,2025-11-18 06:41:35,purchase,web,69.51,USD,completed,retail,cards
T000000004343,C00000468,A000000652,2025-06-16 05:26:34,purchase,web,42.05,GBP,completed,retail,cards
T000000004344,C00000258,A000000445,2025-12-15 23:11:58,purchase,atm,26.22,GBP,completed,utilities,cards
T000000004345,C00000375,A000001440,2025-04-15 12:03:30,purchase,branch,23.01,USD,completed,restaurant,mobile
T000000004346,C00000503,A000000051,2026-04-15 22:16:10,purchase,web,98.29,GBP,completed,grocery,core_banking
T000000004347,C00000050,A000001243,2025-05-01 13:18:46,purchase,atm,38.57,GBP,completed,grocery,mobile
T000000004348,C00000152,A000000408,2026-02-20 12:49:29,direct_debit,mobile,11.99,GBP,failed,travel,payments
T000000004349,C00000767,A000000053,2026-06-19 01:45:28,refund,atm,11.29,GBP,completed,restaurant,payments
T000000004350,C00000352,A000000958,2025-08-18 09:38:59,direct_debit,atm,146.81,GBP,completed,other,payments
T000000004351,C00000609,A000000984,2025-03-31 13:20:52,purchase,mobile,14.09,GBP,completed,other,core_banking
T000000004352,C00000566,A000000207,2025-01-04 02:37:20,cash_withdrawal,mobile,39.9,GBP,completed,travel,cards
T000000004353,C00000552,A000000056,2025-08-19 03:53:19,transfer,branch,123.77,GBP,completed,restaurant,core_banking
T000000004354,C00000414,A000000162,2025-03-15 14:10:30,purchase,mobile,52.94,EUR,completed,travel,payments
T000000004355,C00000484,A000000593,2026-07-18 05:57:19,direct_debit,api,13.52,GBP,completed,travel,core_banking
T000000004356,C00000824,A000000192,2026-09-14 16:48:47,cash_withdrawal,mobile,10.31,EUR,completed,utilities,core_banking
T000000004357,C00000966,A000001020,2026-09-19 11:02:59,purchase,mobile,213.45,USD,completed,grocery,mobile
T000000004358,C00000257,A000000113,2026-08-13 09:41:45,refund,mobile,10.04,GBP,completed,grocery,mobile
T000000004359,C00000670,A000001144,2026-01-10 02:49:01,purchase,atm,16.76,GBP,completed,other,cards
T000000004360,C00000970,A000001269,2025-07-27 09:44:40,transfer,web,44.31,GBP,completed,restaurant,cards
T000000004361,C00000008,A000001040,2025-10-13 13:00:47,purchase,atm,23.81,GBP,completed,restaurant,payments
T000000004362,C00000785,A000001369,2025-06-15 13:45:34,purchase,api,54.73,GBP,completed,travel,mobile
T000000004363,C00000497,A000001362,2026-06-21 06:29:04,refund,branch,6.42,GBP,completed,grocery,core_banking
T000000004364,C00000968,A000000068,2025-10-06 00:40:00,transfer,mobile,24.02,USD,completed,grocery,core_banking
T000000004365,C00000579,A000000496,2025-09-04 22:26:07,purchase,mobile,61.04,GBP,completed,retail,mobile
T000000004366,C00000839,A000001103,2026-03-17 22:59:19,cash_withdrawal,atm,61.26,GBP,completed,restaurant,core_banking
T000000004367,C00000167,A000000493,2025-08-27 21:41:56,direct_debit,mobile,16.43,EUR,completed,utilities,payments
T000000004368,C00000143,A000001069,2025-08-17 06:57:27,direct_debit,api,10.25,USD,pending,other,cards
T000000004369,C00000927,A000001123,2025-05-26 14:27:44,direct_debit,atm,37.5,EUR,failed,other,cards
T000000004370,C00000527,A000001446,2025-02-13 03:22:52,direct_debit,branch,7.55,GBP,completed,restaurant,core_banking
T000000004371,C00000559,A000000479,2025-01-25 21:44:00,transfer,web,115.41,GBP,completed,grocery,payments
T000000004372,C00000170,A000000505,2025-09-15 00:07:54,purchase,api,35.35,GBP,completed,travel,cards
T000000004373,C00000227,A000000036,2026-09-28 11:17:45,direct_debit,atm,14.42,GBP,completed,retail,mobile
T000000004374,C00000819,A000000414,2025-06-16 20:33:55,purchase,branch,9.9,GBP,pending,utilities,cards
T000000004375,C00000304,A000000407,2026-02-14 17:24:48,purchase,web,15.41,EUR,pending,restaurant,mobile
T000000004376,C00000585,A000000657,2025-07-27 20:43:01,purchase,web,5.81,GBP,completed,other,core_banking
T000000004377,C00000317,A000000611,2025-07-13 11:54:46,purchase,web,50.38,USD,completed,other,core_banking
T000000004378,C00000264,A000001243,2025-04-15 02:17:14,transfer,api,12.9,GBP,completed,retail,mobile
T000000004379,C00000167,A000001122,2025-12-27 00:11:16,direct_debit,branch,45.59,GBP,completed,other,core_banking
T000000004380,C00000930,A000001057,2026-02-25 03:39:13,transfer,atm,52.69,EUR,completed,other,core_banking
T000000004381,C00000941,A000000008,2025-08-12 01:22:51,transfer,mobile,82.62,GBP,completed,grocery,core_banking
T000000004382,C00000116,A000000684,2025-12-03 10:44:58,purchase,atm,39.03,GBP,completed,restaurant,payments
T000000004383,C00000354,A000001058,2025-11-01 01:12:47,cash_withdrawal,web,97.66,GBP,completed,retail,payments
T000000004384,C00000564,A000000355,2025-06-23 04:27:24,purchase,atm,128.43,GBP,completed,other,mobile
T000000004385,C00000384,A000000617,2026-03-19 10:03:57,purchase,mobile,39.3,GBP,completed,other,core_banking
T000000004386,C00000722,A000001055,2025-12-20 17:39:34,transfer,api,41.87,GBP,completed,travel,core_banking
T000000004387,C00000261,A000001153,2025-02-12 16:10:53,transfer,branch,16.69,GBP,completed,utilities,core_banking
T000000004388,C00000059,A000001240,2025-11-11 01:23:34,purchase,web,10.62,USD,completed,other,mobile
T000000004389,C00000337,A000000624,2025-09-06 21:40:44,purchase,mobile,115.14,EUR,completed,restaurant,cards
T000000004390,C00000598,A000000580,2026-05-24 13:11:34,purchase,mobile,56.6,EUR,reversed,other,core_banking
T000000004391,C00000181,A000000555,2025-07-15 08:22:22,transfer,mobile,61.63,EUR,completed,restaurant,core_banking
T000000004392,C00000816,A000000970,2026-09-03 09:11:13,purchase,mobile,16.12,GBP,completed,restaurant,core_banking
T000000004393,C00000013,A000000609,2026-01-28 20:21:43,purchase,web,164.86,GBP,completed,other,payments
T000000004394,C00000068,A000000581,2025-03-25 11:09:31,direct_debit,web,23.57,USD,completed,other,cards
T000000004395,C00000509,A000000245,2025-09-15 05:53:59,cash_withdrawal,web,12.91,GBP,completed,travel,cards
T000000004396,C00000513,A000000694,2026-07-19 10:11:39,purchase,branch,16.41,GBP,completed,restaurant,cards
T000000004397,C00000295,A000000345,2025-06-12 01:38:32,transfer,web,155.98,GBP,completed,retail,core_banking
T000000004398,C00000259,A000000762,2026-03-27 03:40:32,purchase,mobile,9.33,GBP,completed,utilities,payments
T000000004399,C00000070,A000001289,2026-05-16 07:32:59,purchase,atm,13.62,GBP,completed,utilities,payments
T000000004400,C00000663,A000001125,2026-03-19 05:17:12,cash_withdrawal,web,628.56,USD,completed,utilities,core_banking
T000000004401,C00000380,A000000694,2025-02-27 08:22:59,purchase,branch,80.49,GBP,completed,travel,cards
T000000004402,C00000119,A000001418,2025-08-28 01:33:19,purchase,api,13.88,GBP,completed,restaurant,payments
T000000004403,C00000400,A000001422,2025-08-11 14:38:28,direct_debit,atm,9.63,GBP,completed,restaurant,cards
T000000004404,C00000938,A000000645,2025-08-08 02:46:00,cash_withdrawal,web,5.17,GBP,completed,restaurant,cards
T000000004405,C00000262,A000001108,2026-07-16 05:12:25,direct_debit,web,33.18,GBP,completed,utilities,payments
T000000004406,C00000895,A000000497,2025-01-04 23:28:10,direct_debit,atm,64.36,GBP,completed,utilities,core_banking
T000000004407,C00000259,A000001275,2025-12-11 00:08:30,purchase,atm,147.63,EUR,completed,travel,core_banking
T000000004408,C00000186,A000000542,2026-09-20 06:42:53,transfer,mobile,4.1,GBP,pending,utilities,cards
T000000004409,C00000261,A000000375,2026-07-14 12:00:16,purchase,branch,7.45,GBP,completed,travel,core_banking
T000000004410,C00000324,A000000195,2026-01-23 07:22:07,cash_withdrawal,atm,26.43,GBP,completed,other,payments
T000000004411,C00000121,A000001222,2026-09-30 07:41:33,purchase,atm,559.51,GBP,completed,grocery,payments
T000000004412,C00000588,A000000431,2025-09-15 03:03:01,purchase,mobile,75.96,GBP,completed,grocery,core_banking
T000000004413,C00000334,A000001180,2026-01-26 10:09:42,purchase,web,44.32,GBP,completed,restaurant,mobile
T000000004414,C00000719,A000000126,2025-12-14 18:07:26,cash_withdrawal,web,8.28,GBP,completed,restaurant,mobile
T000000004415,C00000491,A000000727,2025-01-31 14:06:35,purchase,mobile,3.23,GBP,completed,utilities,core_banking
T000000004416,C00000443,A000000621,2025-01-26 22:10:45,transfer,branch,31.21,GBP,completed,utilities,cards
T000000004417,C00000471,A000000637,2026-07-28 16:47:34,direct_debit,web,27.0,GBP,pending,grocery,core_banking
T000000004418,C00000157,A000000243,2025-04-21 18:57:14,cash_withdrawal,mobile,22.62,GBP,completed,other,mobile
T000000004419,C00000713,A000000108,2025-08-15 10:21:37,purchase,mobile,20.1,GBP,completed,other,cards
T000000004420,C00000105,A000000503,2026-02-03 14:42:10,purchase,atm,13.66,GBP,pending,travel,payments
T000000004421,C00000722,A000000682,2026-01-03 13:52:32,direct_debit,atm,10.73,GBP,completed,grocery,mobile
T000000004422,C00001000,A000001151,2025-11-25 19:31:03,transfer,atm,128.89,EUR,completed,utilities,payments
T000000004423,C00000764,A000000671,2026-09-18 12:01:34,purchase,api,11.81,GBP,pending,travel,payments
T000000004424,C00000456,A000000357,2026-05-18 09:42:05,refund,api,22.42,GBP,completed,grocery,core_banking
T000000004425,C00000315,A000000381,2026-08-25 01:40:52,purchase,web,28.76,GBP,completed,grocery,core_banking
T000000004426,C00000873,A000000888,2026-02-25 20:37:40,purchase,mobile,62.9,USD,completed,utilities,core_banking
T000000004427,C00000258,A000000632,2026-09-18 10:27:10,purchase,atm,12.25,GBP,completed,retail,payments
T000000004428,C00000483,A000001307,2026-01-20 19:09:52,purchase,branch,83.68,GBP,pending,restaurant,core_banking
T000000004429,C00000771,A000000638,2025-12-13 16:16:29,purchase,web,16.3,EUR,completed,travel,core_banking
T000000004430,C00000923,A000000823,2026-06-05 00:02:29,cash_withdrawal,api,25.28,GBP,completed,utilities,payments
T000000004431,C00000921,A000000093,2026-07-10 15:37:56,purchase,mobile,168.22,GBP,completed,travel,core_banking
T000000004432,C00000088,A000000281,2025-02-13 11:42:25,transfer,api,10.83,GBP,completed,utilities,cards
T000000004433,C00000899,A000001233,2026-08-05 05:45:16,direct_debit,web,63.88,EUR,failed,restaurant,core_banking
T000000004434,C00000115,A000000500,2026-03-18 06:21:02,direct_debit,mobile,86.04,GBP,failed,retail,core_banking
T000000004435,C00000585,A000000611,2026-07-28 15:18:39,purchase,atm,41.49,USD,completed,other,core_banking
T000000004436,C00000930,A000000857,2026-04-03 02:04:10,cash_withdrawal,atm,26.49,GBP,completed,utilities,payments
T000000004437,C00000655,A000000084,2026-08-16 14:33:05,purchase,branch,279.22,EUR,completed,travel,core_banking
T000000004438,C00000948,A000000735,2025-06-25 20:18:31,cash_withdrawal,branch,29.53,GBP,completed,other,core_banking
T000000004439,C00000345,A000000502,2025-04-30 02:05:03,purchase,mobile,37.12,GBP,completed,retail,payments
T000000004440,C00000315,A000000216,2025-05-06 00:11:26,cash_withdrawal,mobile,21.04,GBP,failed,restaurant,core_banking
T000000004441,C00000327,A000000607,2025-06-11 01:27:15,purchase,mobile,35.12,USD,reversed,retail,cards
T000000004442,C00000356,A000000648,2025-05-17 17:31:26,transfer,mobile,82.46,GBP,completed,grocery,cards
T000000004443,C00000683,A000000271,2025-10-10 20:20:48,purchase,mobile,22.44,GBP,completed,utilities,mobile
T000000004444,C00000453,A000000788,2025-05-07 23:42:59,purchase,web,3.27,GBP,pending,utilities,payments
T000000004445,C00000738,A000001082,2025-04-12 00:41:31,transfer,mobile,51.38,GBP,completed,restaurant,core_banking
T000000004446,C00000417,A000000388,2025-12-01 11:34:06,purchase,web,9.66,GBP,completed,restaurant,payments
T000000004447,C00000308,A000001402,2026-05-22 01:09:21,cash_withdrawal,mobile,65.3,EUR,completed,restaurant,cards
T000000004448,C00000191,A000000889,2025-03-28 08:54:35,transfer,mobile,29.92,GBP,completed,utilities,core_banking
T000000004449,C00000552,A000001121,2025-11-23 07:23:27,transfer,api,80.66,EUR,failed,grocery,cards
T000000004450,C00000899,A000000102,2026-02-26 14:32:23,cash_withdrawal,api,11.07,EUR,completed,utilities,payments
T000000004451,C00000859,A000001113,2026-03-27 21:48:57,direct_debit,atm,17.08,USD,completed,other,payments
T000000004452,C00000254,A000000489,2025-03-09 19:18:45,direct_debit,mobile,20.97,GBP,completed,other,cards
T000000004453,C00000478,A000001030,2026-04-14 01:31:36,purchase,branch,6.32,GBP,completed,grocery,core_banking
T000000004454,C00000706,A000001167,2025-01-18 05:45:57,transfer,mobile,96.25,GBP,pending,other,cards
T000000004455,C00000613,A000000364,2025-06-01 06:35:51,cash_withdrawal,web,5.44,GBP,completed,grocery,cards
T000000004456,C00000068,A000000376,2025-07-24 06:01:00,purchase,api,94.84,GBP,completed,grocery,core_banking
T000000004457,C00000592,A000000087,2026-06-30 08:28:39,purchase,web,46.79,EUR,failed,grocery,mobile
T000000004458,C00000039,A000000878,2025-05-03 14:34:20,purchase,api,24.32,GBP,completed,utilities,mobile
T000000004459,C00000117,A000001123,2026-05-15 17:44:59,transfer,branch,43.05,GBP,completed,travel,mobile
T000000004460,C00000654,A000000595,2026-09-24 22:33:25,purchase,mobile,41.83,GBP,completed,utilities,payments
T000000004461,C00000103,A000000234,2026-09-06 16:52:12,transfer,mobile,19.68,EUR,completed,retail,cards
T000000004462,C00000340,A000000459,2025-07-13 07:09:45,transfer,atm,40.98,GBP,completed,other,core_banking
T000000004463,C00000589,A000000585,2025-03-03 04:25:06,transfer,web,64.57,EUR,failed,travel,mobile
T000000004464,C00000656,A000001329,2025-05-22 09:02:31,purchase,mobile,11.11,GBP,completed,travel,cards
T000000004465,C00000446,A000000180,2026-05-07 19:11:30,cash_withdrawal,mobile,43.1,GBP,completed,utilities,core_banking
T000000004466,C00000095,A000000498,2025-05-06 23:50:23,transfer,api,1.9,USD,reversed,grocery,core_banking
T000000004467,C00000800,A000000926,2026-02-17 09:24:54,purchase,mobile,3.95,GBP,completed,retail,payments
T000000004468,C00000950,A000000344,2025-08-27 04:13:45,purchase,api,54.2,GBP,completed,utilities,core_banking
T000000004469,C00000889,A000001283,2026-05-06 00:07:07,purchase,branch,19.32,USD,completed,utilities,payments
T000000004470,C00000749,A000001319,2026-01-23 01:50:50,direct_debit,mobile,12.23,GBP,completed,retail,cards
T000000004471,C00000403,A000000552,2026-01-10 15:17:05,purchase,web,28.34,GBP,completed,grocery,core_banking
T000000004472,C00000877,A000001082,2026-05-15 14:09:14,purchase,atm,19.77,USD,completed,travel,payments
T000000004473,C00000489,A000001097,2026-09-03 15:26:23,purchase,web,10.61,GBP,failed,grocery,payments
T000000004474,C00000137,A000000989,2025-08-21 00:34:56,purchase,mobile,5.36,USD,completed,other,core_banking
T000000004475,C00000851,A000000271,2025-12-04 10:29:14,purchase,mobile,3.79,EUR,completed,utilities,core_banking
T000000004476,C00000321,A000000072,2026-02-04 04:19:49,direct_debit,atm,65.09,GBP,completed,travel,cards
T000000004477,C00000939,A000000504,2026-06-10 08:04:34,transfer,branch,19.23,GBP,completed,travel,core_banking
T000000004478,C00000369,A000000191,2025-11-05 14:55:58,direct_debit,web,82.93,GBP,completed,grocery,core_banking
T000000004479,C00000870,A000000424,2025-08-28 06:37:02,purchase,mobile,19.02,GBP,completed,retail,mobile
T000000004480,C00000538,A000000926,2026-06-25 15:49:41,transfer,web,43.5,GBP,completed,grocery,core_banking
T000000004481,C00000468,A000000854,2026-09-02 06:56:23,cash_withdrawal,atm,26.27,EUR,completed,restaurant,cards
T000000004482,C00000297,A000000304,2025-12-30 12:15:00,transfer,mobile,31.4,USD,completed,travel,core_banking
T000000004483,C00000836,A000000026,2025-03-08 11:01:06,direct_debit,api,33.04,USD,completed,grocery,core_banking
T000000004484,C00000061,A000000328,2025-07-05 09:12:35,purchase,atm,18.77,USD,completed,grocery,core_banking
T000000004485,C00000469,A000000660,2025-10-23 03:01:29,transfer,mobile,8.24,GBP,completed,grocery,core_banking
T000000004486,C00000369,A000001130,2026-03-26 13:49:43,transfer,atm,66.98,GBP,completed,retail,payments
T000000004487,C00000544,A000000530,2026-03-04 23:45:44,purchase,branch,159.69,GBP,completed,grocery,payments
T000000004488,C00000255,A000000415,2026-06-09 15:26:28,direct_debit,branch,171.09,GBP,failed,grocery,cards
T000000004489,C00000665,A000000800,2025-01-20 17:53:56,purchase,mobile,16.76,USD,completed,travel,payments
T000000004490,C00000386,A000000104,2025-10-25 19:17:00,purchase,api,13.88,EUR,completed,utilities,core_banking
T000000004491,C00000189,A000000327,2026-03-24 00:55:01,cash_withdrawal,web,16.74,EUR,completed,travel,cards
T000000004492,C00000197,A000000053,2026-09-23 19:01:33,cash_withdrawal,atm,24.91,GBP,completed,retail,payments
T000000004493,C00000697,A000000763,2025-04-01 05:49:09,direct_debit,mobile,28.36,GBP,completed,retail,cards
T000000004494,C00000262,A000000643,2026-07-16 15:57:18,direct_debit,mobile,10.51,GBP,completed,utilities,mobile
T000000004495,C00000308,A000000845,2025-01-05 23:36:45,purchase,api,6.34,GBP,completed,grocery,cards
T000000004496,C00000627,A000000895,2025-05-06 21:27:41,transfer,web,31.58,GBP,completed,other,mobile
T000000004497,C00000330,A000000573,2026-06-26 09:56:46,refund,mobile,0.74,EUR,completed,grocery,core_banking
T000000004498,C00000389,A000001260,2026-05-18 20:06:45,purchase,atm,26.96,GBP,failed,other,core_banking
T000000004499,C00000245,A000001332,2026-09-14 14:50:47,transfer,mobile,11.11,GBP,completed,travel,core_banking
T000000004500,C00000346,A000000161,2026-01-20 03:11:52,direct_debit,atm,67.98,EUR,completed,retail,payments
T000000004501,C00000693,A000001335,2026-01-29 05:45:28,purchase,api,90.02,GBP,completed,grocery,core_banking
T000000004502,C00000534,A000000286,2025-12-08 22:57:37,direct_debit,mobile,92.28,GBP,completed,retail,core_banking
T000000004503,C00000998,A000000361,2025-11-23 21:57:54,transfer,web,20.83,EUR,completed,other,mobile
T000000004504,C00000772,A000000769,2025-11-25 21:24:06,direct_debit,api,9.1,USD,completed,restaurant,cards
T000000004505,C00000017,A000000043,2025-07-06 09:13:15,transfer,api,12.74,GBP,completed,utilities,core_banking
T000000004506,C00000379,A000000528,2026-06-30 07:42:08,transfer,web,40.53,GBP,completed,retail,core_banking
T000000004507,C00000290,A000000283,2025-08-16 19:20:39,cash_withdrawal,branch,5.32,GBP,completed,other,payments
T000000004508,C00000588,A000000700,2026-01-26 00:29:03,purchase,web,129.44,GBP,pending,restaurant,mobile
T000000004509,C00000266,A000001182,2026-03-04 21:32:22,transfer,mobile,21.18,GBP,completed,travel,payments
T000000004510,C00000967,A000001340,2025-12-10 14:29:43,direct_debit,branch,50.66,GBP,completed,utilities,core_banking
T000000004511,C00000300,A000000308,2026-01-26 15:11:05,refund,mobile,4.62,GBP,completed,retail,cards
T000000004512,C00000522,A000000791,2025-02-01 10:31:19,refund,mobile,11.33,GBP,completed,travel,core_banking
T000000004513,C00000123,A000000688,2025-07-21 23:30:11,transfer,web,4.05,GBP,completed,utilities,mobile
T000000004514,C00000910,A000000602,2025-10-14 17:59:22,transfer,atm,87.55,GBP,completed,retail,payments
T000000004515,C00000912,A000000918,2025-09-09 01:17:31,transfer,mobile,25.32,GBP,completed,grocery,payments
T000000004516,C00000794,A000001435,2026-08-04 12:35:25,transfer,mobile,54.59,GBP,completed,other,core_banking
T000000004517,C00000352,A000000588,2026-07-28 20:37:51,transfer,mobile,32.03,GBP,completed,utilities,core_banking
T000000004518,C00000059,A000000095,2026-03-31 01:50:08,purchase,mobile,49.0,GBP,completed,utilities,payments
T000000004519,C00000711,A000001329,2025-08-14 17:41:05,purchase,api,21.02,GBP,completed,other,cards
T000000004520,C00000430,A000001352,2025-02-02 05:52:20,transfer,web,24.2,GBP,completed,restaurant,core_banking
T000000004521,C00000991,A000000468,2026-04-28 12:09:23,purchase,mobile,27.21,EUR,completed,other,payments
T000000004522,C00000699,A000000728,2026-07-19 21:10:50,purchase,api,45.87,GBP,reversed,restaurant,core_banking
T000000004523,C00000539,A000001251,2025-11-09 11:48:57,purchase,mobile,47.17,GBP,completed,travel,payments
T000000004524,C00000987,A000000731,2026-06-13 00:54:16,direct_debit,web,573.64,GBP,completed,retail,payments
T000000004525,C00000801,A000000698,2026-08-18 00:29:54,refund,atm,175.16,EUR,completed,utilities,core_banking
T000000004526,C00000459,A000001337,2025-12-16 17:40:48,transfer,atm,4.63,GBP,completed,travel,payments
T000000004527,C00000019,A000001202,2025-05-14 22:20:31,refund,mobile,25.78,GBP,completed,travel,core_banking
T000000004528,C00000093,A000000736,2025-01-15 07:00:23,direct_debit,branch,19.57,GBP,completed,utilities,cards
T000000004529,C00000444,A000000235,2026-04-29 22:26:59,purchase,branch,114.91,GBP,completed,retail,mobile
T000000004530,C00000563,A000000636,2025-12-26 10:51:48,purchase,branch,21.51,GBP,completed,grocery,mobile
T000000004531,C00000031,A000000981,2025-04-09 01:24:32,purchase,mobile,48.79,GBP,completed,utilities,core_banking
T000000004532,C00000127,A000000396,2025-02-04 12:44:38,purchase,atm,2.58,GBP,completed,utilities,payments
T000000004533,C00000705,A000000780,2026-09-12 23:22:09,transfer,web,6.11,EUR,completed,restaurant,cards
T000000004534,C00000752,A000000956,2025-07-24 06:00:07,purchase,branch,269.59,GBP,completed,grocery,payments
T000000004535,C00000030,A000000124,2025-07-29 23:03:18,direct_debit,api,31.59,GBP,completed,retail,core_banking
T000000004536,C00000508,A000000826,2026-02-06 15:38:49,transfer,atm,10.5,EUR,completed,other,cards
T000000004537,C00000081,A000001070,2025-08-21 09:30:21,purchase,atm,38.67,GBP,completed,travel,core_banking
T000000004538,C00000724,A000000311,2026-08-07 16:38:33,refund,mobile,9.92,GBP,completed,restaurant,mobile
T000000004539,C00000835,A000000796,2026-03-12 09:37:05,refund,mobile,22.25,GBP,failed,retail,mobile
T000000004540,C00000870,A000001029,2025-08-17 02:02:29,cash_withdrawal,web,6.52,GBP,completed,travel,core_banking
T000000004541,C00000599,A000000065,2025-06-20 20:53:53,direct_debit,mobile,13.09,GBP,completed,restaurant,cards
T000000004542,C00000629,A000000934,2026-07-04 08:58:27,refund,branch,19.35,GBP,completed,restaurant,core_banking
T000000004543,C00000927,A000000377,2026-01-14 13:34:41,transfer,atm,97.2,GBP,completed,other,core_banking
T000000004544,C00000613,A000000577,2026-08-10 17:51:54,direct_debit,web,48.78,GBP,completed,restaurant,core_banking
T000000004545,C00000447,A000000940,2025-08-09 01:59:22,purchase,mobile,58.58,GBP,pending,travel,payments
T000000004546,C00000755,A000000007,2025-01-14 17:19:09,transfer,atm,29.16,GBP,completed,restaurant,core_banking
T000000004547,C00000591,A000000025,2026-07-29 08:45:57,transfer,web,71.09,GBP,completed,grocery,cards
T000000004548,C00000843,A000000648,2025-06-02 13:04:13,purchase,web,11.97,GBP,completed,retail,mobile
T000000004549,C00000525,A000001378,2026-06-25 10:58:15,purchase,web,13.88,GBP,completed,travel,core_banking
T000000004550,C00000870,A000000009,2026-03-30 18:39:51,purchase,mobile,45.97,GBP,completed,utilities,cards
T000000004551,C00000045,A000001144,2025-05-29 04:30:03,purchase,atm,22.35,GBP,pending,restaurant,mobile
T000000004552,C00000037,A000000109,2026-04-29 02:35:00,purchase,mobile,29.53,USD,completed,utilities,payments
T000000004553,C00000100,A000000709,2025-02-22 09:51:46,purchase,web,25.22,GBP,completed,travel,core_banking
T000000004554,C00000557,A000000625,2025-09-08 02:50:13,direct_debit,mobile,111.73,GBP,completed,retail,core_banking
T000000004555,C00000709,A000000679,2025-08-16 05:49:31,transfer,mobile,118.02,GBP,failed,grocery,payments
T000000004556,C00000217,A000000119,2026-02-24 15:46:47,transfer,mobile,15.53,GBP,completed,utilities,core_banking
T000000004557,C00000156,A000001093,2025-12-08 19:39:01,purchase,mobile,4.72,GBP,failed,restaurant,cards
T000000004558,C00000861,A000000400,2026-01-27 16:38:24,direct_debit,api,14.2,EUR,completed,travel,core_banking
T000000004559,C00000751,A000001119,2025-11-01 07:37:31,purchase,atm,11.68,USD,completed,utilities,payments
T000000004560,C00000649,A000000951,2026-04-18 19:32:55,purchase,mobile,71.76,GBP,completed,other,core_banking
T000000004561,C00000489,A000000800,2025-04-13 09:44:46,transfer,mobile,78.77,USD,completed,grocery,core_banking
T000000004562,C00000421,A000000448,2026-04-05 04:20:41,direct_debit,atm,10.15,GBP,completed,other,payments
T000000004563,C00000021,A000000946,2025-02-01 18:08:59,refund,mobile,13.57,GBP,completed,travel,core_banking
T000000004564,C00000189,A000001447,2025-02-24 12:24:09,cash_withdrawal,web,6.34,GBP,failed,travel,cards
T000000004565,C00000897,A000001339,2026-04-08 08:53:38,cash_withdrawal,mobile,34.5,GBP,completed,restaurant,mobile
T000000004566,C00000340,A000001329,2025-04-12 15:51:35,transfer,web,28.58,EUR,completed,retail,cards
T000000004567,C00000705,A000000319,2026-05-08 17:23:39,transfer,api,68.62,GBP,completed,retail,core_banking
T000000004568,C00000704,A000000849,2025-03-26 05:22:07,purchase,mobile,50.5,GBP,completed,travel,mobile
T000000004569,C00000310,A000000577,2025-04-04 02:48:52,purchase,api,56.87,GBP,completed,grocery,core_banking
T000000004570,C00000205,A000001403,2026-08-19 12:24:22,refund,atm,5.94,GBP,completed,other,core_banking
T000000004571,C00000692,A000001378,2025-04-24 01:14:12,refund,api,15.52,GBP,completed,grocery,core_banking
T000000004572,C00000094,A000001259,2026-08-07 15:19:21,purchase,atm,81.15,GBP,completed,grocery,payments
T000000004573,C00000495,A000000236,2025-08-11 10:33:19,purchase,atm,17.02,EUR,completed,restaurant,core_banking
T000000004574,C00000889,A000000463,2026-05-25 05:08:48,purchase,web,5.43,GBP,completed,restaurant,core_banking
T000000004575,C00000712,A000001032,2026-08-24 14:21:58,transfer,atm,69.99,GBP,completed,travel,core_banking
T000000004576,C00000765,A000001087,2025-03-16 09:00:48,purchase,mobile,16.34,USD,completed,restaurant,core_banking
T000000004577,C00000084,A000000508,2025-07-31 09:19:19,transfer,atm,91.45,GBP,completed,restaurant,payments
T000000004578,C00000200,A000000199,2026-01-02 05:11:31,purchase,branch,29.39,GBP,completed,travel,cards
T000000004579,C00000276,A000000199,2026-07-08 16:13:33,purchase,mobile,22.4,EUR,completed,grocery,cards
T000000004580,C00000293,A000000993,2025-04-30 21:40:14,purchase,mobile,125.38,GBP,completed,restaurant,core_banking
T000000004581,C00000195,A000000659,2025-04-30 14:50:53,cash_withdrawal,mobile,7.63,GBP,completed,restaurant,mobile
T000000004582,C00000973,A000000713,2025-08-24 05:40:59,purchase,web,135.09,GBP,completed,retail,core_banking
T000000004583,C00000165,A000001183,2025-05-11 20:00:04,transfer,mobile,15.31,GBP,pending,travel,core_banking
T000000004584,C00000709,A000000025,2025-06-20 02:54:00,transfer,mobile,35.53,GBP,completed,retail,core_banking
T000000004585,C00000587,A000001095,2025-03-24 06:57:16,cash_withdrawal,mobile,35.89,GBP,completed,travel,mobile
T000000004586,C00000611,A000000398,2026-06-14 00:50:37,purchase,web,19.14,GBP,completed,other,cards
T000000004587,C00000215,A000001351,2026-05-25 20:21:40,cash_withdrawal,mobile,13.46,GBP,completed,travel,core_banking
T000000004588,C00000308,A000001386,2025-04-03 01:04:43,purchase,mobile,20.32,GBP,completed,retail,core_banking
T000000004589,C00000607,A000000729,2025-12-09 13:06:36,transfer,mobile,10.33,GBP,completed,utilities,cards
T000000004590,C00000300,A000000458,2026-02-17 04:35:53,transfer,web,235.11,GBP,completed,grocery,core_banking
T000000004591,C00000695,A000000339,2026-02-06 05:05:34,direct_debit,mobile,18.08,GBP,completed,utilities,cards
T000000004592,C00000040,A000000264,2026-09-21 14:35:49,refund,api,101.18,GBP,completed,utilities,core_banking
T000000004593,C00000073,A000001449,2026-02-14 19:17:26,cash_withdrawal,mobile,88.11,GBP,completed,utilities,core_banking
T000000004594,C00000729,A000000272,2026-03-16 00:25:24,direct_debit,mobile,43.86,EUR,completed,utilities,payments
T000000004595,C00000617,A000000648,2025-01-22 03:48:25,purchase,web,25.99,GBP,completed,retail,cards
T000000004596,C00000044,A000000695,2025-02-20 06:52:54,transfer,atm,36.73,EUR,completed,utilities,core_banking
T000000004597,C00000900,A000000985,2026-01-31 22:38:43,purchase,web,54.64,GBP,completed,other,core_banking
T000000004598,C00000005,A000001222,2026-08-04 01:23:45,purchase,mobile,33.3,GBP,completed,retail,payments
T000000004599,C00000956,A000000810,2025-09-12 04:17:02,transfer,web,5.78,GBP,completed,retail,payments
T000000004600,C00000730,A000001100,2026-02-15 09:41:16,cash_withdrawal,web,4.44,GBP,completed,restaurant,payments
T000000004601,C00000989,A000000822,2025-05-15 07:48:52,cash_withdrawal,web,146.12,GBP,completed,grocery,payments
T000000004602,C00000949,A000000634,2025-10-19 01:09:57,direct_debit,api,1.88,GBP,completed,travel,core_banking
T000000004603,C00000314,A000000229,2026-04-26 12:57:52,transfer,api,36.8,GBP,completed,grocery,core_banking
T000000004604,C00000757,A000000303,2026-02-26 14:34:51,direct_debit,web,23.41,EUR,completed,retail,core_banking
T000000004605,C00000211,A000000628,2025-03-14 04:14:52,direct_debit,mobile,35.48,GBP,completed,grocery,core_banking
T000000004606,C00000472,A000000067,2026-07-16 16:31:19,direct_debit,web,9.05,GBP,completed,travel,payments
T000000004607,C00000241,A000000459,2026-08-16 01:21:42,purchase,api,43.3,EUR,reversed,retail,core_banking
T000000004608,C00000487,A000000671,2025-11-01 17:33:07,transfer,api,37.2,GBP,pending,utilities,cards
T000000004609,C00000873,A000000686,2025-08-06 06:13:11,cash_withdrawal,mobile,544.06,GBP,completed,retail,core_banking
T000000004610,C00000437,A000001182,2025-12-06 05:23:03,refund,mobile,34.35,GBP,completed,restaurant,payments
T000000004611,C00000093,A000001404,2026-05-28 04:42:48,purchase,mobile,123.43,GBP,completed,restaurant,payments
T000000004612,C00000325,A000001059,2025-10-17 20:50:38,purchase,atm,6.21,GBP,completed,grocery,payments
T000000004613,C00000787,A000000116,2025-01-20 12:03:01,purchase,web,87.45,USD,completed,restaurant,core_banking
T000000004614,C00000522,A000000593,2025-02-16 16:34:00,purchase,mobile,38.0,GBP,completed,grocery,mobile
T000000004615,C00000561,A000001059,2026-06-03 04:53:41,direct_debit,mobile,39.77,GBP,completed,travel,payments
T000000004616,C00000432,A000000863,2026-05-18 01:21:34,purchase,mobile,40.36,EUR,completed,restaurant,cards
T000000004617,C00000293,A000000664,2026-05-09 00:54:59,purchase,api,179.77,GBP,completed,utilities,cards
T000000004618,C00000599,A000000633,2025-03-22 10:34:42,cash_withdrawal,web,39.17,USD,pending,travel,core_banking
T000000004619,C00000634,A000000589,2025-04-20 07:50:05,purchase,mobile,13.15,EUR,completed,grocery,payments
T000000004620,C00000899,A000000840,2025-09-10 18:25:34,purchase,branch,15.69,GBP,completed,travel,mobile
T000000004621,C00000618,A000000260,2025-05-28 18:55:18,transfer,branch,70.67,GBP,completed,restaurant,core_banking
T000000004622,C00000996,A000000751,2025-09-05 07:27:41,transfer,branch,47.93,GBP,completed,utilities,core_banking
T000000004623,C00000827,A000000299,2025-12-23 10:24:19,refund,atm,6.01,GBP,failed,grocery,core_banking
T000000004624,C00000079,A000000988,2025-06-28 09:09:26,cash_withdrawal,mobile,51.44,GBP,completed,retail,mobile
T000000004625,C00000393,A000001254,2025-03-20 16:12:07,refund,mobile,9.62,GBP,completed,travel,cards
T000000004626,C00000385,A000000737,2025-09-15 15:06:37,purchase,mobile,47.47,GBP,completed,grocery,mobile
T000000004627,C00000004,A000000562,2026-04-07 15:37:33,cash_withdrawal,branch,12.86,GBP,completed,grocery,cards
T000000004628,C00000181,A000001364,2026-01-30 01:19:53,transfer,api,22.3,USD,completed,restaurant,core_banking
T000000004629,C00000763,A000000957,2025-07-25 08:06:38,cash_withdrawal,mobile,16.91,GBP,completed,grocery,cards
T000000004630,C00000353,A000000621,2025-07-18 23:12:23,transfer,atm,147.65,GBP,completed,travel,core_banking
T000000004631,C00000148,A000000042,2026-01-08 08:12:12,purchase,branch,45.69,GBP,completed,other,core_banking
T000000004632,C00000288,A000000024,2025-04-21 04:11:15,purchase,api,112.64,GBP,completed,restaurant,core_banking
T000000004633,C00000275,A000000322,2026-06-17 04:47:26,direct_debit,web,626.39,GBP,completed,utilities,cards
T000000004634,C00000175,A000000343,2026-07-10 00:38:24,direct_debit,mobile,31.47,GBP,completed,restaurant,core_banking
T000000004635,C00000102,A000001047,2025-01-17 18:44:21,purchase,atm,145.05,GBP,completed,grocery,cards
T000000004636,C00000765,A000000726,2026-09-13 00:07:39,transfer,atm,14.38,GBP,completed,travel,payments
T000000004637,C00000825,A000001450,2025-01-15 14:18:25,cash_withdrawal,branch,111.9,GBP,completed,retail,core_banking
T000000004638,C00000497,A000000784,2025-10-21 09:35:21,transfer,atm,12.83,GBP,completed,restaurant,mobile
T000000004639,C00000616,A000001310,2026-03-03 02:16:20,purchase,web,29.39,GBP,completed,grocery,cards
T000000004640,C00000920,A000000801,2025-07-28 21:13:19,direct_debit,branch,52.65,USD,completed,utilities,cards
T000000004641,C00000843,A000000520,2025-05-11 17:48:25,transfer,mobile,62.11,GBP,completed,grocery,core_banking
T000000004642,C00000033,A000001037,2025-01-31 19:40:27,cash_withdrawal,web,7.88,GBP,completed,other,core_banking
T000000004643,C00000953,A000000652,2026-04-10 22:28:46,transfer,mobile,12.06,USD,completed,travel,payments
T000000004644,C00000067,A000000399,2025-01-24 21:53:20,cash_withdrawal,mobile,56.94,GBP,completed,restaurant,mobile
T000000004645,C00000027,A000000687,2025-11-06 16:48:56,purchase,mobile,20.37,GBP,completed,utilities,cards
T000000004646,C00000404,A000000965,2025-09-09 12:48:38,direct_debit,branch,6.91,GBP,completed,retail,core_banking
T000000004647,C00000746,A000000545,2026-09-11 16:43:40,purchase,atm,27.81,GBP,failed,restaurant,payments
T000000004648,C00000081,A000001021,2026-08-18 10:46:11,direct_debit,mobile,26.45,GBP,completed,utilities,mobile
T000000004649,C00000293,A000001423,2026-06-07 04:21:06,direct_debit,web,36.08,GBP,completed,retail,payments
T000000004650,C00000263,A000000597,2026-04-12 09:15:38,transfer,mobile,52.23,USD,completed,utilities,core_banking
T000000004651,C00000398,A000000429,2025-12-13 11:12:20,transfer,web,48.86,GBP,completed,travel,core_banking
T000000004652,C00000987,A000000584,2025-08-12 01:06:50,purchase,mobile,13.38,GBP,completed,restaurant,mobile
T000000004653,C00000332,A000001216,2025-04-17 20:20:21,purchase,web,19.47,USD,completed,restaurant,core_banking
T000000004654,C00000209,A000000260,2026-09-11 21:49:42,transfer,api,79.37,GBP,completed,retail,core_banking
T000000004655,C00000123,A000001412,2025-09-03 10:04:46,purchase,web,16.94,USD,completed,utilities,payments
T000000004656,C00000199,A000000601,2025-10-01 11:54:29,purchase,branch,19.79,USD,completed,restaurant,cards
T000000004657,C00000134,A000001221,2025-04-01 20:10:59,refund,branch,6.18,USD,failed,utilities,core_banking
T000000004658,C00000574,A000001141,2025-06-26 10:55:17,purchase,mobile,29.08,GBP,completed,travel,cards
T000000004659,C00000421,A000001137,2026-02-10 16:30:55,purchase,mobile,43.06,GBP,completed,travel,mobile
T000000004660,C00000498,A000001319,2025-09-30 12:21:50,purchase,mobile,3.76,EUR,completed,other,payments
T000000004661,C00000833,A000000269,2026-01-10 06:30:25,transfer,web,9.74,GBP,failed,restaurant,core_banking
T000000004662,C00000581,A000000861,2025-05-16 19:03:34,transfer,api,6.73,GBP,completed,travel,payments
T000000004663,C00000156,A000000144,2025-02-22 04:37:30,direct_debit,web,68.56,GBP,completed,restaurant,cards
T000000004664,C00000377,A000000435,2026-07-20 05:23:14,transfer,web,4.02,GBP,completed,grocery,core_banking
T000000004665,C00000313,A000000059,2025-10-04 16:35:36,purchase,mobile,27.59,EUR,completed,restaurant,core_banking
T000000004666,C00000827,A000000990,2025-08-19 17:02:15,transfer,mobile,63.67,USD,completed,travel,mobile
T000000004667,C00000308,A000000882,2025-07-02 22:54:25,purchase,api,36.5,GBP,completed,travel,core_banking
T000000004668,C00000139,A000001074,2026-02-25 17:03:30,direct_debit,mobile,18.88,GBP,completed,other,core_banking
T000000004669,C00000737,A000000256,2025-12-26 00:35:34,purchase,atm,43.11,GBP,completed,grocery,payments
T000000004670,C00000429,A000000482,2025-09-06 20:23:21,purchase,mobile,89.02,GBP,completed,restaurant,payments
T000000004671,C00000096,A000000981,2026-08-18 09:56:02,transfer,mobile,26.76,GBP,completed,retail,core_banking
T000000004672,C00000690,A000001199,2026-07-31 00:12:30,purchase,mobile,2.86,GBP,completed,retail,payments
T000000004673,C00000211,A000001285,2025-05-07 13:53:49,transfer,api,99.99,GBP,completed,retail,payments
T000000004674,C00000869,A000000107,2026-02-15 04:05:22,transfer,mobile,45.62,GBP,reversed,other,payments
T000000004675,C00000833,A000000584,2026-09-11 09:59:00,refund,branch,28.94,GBP,completed,utilities,payments
T000000004676,C00000370,A000000016,2025-11-08 11:18:18,purchase,mobile,3.75,GBP,completed,travel,core_banking
T000000004677,C00000556,A000001187,2025-01-20 01:46:52,transfer,branch,21.91,EUR,completed,grocery,payments
T000000004678,C00000568,A000000179,2025-03-26 20:24:46,cash_withdrawal,web,11.95,GBP,completed,travel,cards
T000000004679,C00000654,A000001193,2026-03-03 12:14:54,purchase,branch,8.36,GBP,completed,grocery,core_banking
T000000004680,C00000070,A000000227,2026-07-31 23:09:46,transfer,mobile,25.96,GBP,completed,grocery,core_banking
T000000004681,C00000325,A000000023,2025-03-24 11:09:23,direct_debit,mobile,17.07,GBP,failed,other,cards
T000000004682,C00000171,A000001275,2025-12-16 14:16:36,cash_withdrawal,api,18.29,GBP,reversed,retail,core_banking
T000000004683,C00000698,A000000637,2025-11-14 19:29:46,direct_debit,web,65.14,EUR,completed,other,cards
T000000004684,C00000070,A000000617,2025-07-02 05:05:28,cash_withdrawal,mobile,39.19,GBP,completed,utilities,core_banking
T000000004685,C00000517,A000000938,2026-02-08 21:48:54,purchase,web,17.81,GBP,completed,travel,payments
T000000004686,C00000728,A000000399,2026-07-15 04:25:48,direct_debit,mobile,15.59,GBP,completed,grocery,core_banking
T000000004687,C00000949,A000001002,2025-06-02 23:54:09,purchase,web,18.59,GBP,completed,restaurant,cards
T000000004688,C00000289,A000000623,2025-02-04 15:20:47,transfer,web,23.11,GBP,failed,grocery,cards
T000000004689,C00000008,A000000396,2025-08-18 12:27:00,cash_withdrawal,mobile,55.33,EUR,completed,grocery,core_banking
T000000004690,C00000724,A000000573,2025-07-20 05:02:29,direct_debit,web,10.03,GBP,completed,retail,mobile
T000000004691,C00000002,A000000009,2026-04-10 13:39:29,direct_debit,branch,138.57,EUR,completed,travel,cards
T000000004692,C00000067,A000000438,2025-12-10 13:16:26,purchase,api,55.37,EUR,completed,travel,payments
T000000004693,C00000991,A000000858,2025-01-12 23:36:34,cash_withdrawal,branch,1.69,GBP,completed,utilities,core_banking
T000000004694,C00000863,A000000200,2025-08-06 20:02:07,purchase,web,32.77,GBP,completed,utilities,payments
T000000004695,C00000708,A000000172,2026-04-15 11:35:22,cash_withdrawal,atm,89.37,GBP,completed,retail,payments
T000000004696,C00000836,A000000952,2025-11-01 09:21:20,cash_withdrawal,mobile,45.07,GBP,completed,utilities,core_banking
T000000004697,C00000076,A000000621,2025-12-26 09:17:24,purchase,branch,19.43,GBP,completed,restaurant,mobile
T000000004698,C00000089,A000000199,2025-06-18 09:04:59,direct_debit,mobile,28.1,GBP,completed,grocery,core_banking
T000000004699,C00000301,A000001085,2025-07-24 00:19:33,transfer,mobile,36.13,GBP,pending,retail,payments
T000000004700,C00000024,A000001125,2025-03-25 00:52:02,transfer,branch,67.23,GBP,completed,grocery,cards
T000000004701,C00000889,A000000051,2025-02-22 18:02:01,refund,mobile,6.78,GBP,completed,other,core_banking
T000000004702,C00000057,A000000293,2025-01-24 06:05:52,transfer,branch,15.87,USD,completed,utilities,cards
T000000004703,C00000545,A000000538,2026-02-03 09:52:15,transfer,branch,167.42,GBP,completed,restaurant,core_banking
T000000004704,C00000854,A000001061,2025-04-11 16:45:23,purchase,mobile,31.02,GBP,completed,restaurant,payments
T000000004705,C00000735,A000000108,2026-01-02 14:34:48,purchase,web,149.05,GBP,completed,grocery,payments
T000000004706,C00000235,A000001169,2026-09-01 08:38:57,purchase,branch,688.75,GBP,completed,retail,cards
T000000004707,C00000471,A000000464,2026-03-22 18:03:29,purchase,branch,17.87,GBP,completed,other,core_banking
T000000004708,C00000549,A000000182,2026-01-03 03:47:57,purchase,atm,8.52,GBP,completed,utilities,mobile
T000000004709,C00000768,A000001252,2025-03-16 11:20:36,transfer,mobile,22.67,GBP,completed,utilities,payments
T000000004710,C00000427,A000000126,2025-11-09 02:32:18,transfer,atm,95.01,GBP,failed,other,payments
T000000004711,C00000286,A000000188,2026-07-24 12:45:31,purchase,mobile,110.04,GBP,completed,restaurant,core_banking
T000000004712,C00000796,A000001377,2025-09-03 02:16:52,transfer,mobile,325.57,GBP,failed,restaurant,cards
T000000004713,C00000887,A000000754,2026-06-12 22:35:51,direct_debit,branch,28.83,GBP,completed,restaurant,core_banking
T000000004714,C00000489,A000000672,2026-03-29 15:49:09,purchase,mobile,50.02,GBP,completed,retail,payments
T000000004715,C00000029,A000000997,2025-06-20 05:53:26,transfer,mobile,14.19,GBP,completed,other,core_banking
T000000004716,C00000501,A000000914,2025-04-01 14:42:10,purchase,mobile,2.15,GBP,completed,other,core_banking
T000000004717,C00000890,A000000890,2025-01-11 08:23:58,transfer,atm,28.74,GBP,completed,grocery,core_banking
T000000004718,C00000990,A000000034,2025-06-26 12:26:40,cash_withdrawal,api,8.92,GBP,completed,utilities,core_banking
T000000004719,C00000402,A000000801,2025-08-01 04:00:58,purchase,api,58.88,USD,completed,travel,cards
T000000004720,C00000151,A000000405,2026-02-24 12:00:28,purchase,mobile,4.16,GBP,completed,utilities,payments
T000000004721,C00000573,A000001172,2026-01-01 02:33:45,direct_debit,web,13.79,GBP,completed,restaurant,mobile
T000000004722,C00000831,A000000733,2025-11-03 03:40:31,purchase,atm,39.69,EUR,completed,restaurant,core_banking
T000000004723,C00000946,A000000180,2026-04-07 14:00:58,cash_withdrawal,mobile,44.3,GBP,completed,restaurant,core_banking
T000000004724,C00000052,A000001286,2026-05-08 12:00:52,transfer,web,28.51,GBP,completed,retail,core_banking
T000000004725,C00000291,A000000413,2026-04-01 07:02:45,purchase,mobile,212.88,GBP,completed,grocery,payments
T000000004726,C00000478,A000000394,2026-07-28 01:26:18,cash_withdrawal,web,155.7,EUR,completed,other,mobile
T000000004727,C00000099,A000001358,2025-08-18 10:09:51,transfer,branch,14.61,GBP,completed,grocery,core_banking
T000000004728,C00000887,A000001125,2026-06-11 22:13:14,purchase,mobile,162.37,GBP,completed,travel,core_banking
T000000004729,C00000113,A000001247,2025-09-26 16:59:37,refund,mobile,190.63,EUR,completed,restaurant,mobile
T000000004730,C00000666,A000000961,2025-04-28 01:23:33,transfer,atm,26.31,EUR,completed,retail,cards
T000000004731,C00000919,A000001321,2025-04-04 22:30:33,cash_withdrawal,branch,31.43,GBP,completed,retail,core_banking
T000000004732,C00000686,A000000168,2025-02-28 10:09:53,purchase,mobile,28.41,GBP,completed,grocery,core_banking
T000000004733,C00000764,A000000870,2026-09-03 13:49:08,purchase,mobile,15.22,GBP,completed,travel,core_banking
T000000004734,C00000264,A000000426,2025-04-19 00:00:49,cash_withdrawal,api,16.9,EUR,completed,restaurant,core_banking
T000000004735,C00000828,A000000578,2026-06-18 07:26:31,transfer,branch,119.74,GBP,completed,utilities,payments
T000000004736,C00000419,A000000345,2026-05-16 18:52:03,purchase,web,47.43,EUR,completed,travel,payments
T000000004737,C00000062,A000000298,2025-10-08 07:56:11,cash_withdrawal,branch,16.75,GBP,completed,retail,core_banking
T000000004738,C00000367,A000000642,2026-08-07 03:59:17,transfer,api,11.33,USD,completed,retail,cards
T000000004739,C00000350,A000001332,2026-08-04 02:10:33,purchase,mobile,13.52,GBP,completed,other,core_banking
T000000004740,C00000522,A000000922,2026-08-15 22:11:52,cash_withdrawal,mobile,25.23,GBP,completed,other,core_banking
T000000004741,C00000265,A000000507,2025-11-14 19:30:31,transfer,web,78.17,EUR,completed,retail,core_banking
T000000004742,C00000463,A000000629,2025-07-10 01:03:19,transfer,atm,12.14,GBP,completed,travel,core_banking
T000000004743,C00000428,A000000769,2025-01-28 22:12:19,cash_withdrawal,mobile,77.23,GBP,completed,utilities,mobile
T000000004744,C00000327,A000000355,2026-06-21 19:41:56,transfer,mobile,36.85,GBP,completed,grocery,core_banking
T000000004745,C00000697,A000000756,2026-07-12 08:38:17,direct_debit,mobile,34.81,EUR,completed,utilities,core_banking
T000000004746,C00000306,A000001010,2025-12-09 15:45:33,direct_debit,branch,87.98,GBP,pending,utilities,payments
T000000004747,C00000766,A000000353,2025-02-15 06:11:26,purchase,branch,72.64,GBP,completed,other,core_banking
T000000004748,C00000251,A000000848,2026-06-10 05:59:37,transfer,web,6.86,GBP,completed,retail,core_banking
T000000004749,C00000865,A000001028,2025-07-10 17:08:53,refund,mobile,9.6,EUR,completed,utilities,core_banking
T000000004750,C00000366,A000000754,2025-12-17 04:51:29,direct_debit,atm,23.55,USD,completed,grocery,core_banking
T000000004751,C00000041,A000000424,2026-02-26 08:31:27,purchase,mobile,43.54,GBP,completed,restaurant,core_banking
T000000004752,C00000150,A000000804,2025-04-04 08:35:03,purchase,atm,125.56,GBP,completed,travel,payments
T000000004753,C00000807,A000001151,2025-02-10 03:36:22,purchase,mobile,32.08,GBP,completed,restaurant,core_banking
T000000004754,C00000873,A000000322,2025-02-20 19:52:54,direct_debit,api,179.27,GBP,completed,travel,core_banking
T000000004755,C00000212,A000000834,2026-09-05 16:10:18,direct_debit,web,14.27,GBP,completed,retail,payments
T000000004756,C00000603,A000000987,2026-09-04 20:41:13,direct_debit,branch,17.04,GBP,completed,travel,core_banking
T000000004757,C00000575,A000000467,2025-09-30 12:34:27,purchase,mobile,21.74,GBP,completed,other,core_banking
T000000004758,C00000134,A000000562,2025-09-30 04:12:24,direct_debit,mobile,12.7,GBP,completed,restaurant,core_banking
T000000004759,C00000452,A000001289,2025-09-17 06:42:29,purchase,branch,101.23,GBP,completed,restaurant,core_banking
T000000004760,C00000694,A000000528,2025-08-12 08:28:57,purchase,web,1.64,EUR,completed,travel,cards
T000000004761,C00000968,A000000868,2025-12-14 22:36:25,purchase,atm,17.66,GBP,completed,restaurant,core_banking
T000000004762,C00000848,A000000218,2025-08-16 05:41:59,transfer,web,100.04,EUR,reversed,retail,core_banking
T000000004763,C00000098,A000001343,2026-01-29 16:38:02,transfer,web,21.59,EUR,completed,restaurant,cards
T000000004764,C00000238,A000000866,2025-08-31 02:56:36,purchase,atm,92.44,GBP,completed,travel,payments
T000000004765,C00000437,A000001103,2026-02-07 22:56:36,purchase,web,301.14,GBP,completed,utilities,cards
T000000004766,C00000151,A000000874,2026-08-27 15:30:53,direct_debit,api,32.6,GBP,completed,other,core_banking
T000000004767,C00000571,A000000516,2025-05-12 10:20:10,purchase,web,102.25,GBP,completed,grocery,core_banking
T000000004768,C00000009,A000000494,2025-02-10 08:18:03,transfer,mobile,379.97,GBP,failed,restaurant,core_banking
T000000004769,C00000114,A000001017,2025-12-03 08:30:33,purchase,atm,45.7,GBP,completed,restaurant,core_banking
T000000004770,C00000048,A000001247,2025-03-18 05:24:33,purchase,mobile,28.49,GBP,completed,retail,core_banking
T000000004771,C00000296,A000000186,2025-05-28 14:23:43,purchase,mobile,77.29,EUR,completed,other,cards
T000000004772,C00000763,A000001226,2026-05-20 20:47:02,cash_withdrawal,mobile,103.9,GBP,completed,restaurant,mobile
T000000004773,C00000178,A000001204,2025-09-25 05:47:20,transfer,web,28.77,GBP,completed,utilities,payments
T000000004774,C00000988,A000000159,2025-12-18 17:57:34,purchase,branch,18.03,GBP,completed,travel,core_banking
T000000004775,C00000270,A000000157,2026-05-11 13:35:18,direct_debit,mobile,181.87,EUR,completed,restaurant,payments
T000000004776,C00000045,A000001008,2025-03-24 18:34:12,purchase,mobile,22.55,USD,completed,grocery,core_banking
T000000004777,C00000336,A000001223,2025-11-02 18:28:27,cash_withdrawal,mobile,104.94,GBP,failed,travel,payments
T000000004778,C00000749,A000000572,2025-01-23 00:56:26,purchase,mobile,39.49,GBP,completed,retail,cards
T000000004779,C00000107,A000000929,2025-11-15 00:30:33,direct_debit,mobile,204.04,GBP,completed,travel,payments
T000000004780,C00000072,A000001450,2025-05-24 21:57:47,purchase,mobile,12.29,GBP,completed,utilities,core_banking
T000000004781,C00000850,A000000469,2026-08-06 03:43:48,transfer,atm,12.26,USD,completed,other,payments
T000000004782,C00000593,A000000327,2025-06-16 13:47:37,transfer,branch,73.49,GBP,completed,retail,cards
T000000004783,C00000344,A000001438,2025-05-08 18:04:26,transfer,mobile,9.14,GBP,completed,retail,cards
T000000004784,C00000757,A000000407,2025-01-10 12:05:28,direct_debit,mobile,33.87,GBP,completed,retail,cards
T000000004785,C00000845,A000000686,2025-03-27 00:08:52,purchase,mobile,152.3,GBP,completed,restaurant,core_banking
T000000004786,C00000360,A000000642,2025-05-19 00:15:14,purchase,mobile,4.6,GBP,completed,restaurant,cards
T000000004787,C00000562,A000000759,2025-05-26 16:04:09,direct_debit,web,45.71,GBP,completed,travel,core_banking
T000000004788,C00000011,A000000390,2026-04-17 21:32:38,direct_debit,api,106.95,GBP,completed,other,core_banking
T000000004789,C00000307,A000000985,2026-07-22 08:14:32,transfer,atm,29.16,GBP,completed,utilities,cards
T000000004790,C00000596,A000001004,2026-07-01 13:03:12,transfer,web,11.32,GBP,completed,other,core_banking
T000000004791,C00000198,A000000291,2026-09-04 22:24:37,cash_withdrawal,mobile,22.74,GBP,completed,other,core_banking
T000000004792,C00000992,A000000698,2026-07-28 19:48:13,cash_withdrawal,branch,12.42,USD,completed,utilities,core_banking
T000000004793,C00000972,A000000084,2025-10-19 12:58:20,direct_debit,api,32.22,GBP,completed,restaurant,cards
T000000004794,C00000258,A000000321,2025-09-07 15:43:56,direct_debit,mobile,22.41,GBP,failed,utilities,mobile
T000000004795,C00000397,A000001432,2026-02-19 23:04:15,purchase,atm,17.48,GBP,pending,utilities,cards
T000000004796,C00000190,A000000735,2025-07-24 19:07:14,transfer,mobile,48.88,EUR,completed,utilities,payments
T000000004797,C00000504,A000000903,2026-01-21 09:58:49,transfer,branch,157.29,GBP,completed,travel,core_banking
T000000004798,C00000124,A000001289,2026-10-01 16:37:49,purchase,mobile,42.28,USD,completed,retail,core_banking
T000000004799,C00000391,A000001035,2025-05-07 07:53:38,direct_debit,web,122.84,GBP,completed,restaurant,core_banking
T000000004800,C00000556,A000001149,2026-05-07 22:06:11,transfer,mobile,157.24,GBP,completed,restaurant,core_banking
T000000004801,C00000612,A000001033,2026-08-21 02:14:41,purchase,web,16.18,GBP,completed,retail,mobile
T000000004802,C00000597,A000000724,2025-12-10 05:24:41,transfer,web,39.99,GBP,completed,grocery,core_banking
T000000004803,C00000222,A000000918,2025-08-16 08:18:15,purchase,branch,19.18,GBP,completed,grocery,core_banking
T000000004804,C00000793,A000000419,2025-06-12 04:51:01,purchase,branch,6.32,GBP,completed,other,payments
T000000004805,C00000692,A000001292,2025-04-18 14:16:52,transfer,mobile,43.53,GBP,completed,grocery,payments
T000000004806,C00000754,A000000261,2025-07-25 17:06:03,cash_withdrawal,branch,9.93,GBP,completed,travel,cards
T000000004807,C00000468,A000001282,2026-04-23 21:22:14,transfer,mobile,49.83,GBP,completed,grocery,core_banking
T000000004808,C00000893,A000001274,2025-11-26 12:02:00,purchase,branch,5.85,GBP,completed,travel,mobile
T000000004809,C00000390,A000000207,2025-05-22 14:54:44,transfer,mobile,35.86,GBP,completed,other,core_banking
T000000004810,C00000806,A000001030,2025-12-13 14:22:47,purchase,web,5.76,GBP,completed,travel,core_banking
T000000004811,C00000204,A000001436,2026-06-01 00:04:54,direct_debit,web,60.8,GBP,completed,other,payments
T000000004812,C00000248,A000000830,2025-01-09 17:00:18,purchase,api,19.83,GBP,completed,restaurant,mobile
T000000004813,C00000527,A000000494,2025-01-14 00:33:29,direct_debit,branch,17.92,USD,completed,restaurant,mobile
T000000004814,C00000556,A000001276,2026-09-06 13:08:17,purchase,mobile,97.79,GBP,completed,travel,cards
T000000004815,C00000747,A000000744,2026-04-24 23:59:42,purchase,branch,21.38,GBP,completed,other,payments
T000000004816,C00000298,A000000177,2026-01-03 18:54:16,transfer,mobile,33.66,GBP,completed,utilities,core_banking
T000000004817,C00000873,A000000362,2026-08-02 12:09:19,cash_withdrawal,mobile,24.32,GBP,completed,restaurant,payments
T000000004818,C00000330,A000000990,2026-01-12 07:39:10,refund,web,51.05,GBP,completed,retail,payments
T000000004819,C00000535,A000000661,2025-11-29 20:05:34,transfer,atm,89.58,GBP,completed,utilities,core_banking
T000000004820,C00000932,A000000315,2025-05-16 20:36:56,purchase,api,72.05,GBP,completed,utilities,core_banking
T000000004821,C00000540,A000001159,2026-06-03 08:49:56,purchase,api,18.36,GBP,completed,utilities,payments
T000000004822,C00000682,A000000175,2026-05-04 02:35:03,transfer,mobile,106.64,GBP,completed,utilities,core_banking
T000000004823,C00000909,A000000318,2025-07-08 13:58:25,purchase,mobile,11.45,GBP,completed,restaurant,mobile
T000000004824,C00000975,A000000676,2026-04-17 15:12:57,direct_debit,atm,13.74,GBP,completed,other,payments
T000000004825,C00000500,A000000058,2026-04-10 22:25:03,transfer,mobile,26.2,GBP,completed,other,payments
T000000004826,C00000417,A000000562,2025-03-02 21:21:47,cash_withdrawal,web,89.94,GBP,completed,travel,core_banking
T000000004827,C00000197,A000001320,2025-04-13 05:29:51,direct_debit,api,8.77,GBP,completed,other,payments
T000000004828,C00000538,A000001365,2026-01-16 06:03:52,purchase,mobile,76.41,GBP,completed,retail,payments
T000000004829,C00000919,A000001265,2026-02-03 23:55:40,purchase,web,28.29,GBP,completed,travel,core_banking
T000000004830,C00000488,A000000470,2026-02-25 07:50:38,direct_debit,atm,19.0,USD,completed,travel,core_banking
T000000004831,C00000349,A000000095,2025-08-27 11:00:04,purchase,branch,94.89,EUR,completed,restaurant,payments
T000000004832,C00000108,A000001182,2026-06-18 07:19:50,transfer,api,12.9,GBP,completed,retail,core_banking
T000000004833,C00000390,A000000542,2025-10-12 09:26:24,direct_debit,branch,330.29,GBP,completed,restaurant,core_banking
T000000004834,C00000237,A000001086,2025-05-12 13:32:32,purchase,mobile,24.89,GBP,completed,other,core_banking
T000000004835,C00000977,A000000173,2025-03-15 07:01:08,direct_debit,atm,35.07,GBP,completed,utilities,core_banking
T000000004836,C00000528,A000000969,2026-07-15 09:54:32,purchase,atm,151.42,EUR,completed,travel,cards
T000000004837,C00000137,A000000851,2026-03-28 08:27:48,transfer,api,36.04,GBP,completed,grocery,core_banking
T000000004838,C00000068,A000001335,2025-10-22 02:35:27,purchase,web,104.41,GBP,completed,other,cards
T000000004839,C00000851,A000000148,2025-05-14 18:52:50,transfer,web,3.85,EUR,completed,travel,payments
T000000004840,C00000932,A000000592,2025-03-03 21:23:27,purchase,mobile,18.83,EUR,completed,grocery,cards
T000000004841,C00000764,A000001436,2025-04-08 11:48:30,purchase,mobile,45.45,GBP,completed,retail,cards
T000000004842,C00000124,A000000566,2025-03-09 04:54:44,purchase,api,93.27,GBP,completed,restaurant,core_banking
T000000004843,C00000099,A000000955,2025-12-05 15:26:00,purchase,api,67.23,GBP,reversed,grocery,core_banking
T000000004844,C00000198,A000000234,2025-05-07 12:49:04,transfer,web,60.94,GBP,completed,restaurant,cards
T000000004845,C00000752,A000001057,2025-03-23 13:13:45,purchase,api,91.3,EUR,completed,retail,payments
T000000004846,C00000766,A000000400,2025-06-30 14:16:31,purchase,mobile,49.34,GBP,completed,other,payments
T000000004847,C00000838,A000000830,2026-03-23 17:13:46,purchase,atm,3.16,GBP,completed,retail,cards
T000000004848,C00000097,A000001276,2025-11-14 00:58:40,purchase,branch,136.23,GBP,completed,utilities,core_banking
T000000004849,C00000154,A000000959,2025-04-09 02:23:09,purchase,branch,12.43,USD,completed,retail,payments
T000000004850,C00000901,A000000688,2026-04-24 02:17:49,purchase,branch,41.65,GBP,completed,restaurant,mobile
T000000004851,C00000929,A000000276,2025-11-09 03:42:40,transfer,branch,36.24,GBP,pending,grocery,mobile
T000000004852,C00000726,A000000495,2025-04-30 23:19:13,cash_withdrawal,atm,31.49,EUR,completed,grocery,mobile
T000000004853,C00000107,A000001232,2026-03-18 17:31:14,transfer,web,9.38,EUR,completed,utilities,core_banking
T000000004854,C00000069,A000000314,2026-09-27 15:56:53,purchase,atm,3.91,GBP,completed,retail,payments
T000000004855,C00000056,A000000952,2025-12-12 16:46:20,direct_debit,mobile,10.46,GBP,completed,travel,core_banking
T000000004856,C00000692,A000000704,2025-04-14 00:48:20,transfer,mobile,71.35,USD,completed,restaurant,core_banking
T000000004857,C00000846,A000000466,2025-07-17 05:07:10,transfer,branch,6.56,GBP,completed,restaurant,payments
T000000004858,C00000632,A000001040,2026-01-19 19:03:38,purchase,atm,11.89,GBP,completed,grocery,core_banking
T000000004859,C00000263,A000000526,2026-10-01 11:06:22,purchase,api,46.48,GBP,completed,travel,core_banking
T000000004860,C00000758,A000000416,2026-08-17 12:12:18,transfer,mobile,10.19,EUR,completed,restaurant,core_banking
T000000004861,C00000060,A000000768,2026-08-20 18:00:21,purchase,mobile,16.94,USD,completed,retail,core_banking
T000000004862,C00000829,A000001099,2026-06-16 01:48:17,transfer,web,32.65,GBP,completed,travel,core_banking
T000000004863,C00000892,A000001254,2026-01-03 19:10:03,purchase,atm,40.32,GBP,completed,utilities,cards
T000000004864,C00000719,A000000914,2026-02-19 16:20:16,purchase,api,9.98,GBP,completed,retail,core_banking
T000000004865,C00000880,A000000960,2026-04-14 09:41:12,purchase,atm,34.74,GBP,completed,grocery,cards
T000000004866,C00000587,A000001142,2026-04-03 11:59:03,purchase,web,45.55,EUR,completed,utilities,cards
T000000004867,C00000469,A000000391,2026-02-13 01:46:54,purchase,atm,7.87,GBP,completed,restaurant,core_banking
T000000004868,C00000323,A000000364,2025-03-27 04:55:05,purchase,mobile,37.55,GBP,pending,grocery,payments
T000000004869,C00000922,A000000702,2026-07-17 05:54:46,transfer,api,14.12,GBP,completed,travel,core_banking
T000000004870,C00000698,A000000915,2025-01-07 21:03:53,purchase,web,34.13,GBP,completed,utilities,payments
T000000004871,C00000191,A000000937,2025-09-30 02:42:17,transfer,web,64.02,GBP,completed,restaurant,mobile
T000000004872,C00000957,A000000223,2025-10-05 06:59:35,direct_debit,web,24.9,GBP,completed,other,mobile
T000000004873,C00000060,A000001132,2026-09-29 03:09:43,direct_debit,atm,78.19,GBP,failed,utilities,cards
T000000004874,C00000588,A000000528,2025-02-27 06:49:45,transfer,mobile,68.74,GBP,completed,grocery,payments
T000000004875,C00000191,A000001273,2025-11-01 00:15:17,purchase,mobile,77.73,GBP,completed,retail,core_banking
T000000004876,C00000665,A000001051,2025-08-17 06:32:47,cash_withdrawal,atm,45.75,GBP,completed,travel,mobile
T000000004877,C00000413,A000001426,2025-03-04 17:22:11,direct_debit,api,95.18,GBP,pending,other,core_banking
T000000004878,C00000438,A000000916,2025-05-23 18:25:08,transfer,branch,44.9,GBP,failed,grocery,cards
T000000004879,C00000672,A000000765,2025-09-27 09:06:19,purchase,mobile,5.2,GBP,completed,retail,cards
T000000004880,C00000757,A000000273,2026-08-09 16:56:48,cash_withdrawal,branch,13.04,EUR,completed,utilities,payments
T000000004881,C00000381,A000000579,2025-09-06 14:50:54,purchase,mobile,24.0,GBP,completed,travel,payments
T000000004882,C00000998,A000001245,2026-07-17 21:40:31,cash_withdrawal,mobile,27.34,GBP,completed,restaurant,core_banking
T000000004883,C00000499,A000000554,2026-04-14 19:18:41,purchase,mobile,43.62,GBP,completed,grocery,core_banking
T000000004884,C00000161,A000000078,2026-06-08 05:30:14,purchase,web,12.84,GBP,completed,other,payments
T000000004885,C00000007,A000000356,2026-06-30 14:07:37,cash_withdrawal,mobile,246.94,GBP,completed,retail,mobile
T000000004886,C00000203,A000000864,2026-04-02 18:52:21,transfer,mobile,26.91,GBP,completed,retail,core_banking
T000000004887,C00000692,A000000913,2026-04-14 07:20:07,transfer,mobile,29.72,GBP,completed,other,payments
T000000004888,C00000540,A000001427,2025-04-09 13:45:11,direct_debit,branch,14.82,GBP,completed,grocery,cards
T000000004889,C00000338,A000001355,2026-04-04 09:36:21,direct_debit,mobile,10.45,GBP,pending,retail,core_banking
T000000004890,C00000482,A000000771,2025-01-31 07:24:29,transfer,mobile,26.24,GBP,completed,grocery,core_banking
T000000004891,C00000839,A000000805,2026-04-17 04:47:03,refund,web,30.84,GBP,failed,utilities,payments
T000000004892,C00000572,A000001161,2026-02-22 00:51:03,purchase,atm,27.35,GBP,completed,travel,core_banking
T000000004893,C00000059,A000000071,2026-04-29 17:59:46,purchase,atm,170.36,GBP,completed,restaurant,payments
T000000004894,C00000050,A000000864,2026-02-15 19:39:17,direct_debit,web,26.24,GBP,completed,utilities,core_banking
T000000004895,C00000483,A000000688,2025-08-24 15:38:29,purchase,branch,27.38,USD,completed,utilities,cards
T000000004896,C00000405,A000001136,2025-08-25 05:47:08,direct_debit,atm,70.53,GBP,reversed,other,core_banking
T000000004897,C00000851,A000001161,2026-01-16 00:27:06,purchase,branch,25.04,GBP,completed,other,payments
T000000004898,C00000583,A000000951,2025-10-30 15:09:42,purchase,web,52.79,USD,completed,travel,core_banking
T000000004899,C00000757,A000000954,2025-08-06 04:47:52,purchase,mobile,7.82,GBP,completed,utilities,core_banking
T000000004900,C00000586,A000001003,2025-11-09 13:10:22,transfer,mobile,7.89,GBP,completed,restaurant,cards
T000000004901,C00000346,A000000842,2025-12-09 23:17:07,direct_debit,mobile,34.06,USD,completed,grocery,cards
T000000004902,C00000658,A000000331,2025-06-03 00:06:24,purchase,web,23.5,GBP,completed,retail,cards
T000000004903,C00000622,A000000413,2026-02-12 13:51:10,purchase,api,12.81,GBP,completed,utilities,core_banking
T000000004904,C00000721,A000001076,2025-07-20 23:51:51,purchase,mobile,34.05,GBP,completed,other,core_banking
T000000004905,C00000190,A000000897,2025-06-21 08:01:23,purchase,web,37.32,USD,completed,grocery,core_banking
T000000004906,C00000642,A000000345,2025-09-25 19:32:38,transfer,api,14.22,GBP,completed,other,core_banking
T000000004907,C00000286,A000001273,2025-03-07 19:52:29,transfer,branch,17.38,GBP,completed,travel,core_banking
T000000004908,C00000791,A000001422,2026-01-21 11:40:31,purchase,mobile,37.62,GBP,completed,other,core_banking
T000000004909,C00000799,A000000908,2026-04-14 07:21:52,purchase,api,10.26,USD,completed,utilities,cards
T000000004910,C00000625,A000000331,2026-09-03 16:19:41,transfer,mobile,15.89,GBP,completed,retail,core_banking
T000000004911,C00000947,A000001361,2025-07-01 14:52:00,purchase,mobile,52.49,GBP,completed,grocery,core_banking
T000000004912,C00000538,A000000344,2025-12-11 11:26:17,purchase,web,29.22,GBP,completed,retail,payments
T000000004913,C00000026,A000000628,2025-11-18 04:37:32,transfer,mobile,18.15,GBP,pending,restaurant,payments
T000000004914,C00000607,A000001246,2026-04-13 17:52:12,purchase,atm,11.61,GBP,completed,travel,cards
T000000004915,C00000778,A000000755,2026-02-04 05:04:23,purchase,mobile,10.34,GBP,completed,restaurant,core_banking
T000000004916,C00000102,A000000353,2026-05-31 03:13:25,purchase,atm,26.09,EUR,completed,travel,cards
T000000004917,C00000105,A000000117,2026-06-28 01:36:47,cash_withdrawal,mobile,251.41,GBP,completed,grocery,core_banking
T000000004918,C00000274,A000000524,2025-03-14 10:42:44,purchase,api,54.28,GBP,completed,utilities,cards
T000000004919,C00000845,A000000975,2025-08-15 02:52:56,direct_debit,mobile,7.39,EUR,completed,restaurant,mobile
T000000004920,C00000528,A000001037,2026-02-22 08:03:10,transfer,api,62.96,GBP,completed,other,cards
T000000004921,C00000977,A000000324,2025-12-14 05:48:11,transfer,mobile,13.51,GBP,completed,utilities,mobile
T000000004922,C00000873,A000000231,2025-11-05 11:01:54,cash_withdrawal,atm,29.81,GBP,completed,utilities,core_banking
T000000004923,C00000555,A000001018,2025-04-21 18:39:46,purchase,atm,16.15,GBP,completed,restaurant,core_banking
T000000004924,C00000680,A000000231,2026-01-01 10:48:40,purchase,web,250.61,GBP,completed,retail,core_banking
T000000004925,C00000332,A000000094,2026-04-19 13:22:13,purchase,mobile,9.11,GBP,completed,grocery,core_banking
T000000004926,C00000091,A000000706,2025-01-25 03:26:03,transfer,branch,41.65,GBP,completed,travel,core_banking
T000000004927,C00000399,A000000828,2026-01-14 02:42:48,transfer,branch,14.59,GBP,completed,retail,mobile
T000000004928,C00000593,A000000354,2026-08-03 23:26:08,direct_debit,web,65.09,GBP,completed,utilities,cards
T000000004929,C00000183,A000000307,2026-01-02 14:52:45,transfer,branch,40.78,GBP,completed,travel,mobile
T000000004930,C00000222,A000000342,2026-09-01 00:22:18,purchase,api,111.86,USD,completed,travel,payments
T000000004931,C00000015,A000000498,2025-08-14 13:33:48,purchase,api,63.69,GBP,completed,other,payments
T000000004932,C00000735,A000000014,2025-01-03 00:14:30,purchase,web,14.47,USD,completed,grocery,mobile
T000000004933,C00000900,A000000018,2026-03-12 01:51:08,direct_debit,mobile,640.35,GBP,failed,restaurant,core_banking
T000000004934,C00000828,A000000538,2025-05-16 08:57:45,purchase,mobile,53.69,GBP,reversed,grocery,payments
T000000004935,C00000380,A000000029,2025-01-07 15:45:17,direct_debit,branch,16.81,GBP,completed,travel,payments
T000000004936,C00000594,A000000462,2025-04-26 14:53:20,purchase,api,37.18,EUR,completed,other,cards
T000000004937,C00000961,A000000843,2026-08-20 18:59:01,transfer,web,58.11,USD,completed,other,cards
T000000004938,C00000592,A000000046,2026-05-15 04:18:42,purchase,mobile,55.84,GBP,completed,retail,mobile
T000000004939,C00000296,A000000896,2025-06-25 04:36:00,cash_withdrawal,mobile,50.44,GBP,completed,grocery,mobile
T000000004940,C00000339,A000000901,2026-01-18 12:47:47,purchase,web,82.67,GBP,completed,other,core_banking
T000000004941,C00000728,A000000832,2025-08-05 20:50:55,transfer,api,74.56,GBP,failed,other,core_banking
T000000004942,C00000447,A000000909,2025-04-24 17:20:47,direct_debit,branch,12.31,USD,completed,retail,core_banking
T000000004943,C00000838,A000001174,2026-09-24 16:03:46,transfer,mobile,274.09,GBP,completed,grocery,payments
T000000004944,C00000865,A000000103,2026-06-05 02:15:26,purchase,mobile,236.83,GBP,completed,restaurant,core_banking
T000000004945,C00000036,A000000245,2025-08-21 21:04:19,direct_debit,mobile,69.48,GBP,completed,restaurant,cards
T000000004946,C00000724,A000000460,2025-08-14 23:37:34,purchase,branch,31.21,GBP,completed,restaurant,core_banking
T000000004947,C00000370,A000000998,2026-06-06 13:58:29,purchase,branch,31.78,GBP,completed,restaurant,mobile
T000000004948,C00000520,A000001266,2025-10-22 08:04:50,transfer,mobile,21.33,GBP,completed,other,payments
T000000004949,C00000265,A000001333,2025-08-29 15:54:03,direct_debit,mobile,24.43,GBP,reversed,utilities,cards
T000000004950,C00000369,A000000845,2025-09-05 15:25:04,purchase,api,3.02,GBP,completed,grocery,core_banking
T000000004951,C00000331,A000000595,2025-10-13 22:17:54,cash_withdrawal,atm,149.42,GBP,completed,restaurant,payments
T000000004952,C00000051,A000000598,2025-11-30 02:39:26,cash_withdrawal,web,103.16,USD,pending,travel,core_banking
T000000004953,C00000783,A000000087,2025-01-26 12:21:56,transfer,web,5.15,GBP,completed,utilities,cards
T000000004954,C00000144,A000000675,2025-11-03 17:01:39,purchase,api,76.29,USD,completed,grocery,mobile
T000000004955,C00000376,A000000744,2025-10-09 08:22:33,cash_withdrawal,branch,29.72,GBP,failed,grocery,cards
T000000004956,C00000194,A000000303,2025-06-25 20:10:15,purchase,api,24.31,EUR,completed,retail,mobile
T000000004957,C00000161,A000001114,2025-08-16 01:33:12,purchase,mobile,50.27,GBP,completed,utilities,core_banking
T000000004958,C00000374,A000001178,2025-09-29 02:31:36,purchase,mobile,4.81,EUR,completed,grocery,cards
T000000004959,C00000919,A000000438,2025-08-22 18:58:48,direct_debit,mobile,29.61,GBP,completed,restaurant,mobile
T000000004960,C00000945,A000001326,2026-08-04 03:01:14,purchase,atm,32.57,GBP,completed,utilities,payments
T000000004961,C00000382,A000000156,2025-12-04 10:02:38,purchase,branch,32.61,GBP,completed,restaurant,mobile
T000000004962,C00000506,A000001321,2025-11-18 06:44:42,purchase,mobile,7.13,GBP,completed,retail,payments
T000000004963,C00000986,A000001114,2025-06-18 16:30:54,purchase,api,47.91,USD,completed,utilities,core_banking
T000000004964,C00000235,A000000325,2026-08-09 00:17:11,refund,api,91.18,GBP,completed,other,core_banking
T000000004965,C00000945,A000000943,2025-01-15 08:33:53,transfer,mobile,45.96,GBP,completed,travel,payments
T000000004966,C00000106,A000000451,2025-12-18 23:39:54,cash_withdrawal,branch,23.56,GBP,completed,restaurant,payments
T000000004967,C00000226,A000001160,2025-04-18 08:51:08,cash_withdrawal,branch,504.46,GBP,completed,utilities,payments
T000000004968,C00000339,A000000233,2026-05-07 14:21:40,purchase,mobile,11.35,EUR,completed,restaurant,core_banking
T000000004969,C00000038,A000000356,2025-08-30 23:42:48,direct_debit,branch,67.5,EUR,completed,utilities,cards
T000000004970,C00000816,A000000446,2025-07-07 14:34:55,refund,mobile,38.68,GBP,pending,restaurant,cards
T000000004971,C00000856,A000000290,2025-02-07 18:07:10,cash_withdrawal,api,247.88,GBP,completed,restaurant,core_banking
T000000004972,C00000384,A000000483,2026-05-21 23:00:54,cash_withdrawal,atm,44.97,GBP,completed,grocery,cards
T000000004973,C00000837,A000000874,2025-09-11 14:48:46,purchase,api,56.33,GBP,completed,grocery,mobile
T000000004974,C00000773,A000000919,2025-06-18 19:58:07,direct_debit,atm,50.96,EUR,completed,grocery,cards
T000000004975,C00000802,A000000804,2026-06-24 12:11:52,purchase,mobile,9.86,GBP,completed,other,core_banking
T000000004976,C00000803,A000000275,2025-01-13 19:32:30,cash_withdrawal,web,12.03,GBP,completed,retail,cards
T000000004977,C00000574,A000000294,2025-10-27 15:24:26,purchase,branch,22.43,GBP,completed,other,core_banking
T000000004978,C00000111,A000001334,2025-04-13 08:08:53,transfer,mobile,81.88,GBP,pending,other,payments
T000000004979,C00000924,A000000365,2025-03-23 13:23:51,direct_debit,branch,38.27,GBP,completed,retail,mobile
T000000004980,C00000609,A000000150,2025-01-14 08:02:12,transfer,mobile,24.12,GBP,completed,grocery,payments
T000000004981,C00000902,A000000659,2025-04-30 09:31:47,purchase,mobile,126.57,GBP,completed,other,payments
T000000004982,C00000960,A000000010,2026-08-29 07:00:06,cash_withdrawal,web,3.74,USD,completed,retail,payments
T000000004983,C00000188,A000000497,2025-10-12 11:47:11,direct_debit,branch,7.69,GBP,completed,travel,core_banking
T000000004984,C00000403,A000001240,2026-10-01 08:19:14,transfer,web,2.18,EUR,completed,restaurant,cards
T000000004985,C00000193,A000000388,2025-06-20 15:01:28,direct_debit,branch,106.56,GBP,completed,retail,cards
T000000004986,C00000051,A000001021,2026-05-03 08:52:05,direct_debit,web,27.07,GBP,completed,travel,core_banking
T000000004987,C00000967,A000000711,2025-02-27 11:47:02,direct_debit,atm,82.65,GBP,completed,retail,core_banking
T000000004988,C00000924,A000000516,2025-03-11 03:21:36,purchase,branch,26.72,GBP,completed,other,payments
T000000004989,C00000932,A000000960,2025-01-11 09:16:41,transfer,web,87.74,EUR,completed,travel,core_banking
T000000004990,C00000884,A000000864,2026-07-29 08:32:33,direct_debit,web,26.23,GBP,completed,other,core_banking
T000000004991,C00000649,A000000462,2026-03-06 23:03:55,direct_debit,web,46.08,GBP,completed,utilities,cards
T000000004992,C00000523,A000000325,2026-04-21 10:43:18,purchase,mobile,39.52,GBP,completed,grocery,mobile
T000000004993,C00000992,A000001330,2026-08-16 00:31:00,purchase,branch,42.72,GBP,completed,grocery,core_banking
T000000004994,C00000553,A000000245,2025-08-01 07:25:27,purchase,mobile,175.73,GBP,completed,utilities,payments
T000000004995,C00000643,A000001392,2026-04-07 17:30:22,cash_withdrawal,atm,5.44,GBP,completed,grocery,core_banking
T000000004996,C00000212,A000000684,2025-11-17 03:58:05,direct_debit,atm,27.89,GBP,completed,grocery,core_banking
T000000004997,C00000747,A000001446,2025-12-13 03:54:41,transfer,web,36.89,GBP,completed,retail,core_banking
T000000004998,C00000820,A000000513,2026-02-27 08:57:42,purchase,atm,31.52,GBP,completed,retail,core_banking
T000000004999,C00000679,A000000820,2025-10-28 08:33:45,purchase,branch,19.73,GBP,completed,other,core_banking
T000000005000,C00000499,A000000893,2025-01-16 11:32:30,direct_debit,mobile,17.09,GBP,completed,other,core_banking
